# 1: Detection or Track-id, 2: Video or Image Identifier, 3: Unique Frame Identifier, 4-7: Img-bbox(TL_x, TL_y, BR_x, BR_y), 8: Detection or Length Confidence, 9: Target Length (0 or -1 if invalid), 10-11+: Repeated Species, Confidence Pairs or Attributes
# metadata,exec_time: 0,exported_by: python_yolo_script,exported_at: Fri Mar  6 20:12:00 2026,,,,,,,,
1,\\akc0ss-n086\NMML_Polar_Imagery_4\Surveys_IceSeals_2025\fl223\images_30deg_N68RF\right_view\ice_seals_2025_fl223_R_20250513_223200.629457_ir.tif,152,112.427,236.409,121.827,246.151,0.69376,0,hotspot,0.69376
2,\\akc0ss-n086\NMML_Polar_Imagery_4\Surveys_IceSeals_2025\fl223\images_30deg_N68RF\right_view\ice_seals_2025_fl223_R_20250513_224042.082423_ir.tif,604,81.512,397.118,90.526,408.022,0.16218,0,hotspot,0.16218
3,\\akc0ss-n086\NMML_Polar_Imagery_4\Surveys_IceSeals_2025\fl223\images_30deg_N68RF\right_view\ice_seals_2025_fl223_R_20250513_224146.695516_ir.tif,661,448.900,242.548,460.516,251.117,0.63941,0,hotspot,0.63941
4,\\akc0ss-n086\NMML_Polar_Imagery_4\Surveys_IceSeals_2025\fl223\images_30deg_N68RF\right_view\ice_seals_2025_fl223_R_20250513_224146.695516_ir.tif,661,448.058,241.928,461.591,252.436,0.13407,0,hotspot,0.13407
5,\\akc0ss-n086\NMML_Polar_Imagery_4\Surveys_IceSeals_2025\fl223\images_30deg_N68RF\right_view\ice_seals_2025_fl223_R_20250513_224234.621467_ir.tif,703,271.592,0.060,281.369,8.904,0.33407,0,hotspot,0.33407
6,\\akc0ss-n086\NMML_Polar_Imagery_4\Surveys_IceSeals_2025\fl223\images_30deg_N68RF\right_view\ice_seals_2025_fl223_R_20250513_224235.767635_ir.tif,704,280.918,420.653,291.455,432.600,0.28785,0,hotspot,0.28785
7,\\akc0ss-n086\NMML_Polar_Imagery_4\Surveys_IceSeals_2025\fl223\images_30deg_N68RF\right_view\ice_seals_2025_fl223_R_20250513_224604.755563_ir.tif,887,541.703,74.035,551.575,83.806,0.54437,0,hotspot,0.54437
8,\\akc0ss-n086\NMML_Polar_Imagery_4\Surveys_IceSeals_2025\fl223\images_30deg_N68RF\right_view\ice_seals_2025_fl223_R_20250513_224605.892651_ir.tif,888,505.099,366.388,514.861,376.167,0.60686,0,hotspot,0.60686
9,\\akc0ss-n086\NMML_Polar_Imagery_4\Surveys_IceSeals_2025\fl223\images_30deg_N68RF\right_view\ice_seals_2025_fl223_R_20250513_224605.892651_ir.tif,888,547.664,453.557,557.249,463.722,0.35133,0,hotspot,0.35133
10,\\akc0ss-n086\NMML_Polar_Imagery_4\Surveys_IceSeals_2025\fl223\images_30deg_N68RF\right_view\ice_seals_2025_fl223_R_20250513_224640.969923_ir.tif,919,186.814,49.725,196.024,59.610,0.66555,0,hotspot,0.66555
11,\\akc0ss-n086\NMML_Polar_Imagery_4\Surveys_IceSeals_2025\fl223\images_30deg_N68RF\right_view\ice_seals_2025_fl223_R_20250513_224642.100353_ir.tif,920,190.394,479.043,198.883,488.655,0.74335,0,hotspot,0.74335
12,\\akc0ss-n086\NMML_Polar_Imagery_4\Surveys_IceSeals_2025\fl223\images_30deg_N68RF\right_view\ice_seals_2025_fl223_R_20250513_224725.239752_ir.tif,958,615.646,137.359,626.667,149.647,0.75192,0,hotspot,0.75192
13,\\akc0ss-n086\NMML_Polar_Imagery_4\Surveys_IceSeals_2025\fl223\images_30deg_N68RF\right_view\ice_seals_2025_fl223_R_20250513_224726.371680_ir.tif,959,617.069,505.437,627.622,512.000,0.60190,0,hotspot,0.60190
14,\\akc0ss-n086\NMML_Polar_Imagery_4\Surveys_IceSeals_2025\fl223\images_30deg_N68RF\right_view\ice_seals_2025_fl223_R_20250513_224818.215675_ir.tif,1005,385.907,124.614,395.353,135.576,0.68424,0,hotspot,0.68424
15,\\akc0ss-n086\NMML_Polar_Imagery_4\Surveys_IceSeals_2025\fl223\images_30deg_N68RF\right_view\ice_seals_2025_fl223_R_20250513_224852.810384_ir.tif,1036,360.285,276.940,368.833,290.639,0.10140,0,hotspot,0.10140
16,\\akc0ss-n086\NMML_Polar_Imagery_4\Surveys_IceSeals_2025\fl223\images_30deg_N68RF\right_view\ice_seals_2025_fl223_R_20250513_224924.968879_ir.tif,1065,382.230,347.907,390.573,360.309,0.22519,0,hotspot,0.22519
17,\\akc0ss-n086\NMML_Polar_Imagery_4\Surveys_IceSeals_2025\fl223\images_30deg_N68RF\right_view\ice_seals_2025_fl223_R_20250513_225032.490092_ir.tif,1126,386.676,418.674,395.699,430.746,0.21436,0,hotspot,0.21436
18,\\akc0ss-n086\NMML_Polar_Imagery_4\Surveys_IceSeals_2025\fl223\images_30deg_N68RF\right_view\ice_seals_2025_fl223_R_20250513_225210.372127_ir.tif,1153,89.473,434.173,101.900,444.185,0.10790,0,hotspot,0.10790
19,\\akc0ss-n086\NMML_Polar_Imagery_4\Surveys_IceSeals_2025\fl223\images_30deg_N68RF\right_view\ice_seals_2025_fl223_R_20250513_225314.138957_ir.tif,1211,561.044,214.106,570.904,223.278,0.68610,0,hotspot,0.68610
20,\\akc0ss-n086\NMML_Polar_Imagery_4\Surveys_IceSeals_2025\fl223\images_30deg_N68RF\right_view\ice_seals_2025_fl223_R_20250513_225423.077317_ir.tif,1274,469.530,33.770,479.431,44.318,0.70514,0,hotspot,0.70514
21,\\akc0ss-n086\NMML_Polar_Imagery_4\Surveys_IceSeals_2025\fl223\images_30deg_N68RF\right_view\ice_seals_2025_fl223_R_20250513_225424.170687_ir.tif,1275,478.477,422.287,487.584,432.589,0.61893,0,hotspot,0.61893
22,\\akc0ss-n086\NMML_Polar_Imagery_4\Surveys_IceSeals_2025\fl223\images_30deg_N68RF\right_view\ice_seals_2025_fl223_R_20250513_225519.756026_ir.tif,1326,7.262,385.052,16.990,395.307,0.33371,0,hotspot,0.33371
23,\\akc0ss-n086\NMML_Polar_Imagery_4\Surveys_IceSeals_2025\fl223\images_30deg_N68RF\right_view\ice_seals_2025_fl223_R_20250513_225521.924098_ir.tif,1328,276.815,148.321,285.235,158.340,0.26934,0,hotspot,0.26934
24,\\akc0ss-n086\NMML_Polar_Imagery_4\Surveys_IceSeals_2025\fl223\images_30deg_N68RF\right_view\ice_seals_2025_fl223_R_20250513_225612.990992_ir.tif,1375,280.294,67.405,291.403,77.017,0.53125,0,hotspot,0.53125
25,\\akc0ss-n086\NMML_Polar_Imagery_4\Surveys_IceSeals_2025\fl223\images_30deg_N68RF\right_view\ice_seals_2025_fl223_R_20250513_225614.076458_ir.tif,1376,284.624,485.246,294.954,495.158,0.70407,0,hotspot,0.70407
26,\\akc0ss-n086\NMML_Polar_Imagery_4\Surveys_IceSeals_2025\fl223\images_30deg_N68RF\right_view\ice_seals_2025_fl223_R_20250513_225634.628643_ir.tif,1395,296.464,325.725,305.209,336.419,0.65795,0,hotspot,0.65795
27,\\akc0ss-n086\NMML_Polar_Imagery_4\Surveys_IceSeals_2025\fl223\images_30deg_N68RF\right_view\ice_seals_2025_fl223_R_20250513_225636.780837_ir.tif,1397,201.728,172.309,212.090,181.744,0.58309,0,hotspot,0.58309
28,\\akc0ss-n086\NMML_Polar_Imagery_4\Surveys_IceSeals_2025\fl223\images_30deg_N68RF\right_view\ice_seals_2025_fl223_R_20250513_225747.614950_ir.tif,1463,351.020,207.095,362.410,218.702,0.15071,0,hotspot,0.15071
29,\\akc0ss-n086\NMML_Polar_Imagery_4\Surveys_IceSeals_2025\fl223\images_30deg_N68RF\right_view\ice_seals_2025_fl223_R_20250513_225748.683716_ir.tif,1464,34.482,26.683,44.607,40.451,0.40039,0,hotspot,0.40039
30,\\akc0ss-n086\NMML_Polar_Imagery_4\Surveys_IceSeals_2025\fl223\images_30deg_N68RF\right_view\ice_seals_2025_fl223_R_20250513_225748.683716_ir.tif,1464,515.360,331.980,526.320,343.299,0.35333,0,hotspot,0.35333
31,\\akc0ss-n086\NMML_Polar_Imagery_4\Surveys_IceSeals_2025\fl223\images_30deg_N68RF\right_view\ice_seals_2025_fl223_R_20250513_225908.595386_ir.tif,1537,122.780,30.936,133.071,40.243,0.56833,0,hotspot,0.56833
32,\\akc0ss-n086\NMML_Polar_Imagery_4\Surveys_IceSeals_2025\fl223\images_30deg_N68RF\right_view\ice_seals_2025_fl223_R_20250513_225909.712352_ir.tif,1538,137.260,470.339,147.576,480.311,0.65884,0,hotspot,0.65884
33,\\akc0ss-n086\NMML_Polar_Imagery_4\Surveys_IceSeals_2025\fl223\images_30deg_N68RF\right_view\ice_seals_2025_fl223_R_20250513_230059.540608_ir.tif,1636,277.321,29.072,287.442,38.768,0.66815,0,hotspot,0.66815
34,\\akc0ss-n086\NMML_Polar_Imagery_4\Surveys_IceSeals_2025\fl223\images_30deg_N68RF\right_view\ice_seals_2025_fl223_R_20250513_230100.662072_ir.tif,1637,288.199,448.974,298.513,458.816,0.62876,0,hotspot,0.62876
35,\\akc0ss-n086\NMML_Polar_Imagery_4\Surveys_IceSeals_2025\fl223\images_30deg_N68RF\right_view\ice_seals_2025_fl223_R_20250513_230127.436316_ir.tif,1661,404.629,148.013,415.706,157.055,0.14687,0,hotspot,0.14687
36,\\akc0ss-n086\NMML_Polar_Imagery_4\Surveys_IceSeals_2025\fl223\images_30deg_N68RF\right_view\ice_seals_2025_fl223_R_20250513_230226.380302_ir.tif,1714,350.738,348.487,360.496,358.448,0.65400,0,hotspot,0.65400
37,\\akc0ss-n086\NMML_Polar_Imagery_4\Surveys_IceSeals_2025\fl223\images_30deg_N68RF\right_view\ice_seals_2025_fl223_R_20250513_230226.380302_ir.tif,1714,202.925,134.885,212.496,144.788,0.52464,0,hotspot,0.52464
38,\\akc0ss-n086\NMML_Polar_Imagery_4\Surveys_IceSeals_2025\fl223\images_30deg_N68RF\right_view\ice_seals_2025_fl223_R_20250513_230250.941593_ir.tif,1736,564.020,335.841,572.887,347.536,0.48332,0,hotspot,0.48332
39,\\akc0ss-n086\NMML_Polar_Imagery_4\Surveys_IceSeals_2025\fl223\images_30deg_N68RF\right_view\ice_seals_2025_fl223_R_20250513_230334.433039_ir.tif,1775,424.480,160.813,434.858,170.474,0.64644,0,hotspot,0.64644
40,\\akc0ss-n086\NMML_Polar_Imagery_4\Surveys_IceSeals_2025\fl223\images_30deg_N68RF\right_view\ice_seals_2025_fl223_R_20250513_230416.950560_ir.tif,1813,414.391,289.236,424.740,298.080,0.60703,0,hotspot,0.60703
41,\\akc0ss-n086\NMML_Polar_Imagery_4\Surveys_IceSeals_2025\fl223\images_30deg_N68RF\right_view\ice_seals_2025_fl223_R_20250513_230428.204488_ir.tif,1823,17.763,50.667,28.245,61.443,0.51079,0,hotspot,0.51079
42,\\akc0ss-n086\NMML_Polar_Imagery_4\Surveys_IceSeals_2025\fl223\images_30deg_N68RF\right_view\ice_seals_2025_fl223_R_20250513_230429.330296_ir.tif,1824,29.511,506.581,40.945,512.000,0.47275,0,hotspot,0.47275
43,\\akc0ss-n086\NMML_Polar_Imagery_4\Surveys_IceSeals_2025\fl223\images_30deg_N68RF\right_view\ice_seals_2025_fl223_R_20250513_230439.435659_ir.tif,1833,384.036,204.333,393.626,214.160,0.62713,0,hotspot,0.62713
44,\\akc0ss-n086\NMML_Polar_Imagery_4\Surveys_IceSeals_2025\fl223\images_30deg_N68RF\right_view\ice_seals_2025_fl223_R_20250513_230452.906565_ir.tif,1845,418.950,63.678,428.379,75.584,0.17998,0,hotspot,0.17998
45,\\akc0ss-n086\NMML_Polar_Imagery_4\Surveys_IceSeals_2025\fl223\images_30deg_N68RF\right_view\ice_seals_2025_fl223_R_20250513_230454.026732_ir.tif,1846,423.805,461.727,433.251,474.511,0.42123,0,hotspot,0.42123
46,\\akc0ss-n086\NMML_Polar_Imagery_4\Surveys_IceSeals_2025\fl223\images_30deg_N68RF\right_view\ice_seals_2025_fl223_R_20250513_230455.145996_ir.tif,1847,586.034,296.012,597.730,304.867,0.62648,0,hotspot,0.62648
47,\\akc0ss-n086\NMML_Polar_Imagery_4\Surveys_IceSeals_2025\fl223\images_30deg_N68RF\right_view\ice_seals_2025_fl223_R_20250513_230556.837235_ir.tif,1901,580.200,43.983,593.625,53.507,0.59137,0,hotspot,0.59137
48,\\akc0ss-n086\NMML_Polar_Imagery_4\Surveys_IceSeals_2025\fl223\images_30deg_N68RF\right_view\ice_seals_2025_fl223_R_20250513_230558.033703_ir.tif,1902,553.540,482.148,567.043,491.371,0.61458,0,hotspot,0.61458
49,\\akc0ss-n086\NMML_Polar_Imagery_4\Surveys_IceSeals_2025\fl223\images_30deg_N68RF\right_view\ice_seals_2025_fl223_R_20250513_230601.623408_ir.tif,1905,96.400,0.000,106.535,6.904,0.67688,0,hotspot,0.67688
50,\\akc0ss-n086\NMML_Polar_Imagery_4\Surveys_IceSeals_2025\fl223\images_30deg_N68RF\right_view\ice_seals_2025_fl223_R_20250513_230602.815733_ir.tif,1906,0.000,467.447,5.883,479.037,0.61719,0,hotspot,0.61719
51,\\akc0ss-n086\NMML_Polar_Imagery_4\Surveys_IceSeals_2025\fl223\images_30deg_N68RF\right_view\ice_seals_2025_fl223_R_20250513_230659.191500_ir.tif,1955,99.957,308.152,109.312,321.820,0.66681,0,hotspot,0.66681
52,\\akc0ss-n086\NMML_Polar_Imagery_4\Surveys_IceSeals_2025\fl223\images_30deg_N68RF\right_view\ice_seals_2025_fl223_R_20250513_230700.316406_ir.tif,1956,43.807,120.281,53.768,129.788,0.42981,0,hotspot,0.42981
53,\\akc0ss-n086\NMML_Polar_Imagery_4\Surveys_IceSeals_2025\fl223\images_30deg_N68RF\right_view\ice_seals_2025_fl223_R_20250513_230752.938055_ir.tif,2003,26.450,192.890,36.875,203.402,0.56544,0,hotspot,0.56544
54,\\akc0ss-n086\NMML_Polar_Imagery_4\Surveys_IceSeals_2025\fl223\images_30deg_N68RF\right_view\ice_seals_2025_fl223_R_20250513_230800.769484_ir.tif,2010,413.547,239.800,422.295,249.868,0.22390,0,hotspot,0.22390
55,\\akc0ss-n086\NMML_Polar_Imagery_4\Surveys_IceSeals_2025\fl223\images_30deg_N68RF\right_view\ice_seals_2025_fl223_R_20250513_230810.844402_ir.tif,2019,78.326,289.117,89.139,299.137,0.67116,0,hotspot,0.67116
56,\\akc0ss-n086\NMML_Polar_Imagery_4\Surveys_IceSeals_2025\fl223\images_30deg_N68RF\right_view\ice_seals_2025_fl223_R_20250513_230823.181242_ir.tif,2030,492.763,161.055,502.591,171.163,0.62728,0,hotspot,0.62728
57,\\akc0ss-n086\NMML_Polar_Imagery_4\Surveys_IceSeals_2025\fl223\images_30deg_N68RF\right_view\ice_seals_2025_fl223_R_20250513_230904.742234_ir.tif,2067,16.166,89.678,25.376,100.691,0.68930,0,hotspot,0.68930
58,\\akc0ss-n086\NMML_Polar_Imagery_4\Surveys_IceSeals_2025\fl223\images_30deg_N68RF\right_view\ice_seals_2025_fl223_R_20250513_231037.761971_ir.tif,2149,13.478,196.370,24.508,218.253,0.28658,0,hotspot,0.28658
59,\\akc0ss-n086\NMML_Polar_Imagery_4\Surveys_IceSeals_2025\fl223\images_30deg_N68RF\right_view\ice_seals_2025_fl223_R_20250513_231244.010690_ir.tif,2260,528.832,194.497,540.958,205.676,0.58926,0,hotspot,0.58926
60,\\akc0ss-n086\NMML_Polar_Imagery_4\Surveys_IceSeals_2025\fl223\images_30deg_N68RF\right_view\ice_seals_2025_fl223_R_20250513_231244.010690_ir.tif,2260,546.078,262.551,557.400,274.266,0.57119,0,hotspot,0.57119
61,\\akc0ss-n086\NMML_Polar_Imagery_4\Surveys_IceSeals_2025\fl223\images_30deg_N68RF\right_view\ice_seals_2025_fl223_R_20250513_231249.705323_ir.tif,2265,556.811,0.518,568.351,9.840,0.12588,0,hotspot,0.12588
62,\\akc0ss-n086\NMML_Polar_Imagery_4\Surveys_IceSeals_2025\fl223\images_30deg_N68RF\right_view\ice_seals_2025_fl223_R_20250513_231250.845690_ir.tif,2266,533.195,377.988,544.200,386.693,0.21435,0,hotspot,0.21435
63,\\akc0ss-n086\NMML_Polar_Imagery_4\Surveys_IceSeals_2025\fl223\images_30deg_N68RF\right_view\ice_seals_2025_fl223_R_20250513_231338.842649_ir.tif,2308,562.229,347.599,573.663,357.690,0.52093,0,hotspot,0.52093
64,\\akc0ss-n086\NMML_Polar_Imagery_4\Surveys_IceSeals_2025\fl223\images_30deg_N68RF\right_view\ice_seals_2025_fl223_R_20250513_231338.842649_ir.tif,2308,634.361,384.995,639.965,398.011,0.35716,0,hotspot,0.35716
65,\\akc0ss-n086\NMML_Polar_Imagery_4\Surveys_IceSeals_2025\fl223\images_30deg_N68RF\right_view\ice_seals_2025_fl223_R_20250513_231406.326740_ir.tif,2332,593.453,166.193,601.872,174.261,0.11973,0,hotspot,0.11973
66,\\akc0ss-n086\NMML_Polar_Imagery_4\Surveys_IceSeals_2025\fl223\images_30deg_N68RF\right_view\ice_seals_2025_fl223_R_20250513_231558.008507_ir.tif,2430,337.010,308.051,348.930,317.903,0.66234,0,hotspot,0.66234
67,\\akc0ss-n086\NMML_Polar_Imagery_4\Surveys_IceSeals_2025\fl223\images_30deg_N68RF\right_view\ice_seals_2025_fl223_R_20250513_231558.008507_ir.tif,2430,268.162,276.339,279.965,285.588,0.65788,0,hotspot,0.65788
68,\\akc0ss-n086\NMML_Polar_Imagery_4\Surveys_IceSeals_2025\fl223\images_30deg_N68RF\right_view\ice_seals_2025_fl223_R_20250513_231636.813251_ir.tif,2464,204.868,162.353,215.083,172.109,0.64127,0,hotspot,0.64127
69,\\akc0ss-n086\NMML_Polar_Imagery_4\Surveys_IceSeals_2025\fl223\images_30deg_N68RF\right_view\ice_seals_2025_fl223_R_20250513_231652.775310_ir.tif,2478,371.528,340.538,381.351,349.493,0.50146,0,hotspot,0.50146
70,\\akc0ss-n086\NMML_Polar_Imagery_4\Surveys_IceSeals_2025\fl223\images_30deg_N68RF\right_view\ice_seals_2025_fl223_R_20250513_231744.216305_ir.tif,2523,57.546,368.405,67.361,378.969,0.59926,0,hotspot,0.59926
71,\\akc0ss-n086\NMML_Polar_Imagery_4\Surveys_IceSeals_2025\fl223\images_30deg_N68RF\right_view\ice_seals_2025_fl223_R_20250513_231745.355371_ir.tif,2524,287.897,284.140,296.713,294.665,0.71542,0,hotspot,0.71542
72,\\akc0ss-n086\NMML_Polar_Imagery_4\Surveys_IceSeals_2025\fl223\images_30deg_N68RF\right_view\ice_seals_2025_fl223_R_20250513_231817.295628_ir.tif,2552,118.936,408.380,128.641,421.802,0.72632,0,hotspot,0.72632
73,\\akc0ss-n086\NMML_Polar_Imagery_4\Surveys_IceSeals_2025\fl223\images_30deg_N68RF\right_view\ice_seals_2025_fl223_R_20250513_231905.294608_ir.tif,2594,392.271,374.350,400.918,387.553,0.17669,0,hotspot,0.17669
74,\\akc0ss-n086\NMML_Polar_Imagery_4\Surveys_IceSeals_2025\fl223\images_30deg_N68RF\right_view\ice_seals_2025_fl223_R_20250513_232037.637814_ir.tif,2675,516.390,280.908,526.581,290.549,0.62282,0,hotspot,0.62282
75,\\akc0ss-n086\NMML_Polar_Imagery_4\Surveys_IceSeals_2025\fl223\images_30deg_N68RF\right_view\ice_seals_2025_fl223_R_20250513_232216.148283_ir.tif,2700,249.507,56.496,259.399,74.364,0.10531,0,hotspot,0.10531
76,\\akc0ss-n086\NMML_Polar_Imagery_4\Surveys_IceSeals_2025\fl223\images_30deg_N68RF\right_view\ice_seals_2025_fl223_R_20250513_232421.698942_ir.tif,2812,241.128,116.149,248.559,127.799,0.26862,0,hotspot,0.26862
77,\\akc0ss-n086\NMML_Polar_Imagery_4\Surveys_IceSeals_2025\fl223\images_30deg_N68RF\right_view\ice_seals_2025_fl223_R_20250513_232516.032438_ir.tif,2861,444.602,0.099,455.100,8.460,0.13509,0,hotspot,0.13509
78,\\akc0ss-n086\NMML_Polar_Imagery_4\Surveys_IceSeals_2025\fl223\images_30deg_N68RF\right_view\ice_seals_2025_fl223_R_20250513_232548.152412_ir.tif,2890,7.746,254.026,17.736,264.508,0.69630,0,hotspot,0.69630
79,\\akc0ss-n086\NMML_Polar_Imagery_4\Surveys_IceSeals_2025\fl223\images_30deg_N68RF\right_view\ice_seals_2025_fl223_R_20250513_232602.500502_ir.tif,2903,13.103,0.000,24.839,5.944,0.33009,0,hotspot,0.33009
80,\\akc0ss-n086\NMML_Polar_Imagery_4\Surveys_IceSeals_2025\fl223\images_30deg_N68RF\right_view\ice_seals_2025_fl223_R_20250513_232603.601509_ir.tif,2904,129.165,219.003,137.677,227.588,0.52063,0,hotspot,0.52063
81,\\akc0ss-n086\NMML_Polar_Imagery_4\Surveys_IceSeals_2025\fl223\images_30deg_N68RF\right_view\ice_seals_2025_fl223_R_20250513_232628.944444_ir.tif,2927,253.949,28.780,264.429,46.257,0.35462,0,hotspot,0.35462
82,\\akc0ss-n086\NMML_Polar_Imagery_4\Surveys_IceSeals_2025\fl223\images_30deg_N68RF\right_view\ice_seals_2025_fl223_R_20250513_232628.944444_ir.tif,2927,372.598,159.887,382.681,173.732,0.26059,0,hotspot,0.26059
83,\\akc0ss-n086\NMML_Polar_Imagery_4\Surveys_IceSeals_2025\fl223\images_30deg_N68RF\right_view\ice_seals_2025_fl223_R_20250513_232839.455794_ir.tif,3046,409.281,30.172,417.523,38.719,0.44978,0,hotspot,0.44978
84,\\akc0ss-n086\NMML_Polar_Imagery_4\Surveys_IceSeals_2025\fl223\images_30deg_N68RF\right_view\ice_seals_2025_fl223_R_20250513_232839.455794_ir.tif,3046,416.788,31.157,424.269,39.296,0.40466,0,hotspot,0.40466
85,\\akc0ss-n086\NMML_Polar_Imagery_4\Surveys_IceSeals_2025\fl223\images_30deg_N68RF\right_view\ice_seals_2025_fl223_R_20250513_232839.455794_ir.tif,3046,423.874,39.048,431.593,48.665,0.24850,0,hotspot,0.24850
86,\\akc0ss-n086\NMML_Polar_Imagery_4\Surveys_IceSeals_2025\fl223\images_30deg_N68RF\right_view\ice_seals_2025_fl223_R_20250513_232839.455794_ir.tif,3046,410.635,24.716,419.168,33.448,0.14250,0,hotspot,0.14250
87,\\akc0ss-n086\NMML_Polar_Imagery_4\Surveys_IceSeals_2025\fl223\images_30deg_N68RF\right_view\ice_seals_2025_fl223_R_20250513_232843.829518_ir.tif,3050,374.614,246.543,386.502,254.962,0.19007,0,hotspot,0.19007
88,\\akc0ss-n086\NMML_Polar_Imagery_4\Surveys_IceSeals_2025\fl223\images_30deg_N68RF\right_view\ice_seals_2025_fl223_R_20250513_233229.258433_ir.tif,3257,562.877,16.212,572.211,24.708,0.54617,0,hotspot,0.54617
89,\\akc0ss-n086\NMML_Polar_Imagery_4\Surveys_IceSeals_2025\fl223\images_30deg_N68RF\right_view\ice_seals_2025_fl223_R_20250513_233230.335401_ir.tif,3258,548.348,389.150,557.368,397.383,0.56641,0,hotspot,0.56641
90,\\akc0ss-n086\NMML_Polar_Imagery_4\Surveys_IceSeals_2025\fl223\images_30deg_N68RF\right_view\ice_seals_2025_fl223_R_20250513_233236.800924_ir.tif,3264,144.532,238.714,154.692,252.732,0.76580,0,hotspot,0.76580
91,\\akc0ss-n086\NMML_Polar_Imagery_4\Surveys_IceSeals_2025\fl223\images_30deg_N68RF\right_view\ice_seals_2025_fl223_R_20250513_233601.265769_ir.tif,3456,266.988,339.241,276.073,349.138,0.54923,0,hotspot,0.54923
92,\\akc0ss-n086\NMML_Polar_Imagery_4\Surveys_IceSeals_2025\fl223\images_30deg_N68RF\right_view\ice_seals_2025_fl223_R_20250513_233624.750330_ir.tif,3478,555.007,0.510,567.137,9.329,0.69190,0,hotspot,0.69190
93,\\akc0ss-n086\NMML_Polar_Imagery_4\Surveys_IceSeals_2025\fl223\images_30deg_N68RF\right_view\ice_seals_2025_fl223_R_20250513_233625.806838_ir.tif,3479,558.743,366.966,569.641,375.234,0.69223,0,hotspot,0.69223
94,\\akc0ss-n086\NMML_Polar_Imagery_4\Surveys_IceSeals_2025\fl223\images_30deg_N68RF\right_view\ice_seals_2025_fl223_R_20250513_233631.090873_ir.tif,3484,433.541,127.792,444.690,139.747,0.18257,0,hotspot,0.18257
95,\\akc0ss-n086\NMML_Polar_Imagery_4\Surveys_IceSeals_2025\fl223\images_30deg_N68RF\right_view\ice_seals_2025_fl223_R_20250513_233648.083858_ir.tif,3500,294.768,135.133,307.404,145.748,0.39680,0,hotspot,0.39680
96,\\akc0ss-n086\NMML_Polar_Imagery_4\Surveys_IceSeals_2025\fl223\images_30deg_N68RF\right_view\ice_seals_2025_fl223_R_20250513_233648.083858_ir.tif,3500,293.568,133.740,308.923,147.175,0.11532,0,hotspot,0.11532
97,\\akc0ss-n086\NMML_Polar_Imagery_4\Surveys_IceSeals_2025\fl223\images_30deg_N68RF\right_view\ice_seals_2025_fl223_R_20250513_233847.129931_ir.tif,3612,148.920,325.529,160.313,335.085,0.12186,0,hotspot,0.12186
98,\\akc0ss-n086\NMML_Polar_Imagery_4\Surveys_IceSeals_2025\fl223\images_30deg_N68RF\right_view\ice_seals_2025_fl223_R_20250513_233904.122862_ir.tif,3628,625.642,16.214,638.331,26.451,0.63846,0,hotspot,0.63846
99,\\akc0ss-n086\NMML_Polar_Imagery_4\Surveys_IceSeals_2025\fl223\images_30deg_N68RF\right_view\ice_seals_2025_fl223_R_20250513_233905.184645_ir.tif,3629,612.328,380.042,624.607,390.305,0.70876,0,hotspot,0.70876
100,\\akc0ss-n086\NMML_Polar_Imagery_4\Surveys_IceSeals_2025\fl223\images_30deg_N68RF\right_view\ice_seals_2025_fl223_R_20250513_234131.638036_ir.tif,3767,601.970,136.429,612.681,146.190,0.55982,0,hotspot,0.55982
101,\\akc0ss-n086\NMML_Polar_Imagery_4\Surveys_IceSeals_2025\fl223\images_30deg_N68RF\right_view\ice_seals_2025_fl223_R_20250513_234132.703299_ir.tif,3768,578.208,438.104,589.386,448.530,0.51466,0,hotspot,0.51466
102,\\akc0ss-n086\NMML_Polar_Imagery_4\Surveys_IceSeals_2025\fl223\images_30deg_N68RF\right_view\ice_seals_2025_fl223_R_20250513_234233.936598_ir.tif,3827,79.020,296.825,90.256,307.805,0.72765,0,hotspot,0.72765
103,\\akc0ss-n086\NMML_Polar_Imagery_4\Surveys_IceSeals_2025\fl223\images_30deg_N68RF\right_view\ice_seals_2025_fl223_R_20250513_234449.301075_ir.tif,3957,104.800,135.196,118.164,147.478,0.29073,0,hotspot,0.29073
104,\\akc0ss-n086\NMML_Polar_Imagery_4\Surveys_IceSeals_2025\fl223\images_30deg_N68RF\right_view\ice_seals_2025_fl223_R_20250513_234449.301075_ir.tif,3957,102.125,133.060,115.740,143.575,0.24924,0,hotspot,0.24924
105,\\akc0ss-n086\NMML_Polar_Imagery_4\Surveys_IceSeals_2025\fl223\images_30deg_N68RF\right_view\ice_seals_2025_fl223_R_20250513_234449.301075_ir.tif,3957,102.799,138.167,116.375,149.014,0.21041,0,hotspot,0.21041
106,\\akc0ss-n086\NMML_Polar_Imagery_4\Surveys_IceSeals_2025\fl223\images_30deg_N68RF\right_view\ice_seals_2025_fl223_R_20250513_234451.424190_ir.tif,3959,421.766,295.984,433.085,314.974,0.31014,0,hotspot,0.31014
107,\\akc0ss-n086\NMML_Polar_Imagery_4\Surveys_IceSeals_2025\fl223\images_30deg_N68RF\right_view\ice_seals_2025_fl223_R_20250513_234525.496639_ir.tif,3991,258.090,263.544,269.682,280.692,0.23730,0,hotspot,0.23730
108,\\akc0ss-n086\NMML_Polar_Imagery_4\Surveys_IceSeals_2025\fl223\images_30deg_N68RF\right_view\ice_seals_2025_fl223_R_20250513_234526.566591_ir.tif,3992,131.470,325.704,141.220,334.772,0.15296,0,hotspot,0.15296
109,\\akc0ss-n086\NMML_Polar_Imagery_4\Surveys_IceSeals_2025\fl223\images_30deg_N68RF\right_view\ice_seals_2025_fl223_R_20250513_234528.707299_ir.tif,3994,505.056,54.581,515.757,66.311,0.13194,0,hotspot,0.13194
110,\\akc0ss-n086\NMML_Polar_Imagery_4\Surveys_IceSeals_2025\fl223\images_30deg_N68RF\right_view\ice_seals_2025_fl223_R_20250513_234530.848555_ir.tif,3996,236.515,203.780,249.025,215.753,0.34382,0,hotspot,0.34382
111,\\akc0ss-n086\NMML_Polar_Imagery_4\Surveys_IceSeals_2025\fl223\images_30deg_N68RF\right_view\ice_seals_2025_fl223_R_20250513_234536.200566_ir.tif,4001,297.230,127.187,307.041,137.462,0.72444,0,hotspot,0.72444
112,\\akc0ss-n086\NMML_Polar_Imagery_4\Surveys_IceSeals_2025\fl223\images_30deg_N68RF\right_view\ice_seals_2025_fl223_R_20250513_234539.414890_ir.tif,4004,454.413,20.127,464.852,29.375,0.34359,0,hotspot,0.34359
113,\\akc0ss-n086\NMML_Polar_Imagery_4\Surveys_IceSeals_2025\fl223\images_30deg_N68RF\right_view\ice_seals_2025_fl223_R_20250513_234540.486917_ir.tif,4005,457.226,410.749,467.372,418.949,0.16615,0,hotspot,0.16615
114,\\akc0ss-n086\NMML_Polar_Imagery_4\Surveys_IceSeals_2025\fl223\images_30deg_N68RF\right_view\ice_seals_2025_fl223_R_20250513_234552.287970_ir.tif,4016,356.042,158.501,366.189,171.005,0.15045,0,hotspot,0.15045
115,\\akc0ss-n086\NMML_Polar_Imagery_4\Surveys_IceSeals_2025\fl223\images_30deg_N68RF\right_view\ice_seals_2025_fl223_R_20250513_234624.583569_ir.tif,4046,561.132,115.712,570.414,125.465,0.54165,0,hotspot,0.54165
116,\\akc0ss-n086\NMML_Polar_Imagery_4\Surveys_IceSeals_2025\fl223\images_30deg_N68RF\right_view\ice_seals_2025_fl223_R_20250513_234625.658035_ir.tif,4047,559.997,488.785,569.605,498.886,0.65386,0,hotspot,0.65386
117,\\akc0ss-n086\NMML_Polar_Imagery_4\Surveys_IceSeals_2025\fl223\images_30deg_N68RF\right_view\ice_seals_2025_fl223_R_20250513_234639.634941_ir.tif,4060,390.722,56.122,400.856,68.617,0.40888,0,hotspot,0.40888
118,\\akc0ss-n086\NMML_Polar_Imagery_4\Surveys_IceSeals_2025\fl223\images_30deg_N68RF\right_view\ice_seals_2025_fl223_R_20250513_234640.710247_ir.tif,4061,396.763,455.814,407.232,469.820,0.25307,0,hotspot,0.25307
119,\\akc0ss-n086\NMML_Polar_Imagery_4\Surveys_IceSeals_2025\fl223\images_30deg_N68RF\right_view\ice_seals_2025_fl223_R_20250513_234642.861819_ir.tif,4063,146.645,249.619,159.034,262.867,0.10535,0,hotspot,0.10535
120,\\akc0ss-n086\NMML_Polar_Imagery_4\Surveys_IceSeals_2025\fl223\images_30deg_N68RF\right_view\ice_seals_2025_fl223_R_20250513_234657.948016_ir.tif,4077,567.574,147.533,577.286,157.584,0.56806,0,hotspot,0.56806
121,\\akc0ss-n086\NMML_Polar_Imagery_4\Surveys_IceSeals_2025\fl223\images_30deg_N68RF\right_view\ice_seals_2025_fl223_R_20250513_234710.897695_ir.tif,4089,380.807,290.527,391.359,303.792,0.11401,0,hotspot,0.11401
122,\\akc0ss-n086\NMML_Polar_Imagery_4\Surveys_IceSeals_2025\fl223\images_30deg_N68RF\right_view\ice_seals_2025_fl223_R_20250513_234729.238550_ir.tif,4106,626.625,313.414,637.579,323.360,0.57324,0,hotspot,0.57324
123,\\akc0ss-n086\NMML_Polar_Imagery_4\Surveys_IceSeals_2025\fl223\images_30deg_N68RF\right_view\ice_seals_2025_fl223_R_20250513_234807.065382_ir.tif,4141,129.044,261.142,141.656,270.339,0.65117,0,hotspot,0.65117
124,\\akc0ss-n086\NMML_Polar_Imagery_4\Surveys_IceSeals_2025\fl223\images_30deg_N68RF\right_view\ice_seals_2025_fl223_R_20250513_234815.740355_ir.tif,4149,517.120,485.473,527.254,500.293,0.36408,0,hotspot,0.36408
125,\\akc0ss-n086\NMML_Polar_Imagery_4\Surveys_IceSeals_2025\fl223\images_30deg_N68RF\right_view\ice_seals_2025_fl223_R_20250513_234849.449224_ir.tif,4180,153.490,54.289,163.889,63.799,0.65757,0,hotspot,0.65757
126,\\akc0ss-n086\NMML_Polar_Imagery_4\Surveys_IceSeals_2025\fl223\images_30deg_N68RF\right_view\ice_seals_2025_fl223_R_20250513_234850.537792_ir.tif,4181,165.309,486.301,175.060,496.206,0.69731,0,hotspot,0.69731
127,\\akc0ss-n086\NMML_Polar_Imagery_4\Surveys_IceSeals_2025\fl223\images_30deg_N68RF\right_view\ice_seals_2025_fl223_R_20250513_234933.911140_ir.tif,4221,614.748,41.815,626.244,54.079,0.23968,0,hotspot,0.23968
128,\\akc0ss-n086\NMML_Polar_Imagery_4\Surveys_IceSeals_2025\fl223\images_30deg_N68RF\right_view\ice_seals_2025_fl223_R_20250513_235259.950840_ir.tif,4352,297.040,166.053,305.429,176.401,0.50883,0,hotspot,0.50883
129,\\akc0ss-n086\NMML_Polar_Imagery_4\Surveys_IceSeals_2025\fl223\images_30deg_N68RF\right_view\ice_seals_2025_fl223_R_20250513_235259.950840_ir.tif,4352,298.762,170.492,307.266,180.949,0.29248,0,hotspot,0.29248
130,\\akc0ss-n086\NMML_Polar_Imagery_4\Surveys_IceSeals_2025\fl223\images_30deg_N68RF\right_view\ice_seals_2025_fl223_R_20250513_235302.060713_ir.tif,4354,99.421,170.540,110.072,179.222,0.35221,0,hotspot,0.35221
131,\\akc0ss-n086\NMML_Polar_Imagery_4\Surveys_IceSeals_2025\fl223\images_30deg_N68RF\right_view\ice_seals_2025_fl223_R_20250513_235304.171607_ir.tif,4356,423.250,383.755,434.236,394.314,0.19915,0,hotspot,0.19915
132,\\akc0ss-n086\NMML_Polar_Imagery_4\Surveys_IceSeals_2025\fl223\images_30deg_N68RF\right_view\ice_seals_2025_fl223_R_20250513_235343.208754_ir.tif,4393,84.725,36.275,95.824,45.941,0.63829,0,hotspot,0.63829
133,\\akc0ss-n086\NMML_Polar_Imagery_4\Surveys_IceSeals_2025\fl223\images_30deg_N68RF\right_view\ice_seals_2025_fl223_R_20250513_235344.261296_ir.tif,4394,90.232,479.443,100.599,489.005,0.53460,0,hotspot,0.53460
134,\\akc0ss-n086\NMML_Polar_Imagery_4\Surveys_IceSeals_2025\fl223\images_30deg_N68RF\right_view\ice_seals_2025_fl223_R_20250513_235522.906172_ir.tif,4488,169.312,22.539,179.344,32.146,0.20364,0,hotspot,0.20364
135,\\akc0ss-n086\NMML_Polar_Imagery_4\Surveys_IceSeals_2025\fl223\images_30deg_N68RF\right_view\ice_seals_2025_fl223_R_20250513_235524.996823_ir.tif,4490,601.617,32.843,612.775,43.340,0.66773,0,hotspot,0.66773
136,\\akc0ss-n086\NMML_Polar_Imagery_4\Surveys_IceSeals_2025\fl223\images_30deg_N68RF\right_view\ice_seals_2025_fl223_R_20250513_235526.042112_ir.tif,4491,600.550,402.200,611.845,412.844,0.63971,0,hotspot,0.63971
137,\\akc0ss-n086\NMML_Polar_Imagery_4\Surveys_IceSeals_2025\fl223\images_30deg_N68RF\right_view\ice_seals_2025_fl223_R_20250513_235530.226774_ir.tif,4495,124.983,2.462,135.783,21.714,0.18762,0,hotspot,0.18762
138,\\akc0ss-n086\NMML_Polar_Imagery_4\Surveys_IceSeals_2025\fl223\images_30deg_N68RF\right_view\ice_seals_2025_fl223_R_20250513_235530.226774_ir.tif,4495,125.494,7.200,135.378,21.670,0.14037,0,hotspot,0.14037
139,\\akc0ss-n086\NMML_Polar_Imagery_4\Surveys_IceSeals_2025\fl223\images_30deg_N68RF\right_view\ice_seals_2025_fl223_R_20250513_235604.725370_ir.tif,4528,188.359,417.435,198.173,428.071,0.11146,0,hotspot,0.11146
140,\\akc0ss-n086\NMML_Polar_Imagery_4\Surveys_IceSeals_2025\fl223\images_30deg_N68RF\right_view\ice_seals_2025_fl223_R_20250513_235609.947463_ir.tif,4533,615.950,327.075,625.827,344.357,0.15698,0,hotspot,0.15698
141,\\akc0ss-n086\NMML_Polar_Imagery_4\Surveys_IceSeals_2025\fl223\images_30deg_N68RF\right_view\ice_seals_2025_fl223_R_20250513_235644.387116_ir.tif,4566,488.199,204.312,497.934,214.702,0.65271,0,hotspot,0.65271
142,\\akc0ss-n086\NMML_Polar_Imagery_4\Surveys_IceSeals_2025\fl223\images_30deg_N68RF\right_view\ice_seals_2025_fl223_R_20250513_235733.522562_ir.tif,4613,167.678,295.858,177.882,306.525,0.36653,0,hotspot,0.36653
143,\\akc0ss-n086\NMML_Polar_Imagery_4\Surveys_IceSeals_2025\fl223\images_30deg_N68RF\right_view\ice_seals_2025_fl223_R_20250513_235816.651392_ir.tif,4654,239.478,161.055,247.621,171.005,0.11703,0,hotspot,0.11703
144,\\akc0ss-n086\NMML_Polar_Imagery_4\Surveys_IceSeals_2025\fl223\images_30deg_N68RF\right_view\ice_seals_2025_fl223_R_20250513_235919.043142_ir.tif,4713,465.451,166.761,474.699,182.592,0.44633,0,hotspot,0.44633
145,\\akc0ss-n086\NMML_Polar_Imagery_4\Surveys_IceSeals_2025\fl223\images_30deg_N68RF\right_view\ice_seals_2025_fl223_R_20250513_235931.780421_ir.tif,4725,456.359,190.311,465.820,202.090,0.11186,0,hotspot,0.11186
146,\\akc0ss-n086\NMML_Polar_Imagery_4\Surveys_IceSeals_2025\fl223\images_30deg_N68RF\right_view\ice_seals_2025_fl223_R_20250513_235954.092720_ir.tif,4746,634.005,144.682,640.000,153.693,0.19751,0,hotspot,0.19751
147,\\akc0ss-n086\NMML_Polar_Imagery_4\Surveys_IceSeals_2025\fl223\images_30deg_N68RF\right_view\ice_seals_2025_fl223_R_20250514_000014.300606_ir.tif,4765,128.934,189.916,136.170,197.750,0.15838,0,hotspot,0.15838
148,\\akc0ss-n086\NMML_Polar_Imagery_4\Surveys_IceSeals_2025\fl223\images_30deg_N68RF\right_view\ice_seals_2025_fl223_R_20250514_000039.895826_ir.tif,4789,442.550,181.876,451.346,195.145,0.17136,0,hotspot,0.17136
149,\\akc0ss-n086\NMML_Polar_Imagery_4\Surveys_IceSeals_2025\fl223\images_30deg_N68RF\right_view\ice_seals_2025_fl223_R_20250514_000043.094927_ir.tif,4792,353.167,263.162,362.703,275.213,0.21779,0,hotspot,0.21779
150,\\akc0ss-n086\NMML_Polar_Imagery_4\Surveys_IceSeals_2025\fl223\images_30deg_N68RF\right_view\ice_seals_2025_fl223_R_20250514_000044.161353_ir.tif,4793,452.080,427.624,461.322,437.055,0.10474,0,hotspot,0.10474
151,\\akc0ss-n086\NMML_Polar_Imagery_4\Surveys_IceSeals_2025\fl223\images_30deg_N68RF\right_view\ice_seals_2025_fl223_R_20250514_000221.374385_ir.tif,4884,594.293,0.636,604.346,10.817,0.60872,0,hotspot,0.60872
152,\\akc0ss-n086\NMML_Polar_Imagery_4\Surveys_IceSeals_2025\fl223\images_30deg_N68RF\right_view\ice_seals_2025_fl223_R_20250514_000222.451210_ir.tif,4885,589.725,375.138,599.430,385.018,0.64798,0,hotspot,0.64798
153,\\akc0ss-n086\NMML_Polar_Imagery_4\Surveys_IceSeals_2025\fl223\images_30deg_N68RF\right_view\ice_seals_2025_fl223_R_20250514_000251.329868_ir.tif,4912,233.254,143.037,244.886,153.108,0.26605,0,hotspot,0.26605
154,\\akc0ss-n086\NMML_Polar_Imagery_4\Surveys_IceSeals_2025\fl223\images_30deg_N68RF\right_view\ice_seals_2025_fl223_R_20250514_000253.467025_ir.tif,4914,348.008,118.517,356.952,129.925,0.50914,0,hotspot,0.50914
155,\\akc0ss-n086\NMML_Polar_Imagery_4\Surveys_IceSeals_2025\fl223\images_30deg_N68RF\right_view\ice_seals_2025_fl223_R_20250514_000256.674941_ir.tif,4917,107.458,138.627,117.526,151.744,0.23060,0,hotspot,0.23060
156,\\akc0ss-n086\NMML_Polar_Imagery_4\Surveys_IceSeals_2025\fl223\images_30deg_N68RF\right_view\ice_seals_2025_fl223_R_20250514_000407.118504_ir.tif,4983,225.614,91.598,245.364,102.478,0.11587,0,hotspot,0.11587
157,\\akc0ss-n086\NMML_Polar_Imagery_4\Surveys_IceSeals_2025\fl223\images_30deg_N68RF\right_view\ice_seals_2025_fl223_R_20250514_000414.594813_ir.tif,4990,436.068,266.737,445.263,276.362,0.43444,0,hotspot,0.43444
158,\\akc0ss-n086\NMML_Polar_Imagery_4\Surveys_IceSeals_2025\fl223\images_30deg_N68RF\right_view\ice_seals_2025_fl223_R_20250514_000426.370362_ir.tif,5001,473.213,376.834,486.718,387.558,0.15907,0,hotspot,0.15907
159,\\akc0ss-n086\NMML_Polar_Imagery_4\Surveys_IceSeals_2025\fl223\images_30deg_N68RF\right_view\ice_seals_2025_fl223_R_20250514_000435.997783_ir.tif,5010,191.707,357.960,201.570,368.312,0.70605,0,hotspot,0.70605
160,\\akc0ss-n086\NMML_Polar_Imagery_4\Surveys_IceSeals_2025\fl223\images_30deg_N68RF\right_view\ice_seals_2025_fl223_R_20250514_000504.844845_ir.tif,5037,325.603,184.611,336.953,195.869,0.11884,0,hotspot,0.11884
161,\\akc0ss-n086\NMML_Polar_Imagery_4\Surveys_IceSeals_2025\fl223\images_30deg_N68RF\right_view\ice_seals_2025_fl223_R_20250514_000521.973732_ir.tif,5053,327.192,369.937,338.308,382.024,0.26324,0,hotspot,0.26324
162,\\akc0ss-n086\NMML_Polar_Imagery_4\Surveys_IceSeals_2025\fl223\images_30deg_N68RF\right_view\ice_seals_2025_fl223_R_20250514_000557.311616_ir.tif,5086,517.556,32.941,528.559,42.451,0.14435,0,hotspot,0.14435
163,\\akc0ss-n086\NMML_Polar_Imagery_4\Surveys_IceSeals_2025\fl223\images_30deg_N68RF\right_view\ice_seals_2025_fl223_R_20250514_000600.516813_ir.tif,5089,513.314,62.357,522.881,77.443,0.57650,0,hotspot,0.57650
164,\\akc0ss-n086\NMML_Polar_Imagery_4\Surveys_IceSeals_2025\fl223\images_30deg_N68RF\right_view\ice_seals_2025_fl223_R_20250514_000602.655167_ir.tif,5091,386.751,359.500,394.978,371.570,0.21561,0,hotspot,0.21561
165,\\akc0ss-n086\NMML_Polar_Imagery_4\Surveys_IceSeals_2025\fl223\images_30deg_N68RF\right_view\ice_seals_2025_fl223_R_20250514_000627.380182_ir.tif,5114,334.034,377.010,346.755,387.521,0.75931,0,hotspot,0.75931
166,\\akc0ss-n086\NMML_Polar_Imagery_4\Surveys_IceSeals_2025\fl223\images_30deg_N68RF\right_view\ice_seals_2025_fl223_R_20250514_000639.532458_ir.tif,5125,547.244,0.000,558.187,4.920,0.14974,0,hotspot,0.14974
167,\\akc0ss-n086\NMML_Polar_Imagery_4\Surveys_IceSeals_2025\fl223\images_30deg_N68RF\right_view\ice_seals_2025_fl223_R_20250514_000640.641628_ir.tif,5126,491.199,391.731,501.163,402.450,0.53789,0,hotspot,0.53789
168,\\akc0ss-n086\NMML_Polar_Imagery_4\Surveys_IceSeals_2025\fl223\images_30deg_N68RF\right_view\ice_seals_2025_fl223_R_20250514_000643.966608_ir.tif,5129,563.461,100.866,573.828,110.512,0.57697,0,hotspot,0.57697
169,\\akc0ss-n086\NMML_Polar_Imagery_4\Surveys_IceSeals_2025\fl223\images_30deg_N68RF\right_view\ice_seals_2025_fl223_R_20250514_000645.074398_ir.tif,5130,543.747,483.554,553.916,493.501,0.50297,0,hotspot,0.50297
170,\\akc0ss-n086\NMML_Polar_Imagery_4\Surveys_IceSeals_2025\fl223\images_30deg_N68RF\right_view\ice_seals_2025_fl223_R_20250514_000711.633584_ir.tif,5154,497.072,285.707,507.527,294.840,0.59209,0,hotspot,0.59209
171,\\akc0ss-n086\NMML_Polar_Imagery_4\Surveys_IceSeals_2025\fl223\images_30deg_N68RF\right_view\ice_seals_2025_fl223_R_20250514_000711.633584_ir.tif,5154,459.957,346.387,470.549,355.510,0.58933,0,hotspot,0.58933
172,\\akc0ss-n086\NMML_Polar_Imagery_4\Surveys_IceSeals_2025\fl223\images_30deg_N68RF\right_view\ice_seals_2025_fl223_R_20250514_000711.633584_ir.tif,5154,473.444,324.963,482.984,335.579,0.30235,0,hotspot,0.30235
173,\\akc0ss-n086\NMML_Polar_Imagery_4\Surveys_IceSeals_2025\fl223\images_30deg_N68RF\right_view\ice_seals_2025_fl223_R_20250514_000918.765981_ir.tif,5269,300.247,34.445,311.916,44.881,0.34636,0,hotspot,0.34636
174,\\akc0ss-n086\NMML_Polar_Imagery_4\Surveys_IceSeals_2025\fl223\images_30deg_N68RF\right_view\ice_seals_2025_fl223_R_20250514_000949.714996_ir.tif,5297,511.752,202.615,521.700,213.119,0.54347,0,hotspot,0.54347
175,\\akc0ss-n086\NMML_Polar_Imagery_4\Surveys_IceSeals_2025\fl223\images_30deg_N68RF\right_view\ice_seals_2025_fl223_R_20250514_001008.506434_ir.tif,5314,187.352,172.514,197.410,184.016,0.60051,0,hotspot,0.60051
176,\\akc0ss-n086\NMML_Polar_Imagery_4\Surveys_IceSeals_2025\fl223\images_30deg_N68RF\right_view\ice_seals_2025_fl223_R_20250514_001009.612401_ir.tif,5315,391.752,485.632,403.495,500.827,0.18929,0,hotspot,0.18929
177,\\akc0ss-n086\NMML_Polar_Imagery_4\Surveys_IceSeals_2025\fl223\images_30deg_N68RF\right_view\ice_seals_2025_fl223_R_20250514_001009.612401_ir.tif,5315,392.498,493.169,403.587,508.579,0.16573,0,hotspot,0.16573
178,\\akc0ss-n086\NMML_Polar_Imagery_4\Surveys_IceSeals_2025\fl223\images_30deg_N68RF\right_view\ice_seals_2025_fl223_R_20250514_001015.144077_ir.tif,5320,448.320,12.669,459.510,23.830,0.62491,0,hotspot,0.62491
179,\\akc0ss-n086\NMML_Polar_Imagery_4\Surveys_IceSeals_2025\fl223\images_30deg_N68RF\right_view\ice_seals_2025_fl223_R_20250514_001016.250721_ir.tif,5321,435.970,409.317,444.859,418.822,0.46360,0,hotspot,0.46360
180,\\akc0ss-n086\NMML_Polar_Imagery_4\Surveys_IceSeals_2025\fl223\images_30deg_N68RF\right_view\ice_seals_2025_fl223_R_20250514_001018.463737_ir.tif,5323,408.358,155.546,419.068,165.421,0.14422,0,hotspot,0.14422
181,\\akc0ss-n086\NMML_Polar_Imagery_4\Surveys_IceSeals_2025\fl223\images_30deg_N68RF\right_view\ice_seals_2025_fl223_R_20250514_001022.890801_ir.tif,5327,157.723,164.140,168.461,174.201,0.42999,0,hotspot,0.42999
182,\\akc0ss-n086\NMML_Polar_Imagery_4\Surveys_IceSeals_2025\fl223\images_30deg_N68RF\right_view\ice_seals_2025_fl223_R_20250514_001033.969214_ir.tif,5337,6.520,72.120,19.345,81.373,0.24424,0,hotspot,0.24424
183,\\akc0ss-n086\NMML_Polar_Imagery_4\Surveys_IceSeals_2025\fl223\images_30deg_N68RF\right_view\ice_seals_2025_fl223_R_20250514_001042.829468_ir.tif,5345,225.352,172.191,234.681,181.378,0.21553,0,hotspot,0.21553
184,\\akc0ss-n086\NMML_Polar_Imagery_4\Surveys_IceSeals_2025\fl223\images_30deg_N68RF\right_view\ice_seals_2025_fl223_R_20250514_001045.043061_ir.tif,5347,328.557,0.000,337.682,7.174,0.29872,0,hotspot,0.29872
185,\\akc0ss-n086\NMML_Polar_Imagery_4\Surveys_IceSeals_2025\fl223\images_30deg_N68RF\right_view\ice_seals_2025_fl223_R_20250514_001045.043061_ir.tif,5347,54.831,0.000,66.018,6.660,0.16813,0,hotspot,0.16813
186,\\akc0ss-n086\NMML_Polar_Imagery_4\Surveys_IceSeals_2025\fl223\images_30deg_N68RF\right_view\ice_seals_2025_fl223_R_20250514_001051.684026_ir.tif,5353,447.872,79.304,458.296,87.159,0.46123,0,hotspot,0.46123
187,\\akc0ss-n086\NMML_Polar_Imagery_4\Surveys_IceSeals_2025\fl223\images_30deg_N68RF\right_view\ice_seals_2025_fl223_R_20250514_001051.684026_ir.tif,5353,460.447,80.983,468.954,90.107,0.15649,0,hotspot,0.15649
188,\\akc0ss-n086\NMML_Polar_Imagery_4\Surveys_IceSeals_2025\fl223\images_30deg_N68RF\right_view\ice_seals_2025_fl223_R_20250514_001051.684026_ir.tif,5353,455.296,79.046,466.930,89.979,0.12295,0,hotspot,0.12295
189,\\akc0ss-n086\NMML_Polar_Imagery_4\Surveys_IceSeals_2025\fl223\images_30deg_N68RF\right_view\ice_seals_2025_fl223_R_20250514_001052.789132_ir.tif,5354,433.343,472.829,443.815,480.888,0.39165,0,hotspot,0.39165
190,\\akc0ss-n086\NMML_Polar_Imagery_4\Surveys_IceSeals_2025\fl223\images_30deg_N68RF\right_view\ice_seals_2025_fl223_R_20250514_001052.789132_ir.tif,5354,446.076,473.701,454.292,482.262,0.16101,0,hotspot,0.16101
191,\\akc0ss-n086\NMML_Polar_Imagery_4\Surveys_IceSeals_2025\fl223\images_30deg_N68RF\right_view\ice_seals_2025_fl223_R_20250514_001052.789132_ir.tif,5354,432.712,471.947,444.841,482.103,0.11771,0,hotspot,0.11771
192,\\akc0ss-n086\NMML_Polar_Imagery_4\Surveys_IceSeals_2025\fl223\images_30deg_N68RF\right_view\ice_seals_2025_fl223_R_20250514_001053.895718_ir.tif,5355,436.835,207.224,445.826,216.103,0.22829,0,hotspot,0.22829
193,\\akc0ss-n086\NMML_Polar_Imagery_4\Surveys_IceSeals_2025\fl223\images_30deg_N68RF\right_view\ice_seals_2025_fl223_R_20250514_001102.748114_ir.tif,5363,261.719,83.417,271.871,97.456,0.74798,0,hotspot,0.74798
194,\\akc0ss-n086\NMML_Polar_Imagery_4\Surveys_IceSeals_2025\fl223\images_30deg_N68RF\right_view\ice_seals_2025_fl223_R_20250514_001103.853560_ir.tif,5364,247.322,505.550,256.509,512.000,0.63383,0,hotspot,0.63383
195,\\akc0ss-n086\NMML_Polar_Imagery_4\Surveys_IceSeals_2025\fl223\images_30deg_N68RF\right_view\ice_seals_2025_fl223_R_20250514_001108.272748_ir.tif,5368,353.173,209.956,361.415,216.614,0.13581,0,hotspot,0.13581
196,\\akc0ss-n086\NMML_Polar_Imagery_4\Surveys_IceSeals_2025\fl223\images_30deg_N68RF\right_view\ice_seals_2025_fl223_R_20250514_001114.900753_ir.tif,5374,168.857,191.560,178.081,201.572,0.18740,0,hotspot,0.18740
197,\\akc0ss-n086\NMML_Polar_Imagery_4\Surveys_IceSeals_2025\fl223\images_30deg_N68RF\right_view\ice_seals_2025_fl223_R_20250514_001116.004816_ir.tif,5375,209.708,391.202,219.468,403.084,0.25239,0,hotspot,0.25239
198,\\akc0ss-n086\NMML_Polar_Imagery_4\Surveys_IceSeals_2025\fl223\images_30deg_N68RF\right_view\ice_seals_2025_fl223_R_20250514_001118.213232_ir.tif,5377,414.064,345.690,427.815,358.922,0.27001,0,hotspot,0.27001
199,\\akc0ss-n086\NMML_Polar_Imagery_4\Surveys_IceSeals_2025\fl223\images_30deg_N68RF\right_view\ice_seals_2025_fl223_R_20250514_001128.155312_ir.tif,5386,541.317,95.242,552.544,109.325,0.56749,0,hotspot,0.56749
200,\\akc0ss-n086\NMML_Polar_Imagery_4\Surveys_IceSeals_2025\fl223\images_30deg_N68RF\right_view\ice_seals_2025_fl223_R_20250514_001130.361470_ir.tif,5388,558.409,0.000,570.228,5.540,0.19519,0,hotspot,0.19519
201,\\akc0ss-n086\NMML_Polar_Imagery_4\Surveys_IceSeals_2025\fl223\images_30deg_N68RF\right_view\ice_seals_2025_fl223_R_20250514_001133.658989_ir.tif,5391,533.819,2.395,544.488,12.443,0.19913,0,hotspot,0.19913
202,\\akc0ss-n086\NMML_Polar_Imagery_4\Surveys_IceSeals_2025\fl223\images_30deg_N68RF\right_view\ice_seals_2025_fl223_R_20250514_001136.948528_ir.tif,5394,466.631,309.744,477.247,325.818,0.19157,0,hotspot,0.19157
203,\\akc0ss-n086\NMML_Polar_Imagery_4\Surveys_IceSeals_2025\fl223\images_30deg_N68RF\right_view\ice_seals_2025_fl223_R_20250514_001142.447686_ir.tif,5399,58.050,80.034,69.273,93.596,0.23797,0,hotspot,0.23797
204,\\akc0ss-n086\NMML_Polar_Imagery_4\Surveys_IceSeals_2025\fl223\images_30deg_N68RF\right_view\ice_seals_2025_fl223_R_20250514_001142.447686_ir.tif,5399,126.197,475.572,136.565,485.995,0.16002,0,hotspot,0.16002
205,\\akc0ss-n086\NMML_Polar_Imagery_4\Surveys_IceSeals_2025\fl223\images_30deg_N68RF\right_view\ice_seals_2025_fl223_R_20250514_001142.447686_ir.tif,5399,55.394,94.808,66.106,103.582,0.14813,0,hotspot,0.14813
206,\\akc0ss-n086\NMML_Polar_Imagery_4\Surveys_IceSeals_2025\fl223\images_30deg_N68RF\right_view\ice_seals_2025_fl223_R_20250514_001144.646240_ir.tif,5401,86.996,438.287,99.326,449.105,0.35468,0,hotspot,0.35468
207,\\akc0ss-n086\NMML_Polar_Imagery_4\Surveys_IceSeals_2025\fl223\images_30deg_N68RF\right_view\ice_seals_2025_fl223_R_20250514_001149.040326_ir.tif,5405,432.541,1.272,442.362,12.396,0.11968,0,hotspot,0.11968
208,\\akc0ss-n086\NMML_Polar_Imagery_4\Surveys_IceSeals_2025\fl223\images_30deg_N68RF\right_view\ice_seals_2025_fl223_R_20250514_001153.421613_ir.tif,5409,502.712,65.069,514.202,76.968,0.19297,0,hotspot,0.19297
209,\\akc0ss-n086\NMML_Polar_Imagery_4\Surveys_IceSeals_2025\fl223\images_30deg_N68RF\right_view\ice_seals_2025_fl223_R_20250514_001154.512403_ir.tif,5410,462.733,465.554,474.153,477.019,0.57479,0,hotspot,0.57479
210,\\akc0ss-n086\NMML_Polar_Imagery_4\Surveys_IceSeals_2025\fl223\images_30deg_N68RF\right_view\ice_seals_2025_fl223_R_20250514_001156.691556_ir.tif,5412,73.259,346.417,84.361,356.617,0.35124,0,hotspot,0.35124
211,\\akc0ss-n086\NMML_Polar_Imagery_4\Surveys_IceSeals_2025\fl223\images_30deg_N68RF\right_view\ice_seals_2025_fl223_R_20250514_001202.131370_ir.tif,5417,462.503,207.837,472.440,218.995,0.18189,0,hotspot,0.18189
212,\\akc0ss-n086\NMML_Polar_Imagery_4\Surveys_IceSeals_2025\fl223\images_30deg_N68RF\right_view\ice_seals_2025_fl223_R_20250514_001221.609153_ir.tif,5435,239.041,224.008,248.995,236.392,0.19630,0,hotspot,0.19630
213,\\akc0ss-n086\NMML_Polar_Imagery_4\Surveys_IceSeals_2025\fl223\images_30deg_N68RF\right_view\ice_seals_2025_fl223_R_20250514_001225.916879_ir.tif,5439,182.309,317.182,191.967,326.975,0.11685,0,hotspot,0.11685
214,\\akc0ss-n086\NMML_Polar_Imagery_4\Surveys_IceSeals_2025\fl223\images_30deg_N68RF\right_view\ice_seals_2025_fl223_R_20250514_001226.994226_ir.tif,5440,49.472,71.054,59.518,81.470,0.41368,0,hotspot,0.41368
215,\\akc0ss-n086\NMML_Polar_Imagery_4\Surveys_IceSeals_2025\fl223\images_30deg_N68RF\right_view\ice_seals_2025_fl223_R_20250514_001231.301295_ir.tif,5444,248.044,119.118,258.032,130.834,0.53459,0,hotspot,0.53459
216,\\akc0ss-n086\NMML_Polar_Imagery_4\Surveys_IceSeals_2025\fl223\images_30deg_N68RF\right_view\ice_seals_2025_fl223_R_20250514_001232.376220_ir.tif,5445,361.655,260.070,372.565,269.545,0.43114,0,hotspot,0.43114
217,\\akc0ss-n086\NMML_Polar_Imagery_4\Surveys_IceSeals_2025\fl223\images_30deg_N68RF\right_view\ice_seals_2025_fl223_R_20250514_001232.376220_ir.tif,5445,361.242,273.760,371.266,284.327,0.41620,0,hotspot,0.41620
218,\\akc0ss-n086\NMML_Polar_Imagery_4\Surveys_IceSeals_2025\fl223\images_30deg_N68RF\right_view\ice_seals_2025_fl223_R_20250514_001232.376220_ir.tif,5445,455.761,21.220,466.045,35.416,0.23934,0,hotspot,0.23934
219,\\akc0ss-n086\NMML_Polar_Imagery_4\Surveys_IceSeals_2025\fl223\images_30deg_N68RF\right_view\ice_seals_2025_fl223_R_20250514_001232.376220_ir.tif,5445,50.073,111.612,61.982,124.381,0.23163,0,hotspot,0.23163
220,\\akc0ss-n086\NMML_Polar_Imagery_4\Surveys_IceSeals_2025\fl223\images_30deg_N68RF\right_view\ice_seals_2025_fl223_R_20250514_001233.450423_ir.tif,5446,441.364,414.890,450.974,428.803,0.14110,0,hotspot,0.14110
221,\\akc0ss-n086\NMML_Polar_Imagery_4\Surveys_IceSeals_2025\fl223\images_30deg_N68RF\right_view\ice_seals_2025_fl223_R_20250514_001234.524010_ir.tif,5447,34.342,269.887,43.758,279.715,0.15846,0,hotspot,0.15846
222,\\akc0ss-n086\NMML_Polar_Imagery_4\Surveys_IceSeals_2025\fl223\images_30deg_N68RF\right_view\ice_seals_2025_fl223_R_20250514_001236.669368_ir.tif,5449,46.009,0.185,57.784,10.045,0.66447,0,hotspot,0.66447
223,\\akc0ss-n086\NMML_Polar_Imagery_4\Surveys_IceSeals_2025\fl223\images_30deg_N68RF\right_view\ice_seals_2025_fl223_R_20250514_001237.741035_ir.tif,5450,28.670,452.675,38.725,462.632,0.63966,0,hotspot,0.63966
224,\\akc0ss-n086\NMML_Polar_Imagery_4\Surveys_IceSeals_2025\fl223\images_30deg_N68RF\right_view\ice_seals_2025_fl223_R_20250514_001237.741035_ir.tif,5450,27.929,451.288,39.844,463.341,0.12122,0,hotspot,0.12122
225,\\akc0ss-n086\NMML_Polar_Imagery_4\Surveys_IceSeals_2025\fl223\images_30deg_N68RF\right_view\ice_seals_2025_fl223_R_20250514_001243.097107_ir.tif,5455,631.096,356.836,639.768,368.184,0.14820,0,hotspot,0.14820
226,\\akc0ss-n086\NMML_Polar_Imagery_4\Surveys_IceSeals_2025\fl223\images_30deg_N68RF\right_view\ice_seals_2025_fl223_R_20250514_001245.238977_ir.tif,5457,68.324,139.644,78.130,154.090,0.63148,0,hotspot,0.63148
227,\\akc0ss-n086\NMML_Polar_Imagery_4\Surveys_IceSeals_2025\fl223\images_30deg_N68RF\right_view\ice_seals_2025_fl223_R_20250514_001246.309345_ir.tif,5458,42.489,0.000,53.094,8.390,0.34320,0,hotspot,0.34320
228,\\akc0ss-n086\NMML_Polar_Imagery_4\Surveys_IceSeals_2025\fl223\images_30deg_N68RF\right_view\ice_seals_2025_fl223_R_20250514_001247.380032_ir.tif,5459,23.554,448.574,32.554,459.948,0.44658,0,hotspot,0.44658
229,\\akc0ss-n086\NMML_Polar_Imagery_4\Surveys_IceSeals_2025\fl223\images_30deg_N68RF\right_view\ice_seals_2025_fl223_R_20250514_001248.450081_ir.tif,5460,602.407,420.727,610.424,430.324,0.41157,0,hotspot,0.41157
230,\\akc0ss-n086\NMML_Polar_Imagery_4\Surveys_IceSeals_2025\fl223\images_30deg_N68RF\right_view\ice_seals_2025_fl223_R_20250514_001248.450081_ir.tif,5460,601.361,419.232,611.499,431.451,0.12949,0,hotspot,0.12949
231,\\akc0ss-n086\NMML_Polar_Imagery_4\Surveys_IceSeals_2025\fl223\images_30deg_N68RF\right_view\ice_seals_2025_fl223_R_20250514_001300.216552_ir.tif,5471,92.636,328.887,104.022,341.486,0.60272,0,hotspot,0.60272
232,\\akc0ss-n086\NMML_Polar_Imagery_4\Surveys_IceSeals_2025\fl223\images_30deg_N68RF\right_view\ice_seals_2025_fl223_R_20250514_001301.285959_ir.tif,5472,615.671,93.240,626.803,107.307,0.63744,0,hotspot,0.63744
233,\\akc0ss-n086\NMML_Polar_Imagery_4\Surveys_IceSeals_2025\fl223\images_30deg_N68RF\right_view\ice_seals_2025_fl223_R_20250514_001302.355406_ir.tif,5473,595.793,460.339,606.617,473.964,0.68466,0,hotspot,0.68466
234,\\akc0ss-n086\NMML_Polar_Imagery_4\Surveys_IceSeals_2025\fl223\images_30deg_N68RF\right_view\ice_seals_2025_fl223_R_20250514_001306.637073_ir.tif,5477,282.276,315.013,291.205,328.677,0.20193,0,hotspot,0.20193
235,\\akc0ss-n086\NMML_Polar_Imagery_4\Surveys_IceSeals_2025\fl223\images_30deg_N68RF\right_view\ice_seals_2025_fl223_R_20250514_001306.637073_ir.tif,5477,301.390,283.747,310.329,294.525,0.11511,0,hotspot,0.11511
236,\\akc0ss-n086\NMML_Polar_Imagery_4\Surveys_IceSeals_2025\fl223\images_30deg_N68RF\right_view\ice_seals_2025_fl223_R_20250514_001314.125922_ir.tif,5484,0.894,435.373,11.808,447.311,0.10474,0,hotspot,0.10474
237,\\akc0ss-n086\NMML_Polar_Imagery_4\Surveys_IceSeals_2025\fl223\images_30deg_N68RF\right_view\ice_seals_2025_fl223_R_20250514_001329.059593_ir.tif,5498,0.000,0.000,6.054,6.487,0.25591,0,hotspot,0.25591
238,\\akc0ss-n086\NMML_Polar_Imagery_4\Surveys_IceSeals_2025\fl223\images_30deg_N68RF\right_view\ice_seals_2025_fl223_R_20250514_001331.192589_ir.tif,5500,88.418,161.113,98.881,175.903,0.48847,0,hotspot,0.48847
239,\\akc0ss-n086\NMML_Polar_Imagery_4\Surveys_IceSeals_2025\fl223\images_30deg_N68RF\right_view\ice_seals_2025_fl223_R_20250514_001332.260314_ir.tif,5501,398.316,497.455,408.406,508.652,0.11052,0,hotspot,0.11052
240,\\akc0ss-n086\NMML_Polar_Imagery_4\Surveys_IceSeals_2025\fl223\images_30deg_N68RF\right_view\ice_seals_2025_fl223_R_20250514_001336.536206_ir.tif,5505,348.568,0.543,360.859,10.358,0.41119,0,hotspot,0.41119
241,\\akc0ss-n086\NMML_Polar_Imagery_4\Surveys_IceSeals_2025\fl223\images_30deg_N68RF\right_view\ice_seals_2025_fl223_R_20250514_001336.536206_ir.tif,5505,161.727,243.710,174.366,256.984,0.24786,0,hotspot,0.24786
242,\\akc0ss-n086\NMML_Polar_Imagery_4\Surveys_IceSeals_2025\fl223\images_30deg_N68RF\right_view\ice_seals_2025_fl223_R_20250514_001337.605210_ir.tif,5506,332.562,409.686,344.362,420.147,0.36490,0,hotspot,0.36490
243,\\akc0ss-n086\NMML_Polar_Imagery_4\Surveys_IceSeals_2025\fl223\images_30deg_N68RF\right_view\ice_seals_2025_fl223_R_20250514_001340.811309_ir.tif,5509,216.967,118.749,227.627,131.668,0.55325,0,hotspot,0.55325
244,\\akc0ss-n086\NMML_Polar_Imagery_4\Surveys_IceSeals_2025\fl223\images_30deg_N68RF\right_view\ice_seals_2025_fl223_R_20250514_001342.948962_ir.tif,5511,423.216,327.920,432.543,338.119,0.47732,0,hotspot,0.47732
245,\\akc0ss-n086\NMML_Polar_Imagery_4\Surveys_IceSeals_2025\fl223\images_30deg_N68RF\right_view\ice_seals_2025_fl223_R_20250514_001342.948962_ir.tif,5511,405.496,326.146,416.269,336.330,0.17897,0,hotspot,0.17897
246,\\akc0ss-n086\NMML_Polar_Imagery_4\Surveys_IceSeals_2025\fl223\images_30deg_N68RF\right_view\ice_seals_2025_fl223_R_20250514_001344.018068_ir.tif,5512,628.410,364.598,639.303,376.214,0.65895,0,hotspot,0.65895
247,\\akc0ss-n086\NMML_Polar_Imagery_4\Surveys_IceSeals_2025\fl223\images_30deg_N68RF\right_view\ice_seals_2025_fl223_R_20250514_001351.513334_ir.tif,5519,437.996,372.404,448.515,385.434,0.43466,0,hotspot,0.43466
248,\\akc0ss-n086\NMML_Polar_Imagery_4\Surveys_IceSeals_2025\fl223\images_30deg_N68RF\right_view\ice_seals_2025_fl223_R_20250514_001351.513334_ir.tif,5519,284.866,103.600,296.656,116.922,0.41474,0,hotspot,0.41474
249,\\akc0ss-n086\NMML_Polar_Imagery_4\Surveys_IceSeals_2025\fl223\images_30deg_N68RF\right_view\ice_seals_2025_fl223_R_20250514_001353.653774_ir.tif,5521,186.083,122.723,197.814,133.148,0.20696,0,hotspot,0.20696
250,\\akc0ss-n086\NMML_Polar_Imagery_4\Surveys_IceSeals_2025\fl223\images_30deg_N68RF\right_view\ice_seals_2025_fl223_R_20250514_001355.789625_ir.tif,5523,377.832,294.763,388.910,307.627,0.71630,0,hotspot,0.71630
251,\\akc0ss-n086\NMML_Polar_Imagery_4\Surveys_IceSeals_2025\fl223\images_30deg_N68RF\right_view\ice_seals_2025_fl223_R_20250514_001357.922899_ir.tif,5525,117.654,268.044,128.129,279.169,0.59083,0,hotspot,0.59083
252,\\akc0ss-n086\NMML_Polar_Imagery_4\Surveys_IceSeals_2025\fl223\images_30deg_N68RF\right_view\ice_seals_2025_fl223_R_20250514_001358.989504_ir.tif,5526,319.089,146.587,328.624,159.470,0.54454,0,hotspot,0.54454
253,\\akc0ss-n086\NMML_Polar_Imagery_4\Surveys_IceSeals_2025\fl223\images_30deg_N68RF\right_view\ice_seals_2025_fl223_R_20250514_001358.989504_ir.tif,5526,136.510,346.842,147.167,358.259,0.29157,0,hotspot,0.29157
254,\\akc0ss-n086\NMML_Polar_Imagery_4\Surveys_IceSeals_2025\fl223\images_30deg_N68RF\right_view\ice_seals_2025_fl223_R_20250514_001358.989504_ir.tif,5526,626.805,357.902,637.980,375.024,0.12502,0,hotspot,0.12502
255,\\akc0ss-n086\NMML_Polar_Imagery_4\Surveys_IceSeals_2025\fl223\images_30deg_N68RF\right_view\ice_seals_2025_fl223_R_20250514_001401.124455_ir.tif,5528,38.054,294.152,47.021,305.606,0.58511,0,hotspot,0.58511
256,\\akc0ss-n086\NMML_Polar_Imagery_4\Surveys_IceSeals_2025\fl223\images_30deg_N68RF\right_view\ice_seals_2025_fl223_R_20250514_001401.124455_ir.tif,5528,16.926,449.183,25.986,458.579,0.22343,0,hotspot,0.22343
257,\\akc0ss-n086\NMML_Polar_Imagery_4\Surveys_IceSeals_2025\fl223\images_30deg_N68RF\right_view\ice_seals_2025_fl223_R_20250514_001402.192403_ir.tif,5529,609.296,218.201,619.233,239.883,0.17679,0,hotspot,0.17679
258,\\akc0ss-n086\NMML_Polar_Imagery_4\Surveys_IceSeals_2025\fl223\images_30deg_N68RF\right_view\ice_seals_2025_fl223_R_20250514_001406.462250_ir.tif,5533,275.215,39.645,285.729,53.156,0.54039,0,hotspot,0.54039
259,\\akc0ss-n086\NMML_Polar_Imagery_4\Surveys_IceSeals_2025\fl223\images_30deg_N68RF\right_view\ice_seals_2025_fl223_R_20250514_001407.529897_ir.tif,5534,260.800,459.692,271.487,472.988,0.43639,0,hotspot,0.43639
260,\\akc0ss-n086\NMML_Polar_Imagery_4\Surveys_IceSeals_2025\fl223\images_30deg_N68RF\right_view\ice_seals_2025_fl223_R_20250514_001410.734038_ir.tif,5537,214.724,239.236,225.262,254.206,0.15095,0,hotspot,0.15095
261,\\akc0ss-n086\NMML_Polar_Imagery_4\Surveys_IceSeals_2025\fl223\images_30deg_N68RF\right_view\ice_seals_2025_fl223_R_20250514_001412.870249_ir.tif,5539,256.045,37.941,267.429,51.519,0.53536,0,hotspot,0.53536
262,\\akc0ss-n086\NMML_Polar_Imagery_4\Surveys_IceSeals_2025\fl223\images_30deg_N68RF\right_view\ice_seals_2025_fl223_R_20250514_001413.937297_ir.tif,5540,241.483,460.955,253.240,474.858,0.28867,0,hotspot,0.28867
263,\\akc0ss-n086\NMML_Polar_Imagery_4\Surveys_IceSeals_2025\fl223\images_30deg_N68RF\right_view\ice_seals_2025_fl223_R_20250514_001415.004406_ir.tif,5541,427.195,290.133,437.316,301.010,0.23416,0,hotspot,0.23416
264,\\akc0ss-n086\NMML_Polar_Imagery_4\Surveys_IceSeals_2025\fl223\images_30deg_N68RF\right_view\ice_seals_2025_fl223_R_20250514_001418.205884_ir.tif,5544,436.581,305.595,446.794,321.085,0.10259,0,hotspot,0.10259
265,\\akc0ss-n086\NMML_Polar_Imagery_4\Surveys_IceSeals_2025\fl223\images_30deg_N68RF\right_view\ice_seals_2025_fl223_R_20250514_001419.272850_ir.tif,5545,53.875,84.405,65.482,96.902,0.11420,0,hotspot,0.11420
266,\\akc0ss-n086\NMML_Polar_Imagery_4\Surveys_IceSeals_2025\fl223\images_30deg_N68RF\right_view\ice_seals_2025_fl223_R_20250514_001422.471350_ir.tif,5548,114.447,164.653,125.654,179.195,0.10481,0,hotspot,0.10481
267,\\akc0ss-n086\NMML_Polar_Imagery_4\Surveys_IceSeals_2025\fl223\images_30deg_N68RF\right_view\ice_seals_2025_fl223_R_20250514_001423.537317_ir.tif,5549,368.162,85.739,379.162,98.888,0.72747,0,hotspot,0.72747
268,\\akc0ss-n086\NMML_Polar_Imagery_4\Surveys_IceSeals_2025\fl223\images_30deg_N68RF\right_view\ice_seals_2025_fl223_R_20250514_001424.602546_ir.tif,5550,355.833,492.120,366.785,504.903,0.62737,0,hotspot,0.62737
269,\\akc0ss-n086\NMML_Polar_Imagery_4\Surveys_IceSeals_2025\fl223\images_30deg_N68RF\right_view\ice_seals_2025_fl223_R_20250514_001428.865154_ir.tif,5554,369.273,222.420,379.131,233.620,0.34275,0,hotspot,0.34275
270,\\akc0ss-n086\NMML_Polar_Imagery_4\Surveys_IceSeals_2025\fl223\images_30deg_N68RF\right_view\ice_seals_2025_fl223_R_20250514_001436.330240_ir.tif,5561,301.830,0.324,312.611,11.854,0.62571,0,hotspot,0.62571
271,\\akc0ss-n086\NMML_Polar_Imagery_4\Surveys_IceSeals_2025\fl223\images_30deg_N68RF\right_view\ice_seals_2025_fl223_R_20250514_001437.396564_ir.tif,5562,285.977,416.528,296.853,429.114,0.62381,0,hotspot,0.62381
272,\\akc0ss-n086\NMML_Polar_Imagery_4\Surveys_IceSeals_2025\fl223\images_30deg_N68RF\right_view\ice_seals_2025_fl223_R_20250514_001449.142859_ir.tif,5573,410.425,224.821,421.272,237.309,0.30865,0,hotspot,0.30865
273,\\akc0ss-n086\NMML_Polar_Imagery_4\Surveys_IceSeals_2025\fl223\images_30deg_N68RF\right_view\ice_seals_2025_fl223_R_20250514_001451.284216_ir.tif,5575,182.596,268.786,194.375,283.521,0.53362,0,hotspot,0.53362
274,\\akc0ss-n086\NMML_Polar_Imagery_4\Surveys_IceSeals_2025\fl223\images_30deg_N68RF\right_view\ice_seals_2025_fl223_R_20250514_001506.287910_ir.tif,5589,480.316,364.154,490.167,377.586,0.35194,0,hotspot,0.35194
275,\\akc0ss-n086\NMML_Polar_Imagery_4\Surveys_IceSeals_2025\fl223\images_30deg_N68RF\right_view\ice_seals_2025_fl223_R_20250514_001508.430039_ir.tif,5591,480.033,236.826,491.774,247.583,0.35049,0,hotspot,0.35049
276,\\akc0ss-n086\NMML_Polar_Imagery_4\Surveys_IceSeals_2025\fl223\images_30deg_N68RF\right_view\ice_seals_2025_fl223_R_20250514_001511.644459_ir.tif,5594,76.757,77.039,86.816,85.802,0.10681,0,hotspot,0.10681
277,\\akc0ss-n086\NMML_Polar_Imagery_4\Surveys_IceSeals_2025\fl223\images_30deg_N68RF\right_view\ice_seals_2025_fl223_R_20250514_001513.788474_ir.tif,5596,427.621,184.907,437.689,197.071,0.48972,0,hotspot,0.48972
278,\\akc0ss-n086\NMML_Polar_Imagery_4\Surveys_IceSeals_2025\fl223\images_30deg_N68RF\right_view\ice_seals_2025_fl223_R_20250514_001513.788474_ir.tif,5596,346.867,270.135,356.445,281.261,0.39435,0,hotspot,0.39435
279,\\akc0ss-n086\NMML_Polar_Imagery_4\Surveys_IceSeals_2025\fl223\images_30deg_N68RF\right_view\ice_seals_2025_fl223_R_20250514_001520.208956_ir.tif,5602,0.000,121.825,7.004,132.665,0.38233,0,hotspot,0.38233
280,\\akc0ss-n086\NMML_Polar_Imagery_4\Surveys_IceSeals_2025\fl223\images_30deg_N68RF\right_view\ice_seals_2025_fl223_R_20250514_001522.348526_ir.tif,5604,83.886,353.761,94.067,366.999,0.37065,0,hotspot,0.37065
281,\\akc0ss-n086\NMML_Polar_Imagery_4\Surveys_IceSeals_2025\fl223\images_30deg_N68RF\right_view\ice_seals_2025_fl223_R_20250514_001523.418915_ir.tif,5605,247.764,391.501,256.988,406.565,0.10903,0,hotspot,0.10903
282,\\akc0ss-n086\NMML_Polar_Imagery_4\Surveys_IceSeals_2025\fl223\images_30deg_N68RF\right_view\ice_seals_2025_fl223_R_20250514_001524.489403_ir.tif,5606,426.459,330.320,435.867,344.990,0.29655,0,hotspot,0.29655
283,\\akc0ss-n086\NMML_Polar_Imagery_4\Surveys_IceSeals_2025\fl223\images_30deg_N68RF\right_view\ice_seals_2025_fl223_R_20250514_001525.560851_ir.tif,5607,572.855,470.328,586.149,485.310,0.18013,0,hotspot,0.18013
284,\\akc0ss-n086\NMML_Polar_Imagery_4\Surveys_IceSeals_2025\fl223\images_30deg_N68RF\right_view\ice_seals_2025_fl223_R_20250514_001542.707700_ir.tif,5623,122.212,125.836,131.966,137.958,0.42014,0,hotspot,0.42014
285,\\akc0ss-n086\NMML_Polar_Imagery_4\Surveys_IceSeals_2025\fl223\images_30deg_N68RF\right_view\ice_seals_2025_fl223_R_20250514_001543.777523_ir.tif,5624,404.316,372.955,414.478,384.325,0.71440,0,hotspot,0.71440
286,\\akc0ss-n086\NMML_Polar_Imagery_4\Surveys_IceSeals_2025\fl223\images_30deg_N68RF\right_view\ice_seals_2025_fl223_R_20250514_001543.777523_ir.tif,5624,313.921,63.682,323.906,76.761,0.24747,0,hotspot,0.24747
287,\\akc0ss-n086\NMML_Polar_Imagery_4\Surveys_IceSeals_2025\fl223\images_30deg_N68RF\right_view\ice_seals_2025_fl223_R_20250514_001544.846988_ir.tif,5625,299.992,478.824,309.729,491.530,0.55863,0,hotspot,0.55863
288,\\akc0ss-n086\NMML_Polar_Imagery_4\Surveys_IceSeals_2025\fl223\images_30deg_N68RF\right_view\ice_seals_2025_fl223_R_20250514_001553.395384_ir.tif,5633,234.020,52.438,245.732,64.499,0.25512,0,hotspot,0.25512
289,\\akc0ss-n086\NMML_Polar_Imagery_4\Surveys_IceSeals_2025\fl223\images_30deg_N68RF\right_view\ice_seals_2025_fl223_R_20250514_001601.931077_ir.tif,5641,525.965,287.694,536.523,297.977,0.17393,0,hotspot,0.17393
290,\\akc0ss-n086\NMML_Polar_Imagery_4\Surveys_IceSeals_2025\fl223\images_30deg_N68RF\right_view\ice_seals_2025_fl223_R_20250514_001601.931077_ir.tif,5641,279.686,240.049,288.738,250.393,0.11481,0,hotspot,0.11481
291,\\akc0ss-n086\NMML_Polar_Imagery_4\Surveys_IceSeals_2025\fl223\images_30deg_N68RF\right_view\ice_seals_2025_fl223_R_20250514_001608.344639_ir.tif,5647,198.593,91.544,208.591,105.611,0.35079,0,hotspot,0.35079
292,\\akc0ss-n086\NMML_Polar_Imagery_4\Surveys_IceSeals_2025\fl223\images_30deg_N68RF\right_view\ice_seals_2025_fl223_R_20250514_001614.765002_ir.tif,5653,620.032,47.215,629.672,59.474,0.11325,0,hotspot,0.11325
293,\\akc0ss-n086\NMML_Polar_Imagery_4\Surveys_IceSeals_2025\fl223\images_30deg_N68RF\right_view\ice_seals_2025_fl223_R_20250514_001620.121952_ir.tif,5658,125.993,158.687,138.081,172.726,0.50032,0,hotspot,0.50032
294,\\akc0ss-n086\NMML_Polar_Imagery_4\Surveys_IceSeals_2025\fl223\images_30deg_N68RF\right_view\ice_seals_2025_fl223_R_20250514_001620.121952_ir.tif,5658,285.934,285.455,295.666,297.286,0.44663,0,hotspot,0.44663
295,\\akc0ss-n086\NMML_Polar_Imagery_4\Surveys_IceSeals_2025\fl223\images_30deg_N68RF\right_view\ice_seals_2025_fl223_R_20250514_001621.194303_ir.tif,5659,94.781,256.145,106.657,268.975,0.51629,0,hotspot,0.51629
296,\\akc0ss-n086\NMML_Polar_Imagery_4\Surveys_IceSeals_2025\fl223\images_30deg_N68RF\right_view\ice_seals_2025_fl223_R_20250514_001622.267187_ir.tif,5660,16.762,377.051,28.986,393.249,0.51151,0,hotspot,0.51151
297,\\akc0ss-n086\NMML_Polar_Imagery_4\Surveys_IceSeals_2025\fl223\images_30deg_N68RF\right_view\ice_seals_2025_fl223_R_20250514_001627.636141_ir.tif,5665,627.054,157.678,637.771,169.502,0.57035,0,hotspot,0.57035
298,\\akc0ss-n086\NMML_Polar_Imagery_4\Surveys_IceSeals_2025\fl223\images_30deg_N68RF\right_view\ice_seals_2025_fl223_R_20250514_001630.859760_ir.tif,5668,287.935,177.827,298.164,189.667,0.34554,0,hotspot,0.34554
299,\\akc0ss-n086\NMML_Polar_Imagery_4\Surveys_IceSeals_2025\fl223\images_30deg_N68RF\right_view\ice_seals_2025_fl223_R_20250514_001630.859760_ir.tif,5668,11.221,428.616,22.091,440.026,0.11192,0,hotspot,0.11192
300,\\akc0ss-n086\NMML_Polar_Imagery_4\Surveys_IceSeals_2025\fl223\images_30deg_N68RF\right_view\ice_seals_2025_fl223_R_20250514_001631.935148_ir.tif,5669,473.999,121.167,484.745,137.567,0.50192,0,hotspot,0.50192
301,\\akc0ss-n086\NMML_Polar_Imagery_4\Surveys_IceSeals_2025\fl223\images_30deg_N68RF\right_view\ice_seals_2025_fl223_R_20250514_001639.468533_ir.tif,5676,217.503,113.095,227.085,128.075,0.64409,0,hotspot,0.64409
302,\\akc0ss-n086\NMML_Polar_Imagery_4\Surveys_IceSeals_2025\fl223\images_30deg_N68RF\right_view\ice_seals_2025_fl223_R_20250514_001639.468533_ir.tif,5676,462.592,337.167,471.967,347.379,0.23793,0,hotspot,0.23793
303,\\akc0ss-n086\NMML_Polar_Imagery_4\Surveys_IceSeals_2025\fl223\images_30deg_N68RF\right_view\ice_seals_2025_fl223_R_20250514_001641.620471_ir.tif,5678,281.957,63.164,292.140,74.576,0.15068,0,hotspot,0.15068
304,\\akc0ss-n086\NMML_Polar_Imagery_4\Surveys_IceSeals_2025\fl223\images_30deg_N68RF\right_view\ice_seals_2025_fl223_R_20250514_001642.696115_ir.tif,5679,309.283,303.020,321.159,315.408,0.23345,0,hotspot,0.23345
305,\\akc0ss-n086\NMML_Polar_Imagery_4\Surveys_IceSeals_2025\fl223\images_30deg_N68RF\right_view\ice_seals_2025_fl223_R_20250514_001644.847091_ir.tif,5681,38.350,33.444,49.327,47.806,0.51641,0,hotspot,0.51641
306,\\akc0ss-n086\NMML_Polar_Imagery_4\Surveys_IceSeals_2025\fl223\images_30deg_N68RF\right_view\ice_seals_2025_fl223_R_20250514_001645.922518_ir.tif,5682,22.496,485.783,34.107,501.431,0.63605,0,hotspot,0.63605
307,\\akc0ss-n086\NMML_Polar_Imagery_4\Surveys_IceSeals_2025\fl223\images_30deg_N68RF\right_view\ice_seals_2025_fl223_R_20250514_001650.224786_ir.tif,5686,125.585,271.429,134.995,281.235,0.12336,0,hotspot,0.12336
308,\\akc0ss-n086\NMML_Polar_Imagery_4\Surveys_IceSeals_2025\fl223\images_30deg_N68RF\right_view\ice_seals_2025_fl223_R_20250514_001652.378175_ir.tif,5688,260.653,380.566,270.226,395.015,0.61889,0,hotspot,0.61889
309,\\akc0ss-n086\NMML_Polar_Imagery_4\Surveys_IceSeals_2025\fl223\images_30deg_N68RF\right_view\ice_seals_2025_fl223_R_20250514_001654.533688_ir.tif,5690,76.814,319.923,88.209,334.454,0.67200,0,hotspot,0.67200
310,\\akc0ss-n086\NMML_Polar_Imagery_4\Surveys_IceSeals_2025\fl223\images_30deg_N68RF\right_view\ice_seals_2025_fl223_R_20250514_001701.005709_ir.tif,5696,303.132,190.761,313.265,205.253,0.50175,0,hotspot,0.50175
311,\\akc0ss-n086\NMML_Polar_Imagery_4\Surveys_IceSeals_2025\fl223\images_30deg_N68RF\right_view\ice_seals_2025_fl223_R_20250514_001703.162484_ir.tif,5698,232.392,13.020,242.325,27.894,0.62470,0,hotspot,0.62470
312,\\akc0ss-n086\NMML_Polar_Imagery_4\Surveys_IceSeals_2025\fl223\images_30deg_N68RF\right_view\ice_seals_2025_fl223_R_20250514_001703.162484_ir.tif,5698,465.185,121.274,476.609,134.961,0.52121,0,hotspot,0.52121
313,\\akc0ss-n086\NMML_Polar_Imagery_4\Surveys_IceSeals_2025\fl223\images_30deg_N68RF\right_view\ice_seals_2025_fl223_R_20250514_001703.162484_ir.tif,5698,306.516,179.056,316.690,191.904,0.45757,0,hotspot,0.45757
314,\\akc0ss-n086\NMML_Polar_Imagery_4\Surveys_IceSeals_2025\fl223\images_30deg_N68RF\right_view\ice_seals_2025_fl223_R_20250514_001703.162484_ir.tif,5698,385.438,282.785,395.722,295.733,0.14486,0,hotspot,0.14486
315,\\akc0ss-n086\NMML_Polar_Imagery_4\Surveys_IceSeals_2025\fl223\images_30deg_N68RF\right_view\ice_seals_2025_fl223_R_20250514_001704.239793_ir.tif,5699,195.645,270.514,205.875,284.955,0.12026,0,hotspot,0.12026
316,\\akc0ss-n086\NMML_Polar_Imagery_4\Surveys_IceSeals_2025\fl223\images_30deg_N68RF\right_view\ice_seals_2025_fl223_R_20250514_001706.393506_ir.tif,5701,14.837,366.389,26.680,383.341,0.72136,0,hotspot,0.72136
317,\\akc0ss-n086\NMML_Polar_Imagery_4\Surveys_IceSeals_2025\fl223\images_30deg_N68RF\right_view\ice_seals_2025_fl223_R_20250514_001709.622425_ir.tif,5704,435.435,271.913,445.948,283.886,0.10805,0,hotspot,0.10805
318,\\akc0ss-n086\NMML_Polar_Imagery_4\Surveys_IceSeals_2025\fl223\images_30deg_N68RF\right_view\ice_seals_2025_fl223_R_20250514_001711.773399_ir.tif,5706,249.699,247.349,260.547,258.939,0.33997,0,hotspot,0.33997
319,\\akc0ss-n086\NMML_Polar_Imagery_4\Surveys_IceSeals_2025\fl223\images_30deg_N68RF\right_view\ice_seals_2025_fl223_R_20250514_001721.444557_ir.tif,5715,353.445,103.983,362.295,115.087,0.25482,0,hotspot,0.25482
320,\\akc0ss-n086\NMML_Polar_Imagery_4\Surveys_IceSeals_2025\fl223\images_30deg_N68RF\right_view\ice_seals_2025_fl223_R_20250514_001725.731326_ir.tif,5719,266.938,111.081,277.115,122.846,0.10797,0,hotspot,0.10797
321,\\akc0ss-n086\NMML_Polar_Imagery_4\Surveys_IceSeals_2025\fl223\images_30deg_N68RF\right_view\ice_seals_2025_fl223_R_20250514_001727.872759_ir.tif,5721,228.239,68.482,238.160,81.041,0.19017,0,hotspot,0.19017
322,\\akc0ss-n086\NMML_Polar_Imagery_4\Surveys_IceSeals_2025\fl223\images_30deg_N68RF\right_view\ice_seals_2025_fl223_R_20250514_001748.240906_ir.tif,5740,274.724,275.223,284.168,285.624,0.58466,0,hotspot,0.58466
323,\\akc0ss-n086\NMML_Polar_Imagery_4\Surveys_IceSeals_2025\fl223\images_30deg_N68RF\right_view\ice_seals_2025_fl223_R_20250514_001800.051223_ir.tif,5751,470.800,241.157,481.281,251.962,0.61747,0,hotspot,0.61747
324,\\akc0ss-n086\NMML_Polar_Imagery_4\Surveys_IceSeals_2025\fl223\images_30deg_N68RF\right_view\ice_seals_2025_fl223_R_20250514_001808.635098_ir.tif,5759,595.594,14.933,605.660,27.171,0.16252,0,hotspot,0.16252
325,\\akc0ss-n086\NMML_Polar_Imagery_4\Surveys_IceSeals_2025\fl223\images_30deg_N68RF\right_view\ice_seals_2025_fl223_R_20250514_001837.579417_ir.tif,5786,357.125,132.309,366.791,147.855,0.28293,0,hotspot,0.28293
326,\\akc0ss-n086\NMML_Polar_Imagery_4\Surveys_IceSeals_2025\fl223\images_30deg_N68RF\right_view\ice_seals_2025_fl223_R_20250514_001845.078530_ir.tif,5793,302.337,113.345,314.721,125.273,0.73957,0,hotspot,0.73957
327,\\akc0ss-n086\NMML_Polar_Imagery_4\Surveys_IceSeals_2025\fl223\images_30deg_N68RF\right_view\ice_seals_2025_fl223_R_20250514_001845.078530_ir.tif,5793,242.781,91.676,252.446,105.650,0.66869,0,hotspot,0.66869
328,\\akc0ss-n086\NMML_Polar_Imagery_4\Surveys_IceSeals_2025\fl223\images_30deg_N68RF\right_view\ice_seals_2025_fl223_R_20250514_001847.221019_ir.tif,5795,397.977,367.317,407.180,379.662,0.13773,0,hotspot,0.13773
329,\\akc0ss-n086\NMML_Polar_Imagery_4\Surveys_IceSeals_2025\fl223\images_30deg_N68RF\right_view\ice_seals_2025_fl223_R_20250514_001920.514393_ir.tif,5826,177.377,117.787,187.545,126.985,0.13557,0,hotspot,0.13557
330,\\akc0ss-n086\NMML_Polar_Imagery_4\Surveys_IceSeals_2025\fl223\images_30deg_N68RF\right_view\ice_seals_2025_fl223_R_20250514_001921.588478_ir.tif,5827,369.978,0.426,382.099,14.721,0.19508,0,hotspot,0.19508
331,\\akc0ss-n086\NMML_Polar_Imagery_4\Surveys_IceSeals_2025\fl223\images_30deg_N68RF\right_view\ice_seals_2025_fl223_R_20250514_001922.662703_ir.tif,5828,358.176,405.425,368.655,420.186,0.17495,0,hotspot,0.17495
332,\\akc0ss-n086\NMML_Polar_Imagery_4\Surveys_IceSeals_2025\fl223\images_30deg_N68RF\right_view\ice_seals_2025_fl223_R_20250514_001935.550606_ir.tif,5840,398.830,176.037,409.170,187.572,0.41838,0,hotspot,0.41838
333,\\akc0ss-n086\NMML_Polar_Imagery_4\Surveys_IceSeals_2025\fl223\images_30deg_N68RF\right_view\ice_seals_2025_fl223_R_20250514_001936.626075_ir.tif,5841,371.111,92.517,380.927,106.166,0.16659,0,hotspot,0.16659
334,\\akc0ss-n086\NMML_Polar_Imagery_4\Surveys_IceSeals_2025\fl223\images_30deg_N68RF\right_view\ice_seals_2025_fl223_R_20250514_001937.701641_ir.tif,5842,351.028,495.137,361.925,510.770,0.43816,0,hotspot,0.43816
335,\\akc0ss-n086\NMML_Polar_Imagery_4\Surveys_IceSeals_2025\fl223\images_30deg_N68RF\right_view\ice_seals_2025_fl223_R_20250514_001939.852952_ir.tif,5844,508.790,196.453,519.343,212.316,0.70891,0,hotspot,0.70891
336,\\akc0ss-n086\NMML_Polar_Imagery_4\Surveys_IceSeals_2025\fl223\images_30deg_N68RF\right_view\ice_seals_2025_fl223_R_20250514_001942.004024_ir.tif,5846,478.074,111.296,488.968,125.651,0.10336,0,hotspot,0.10336
337,\\akc0ss-n086\NMML_Polar_Imagery_4\Surveys_IceSeals_2025\fl223\images_30deg_N68RF\right_view\ice_seals_2025_fl223_R_20250514_001943.079570_ir.tif,5847,237.870,251.188,248.990,261.666,0.48855,0,hotspot,0.48855
338,\\akc0ss-n086\NMML_Polar_Imagery_4\Surveys_IceSeals_2025\fl223\images_30deg_N68RF\right_view\ice_seals_2025_fl223_R_20250514_001944.155380_ir.tif,5848,190.844,204.308,200.866,221.101,0.62325,0,hotspot,0.62325
339,\\akc0ss-n086\NMML_Polar_Imagery_4\Surveys_IceSeals_2025\fl223\images_30deg_N68RF\right_view\ice_seals_2025_fl223_R_20250514_002000.287841_ir.tif,5863,327.113,298.443,336.347,308.406,0.11048,0,hotspot,0.11048
340,\\akc0ss-n086\NMML_Polar_Imagery_4\Surveys_IceSeals_2025\fl223\images_30deg_N68RF\right_view\ice_seals_2025_fl223_R_20250514_002000.287841_ir.tif,5863,151.932,95.537,162.215,106.133,0.10022,0,hotspot,0.10022
341,\\akc0ss-n086\NMML_Polar_Imagery_4\Surveys_IceSeals_2025\fl223\images_30deg_N68RF\right_view\ice_seals_2025_fl223_R_20250514_002001.367146_ir.tif,5864,510.067,69.584,522.748,83.041,0.16695,0,hotspot,0.16695
342,\\akc0ss-n086\NMML_Polar_Imagery_4\Surveys_IceSeals_2025\fl223\images_30deg_N68RF\right_view\ice_seals_2025_fl223_R_20250514_002013.196383_ir.tif,5875,577.877,157.605,590.519,170.758,0.42580,0,hotspot,0.42580
343,\\akc0ss-n086\NMML_Polar_Imagery_4\Surveys_IceSeals_2025\fl223\images_30deg_N68RF\right_view\ice_seals_2025_fl223_R_20250514_002015.355658_ir.tif,5877,269.834,363.293,280.578,377.563,0.62740,0,hotspot,0.62740
344,\\akc0ss-n086\NMML_Polar_Imagery_4\Surveys_IceSeals_2025\fl223\images_30deg_N68RF\right_view\ice_seals_2025_fl223_R_20250514_002015.355658_ir.tif,5877,271.496,366.723,282.100,382.207,0.28855,0,hotspot,0.28855
345,\\akc0ss-n086\NMML_Polar_Imagery_4\Surveys_IceSeals_2025\fl223\images_30deg_N68RF\right_view\ice_seals_2025_fl223_R_20250514_002035.835503_ir.tif,5896,41.493,409.991,54.381,422.405,0.26624,0,hotspot,0.26624
346,\\akc0ss-n086\NMML_Polar_Imagery_4\Surveys_IceSeals_2025\fl223\images_30deg_N68RF\right_view\ice_seals_2025_fl223_R_20250514_002036.913049_ir.tif,5897,191.612,384.473,201.953,399.393,0.13084,0,hotspot,0.13084
347,\\akc0ss-n086\NMML_Polar_Imagery_4\Surveys_IceSeals_2025\fl223\images_30deg_N68RF\right_view\ice_seals_2025_fl223_R_20250514_002042.307982_ir.tif,5902,166.704,390.823,177.488,404.855,0.52216,0,hotspot,0.52216
348,\\akc0ss-n086\NMML_Polar_Imagery_4\Surveys_IceSeals_2025\fl223\images_30deg_N68RF\right_view\ice_seals_2025_fl223_R_20250514_002154.313059_ir.tif,5906,128.244,393.801,137.981,404.473,0.37766,0,hotspot,0.37766
349,\\akc0ss-n086\NMML_Polar_Imagery_4\Surveys_IceSeals_2025\fl223\images_30deg_N68RF\right_view\ice_seals_2025_fl223_R_20250514_002206.123631_ir.tif,5917,159.193,249.216,175.857,260.272,0.11702,0,hotspot,0.11702
350,\\akc0ss-n086\NMML_Polar_Imagery_4\Surveys_IceSeals_2025\fl223\images_30deg_N68RF\right_view\ice_seals_2025_fl223_R_20250514_002209.347335_ir.tif,5920,513.136,152.679,523.126,163.896,0.61877,0,hotspot,0.61877
351,\\akc0ss-n086\NMML_Polar_Imagery_4\Surveys_IceSeals_2025\fl223\images_30deg_N68RF\right_view\ice_seals_2025_fl223_R_20250514_002209.347335_ir.tif,5920,499.559,118.449,509.204,129.327,0.50847,0,hotspot,0.50847
352,\\akc0ss-n086\NMML_Polar_Imagery_4\Surveys_IceSeals_2025\fl223\images_30deg_N68RF\right_view\ice_seals_2025_fl223_R_20250514_002210.422460_ir.tif,5921,470.866,502.001,481.081,511.736,0.72266,0,hotspot,0.72266
353,\\akc0ss-n086\NMML_Polar_Imagery_4\Surveys_IceSeals_2025\fl223\images_30deg_N68RF\right_view\ice_seals_2025_fl223_R_20250514_002212.573153_ir.tif,5923,346.245,69.694,354.862,80.447,0.21084,0,hotspot,0.21084
354,\\akc0ss-n086\NMML_Polar_Imagery_4\Surveys_IceSeals_2025\fl223\images_30deg_N68RF\right_view\ice_seals_2025_fl223_R_20250514_002224.398607_ir.tif,5934,436.976,130.314,447.600,141.176,0.43827,0,hotspot,0.43827
355,\\akc0ss-n086\NMML_Polar_Imagery_4\Surveys_IceSeals_2025\fl223\images_30deg_N68RF\right_view\ice_seals_2025_fl223_R_20250514_002227.624829_ir.tif,5937,112.701,70.390,121.911,80.158,0.46958,0,hotspot,0.46958
356,\\akc0ss-n086\NMML_Polar_Imagery_4\Surveys_IceSeals_2025\fl223\images_30deg_N68RF\right_view\ice_seals_2025_fl223_R_20250514_002229.775022_ir.tif,5939,162.244,60.731,173.671,75.536,0.50069,0,hotspot,0.50069
357,\\akc0ss-n086\NMML_Polar_Imagery_4\Surveys_IceSeals_2025\fl223\images_30deg_N68RF\right_view\ice_seals_2025_fl223_R_20250514_002230.850388_ir.tif,5940,240.651,292.695,253.153,305.636,0.44964,0,hotspot,0.44964
358,\\akc0ss-n086\NMML_Polar_Imagery_4\Surveys_IceSeals_2025\fl223\images_30deg_N68RF\right_view\ice_seals_2025_fl223_R_20250514_002233.003000_ir.tif,5942,113.371,383.828,123.525,396.812,0.47599,0,hotspot,0.47599
359,\\akc0ss-n086\NMML_Polar_Imagery_4\Surveys_IceSeals_2025\fl223\images_30deg_N68RF\right_view\ice_seals_2025_fl223_R_20250514_002235.155715_ir.tif,5944,404.154,416.844,415.162,426.675,0.41208,0,hotspot,0.41208
360,\\akc0ss-n086\NMML_Polar_Imagery_4\Surveys_IceSeals_2025\fl223\images_30deg_N68RF\right_view\ice_seals_2025_fl223_R_20250514_002238.384315_ir.tif,5947,523.108,95.223,534.358,107.877,0.24347,0,hotspot,0.24347
361,\\akc0ss-n086\NMML_Polar_Imagery_4\Surveys_IceSeals_2025\fl223\images_30deg_N68RF\right_view\ice_seals_2025_fl223_R_20250514_002239.459300_ir.tif,5948,543.536,473.651,558.032,485.810,0.12402,0,hotspot,0.12402
362,\\akc0ss-n086\NMML_Polar_Imagery_4\Surveys_IceSeals_2025\fl223\images_30deg_N68RF\right_view\ice_seals_2025_fl223_R_20250514_002240.533710_ir.tif,5949,326.563,161.859,336.633,176.176,0.33258,0,hotspot,0.33258
363,\\akc0ss-n086\NMML_Polar_Imagery_4\Surveys_IceSeals_2025\fl223\images_30deg_N68RF\right_view\ice_seals_2025_fl223_R_20250514_002244.831037_ir.tif,5953,33.869,168.100,44.532,179.068,0.57885,0,hotspot,0.57885
364,\\akc0ss-n086\NMML_Polar_Imagery_4\Surveys_IceSeals_2025\fl223\images_30deg_N68RF\right_view\ice_seals_2025_fl223_R_20250514_002250.200531_ir.tif,5958,361.836,177.822,370.966,189.216,0.19328,0,hotspot,0.19328
365,\\akc0ss-n086\NMML_Polar_Imagery_4\Surveys_IceSeals_2025\fl223\images_30deg_N68RF\right_view\ice_seals_2025_fl223_R_20250514_002258.804646_ir.tif,5966,349.022,107.789,359.868,121.056,0.13963,0,hotspot,0.13963
366,\\akc0ss-n086\NMML_Polar_Imagery_4\Surveys_IceSeals_2025\fl223\images_30deg_N68RF\right_view\ice_seals_2025_fl223_R_20250514_002302.027827_ir.tif,5969,136.651,359.265,148.123,373.025,0.31360,0,hotspot,0.31360
367,\\akc0ss-n086\NMML_Polar_Imagery_4\Surveys_IceSeals_2025\fl223\images_30deg_N68RF\right_view\ice_seals_2025_fl223_R_20250514_002304.176076_ir.tif,5971,95.710,0.641,109.914,12.565,0.16093,0,hotspot,0.16093
368,\\akc0ss-n086\NMML_Polar_Imagery_4\Surveys_IceSeals_2025\fl223\images_30deg_N68RF\right_view\ice_seals_2025_fl223_R_20250514_002306.324091_ir.tif,5973,554.890,275.878,564.902,287.645,0.41968,0,hotspot,0.41968
369,\\akc0ss-n086\NMML_Polar_Imagery_4\Surveys_IceSeals_2025\fl223\images_30deg_N68RF\right_view\ice_seals_2025_fl223_R_20250514_002321.363305_ir.tif,5987,321.351,99.500,330.731,110.776,0.28931,0,hotspot,0.28931
370,\\akc0ss-n086\NMML_Polar_Imagery_4\Surveys_IceSeals_2025\fl223\images_30deg_N68RF\right_view\ice_seals_2025_fl223_R_20250514_002349.286622_ir.tif,6013,149.079,246.688,158.991,259.007,0.36370,0,hotspot,0.36370
371,\\akc0ss-n086\NMML_Polar_Imagery_4\Surveys_IceSeals_2025\fl223\images_30deg_N68RF\right_view\ice_seals_2025_fl223_R_20250514_002349.286622_ir.tif,6013,158.323,263.457,170.076,273.822,0.31338,0,hotspot,0.31338
372,\\akc0ss-n086\NMML_Polar_Imagery_4\Surveys_IceSeals_2025\fl223\images_30deg_N68RF\right_view\ice_seals_2025_fl223_R_20250514_002349.286622_ir.tif,6013,153.133,261.087,164.763,272.418,0.12810,0,hotspot,0.12810
373,\\akc0ss-n086\NMML_Polar_Imagery_4\Surveys_IceSeals_2025\fl223\images_30deg_N68RF\right_view\ice_seals_2025_fl223_R_20250514_002408.658364_ir.tif,6031,231.183,276.519,241.467,291.855,0.43166,0,hotspot,0.43166
374,\\akc0ss-n086\NMML_Polar_Imagery_4\Surveys_IceSeals_2025\fl223\images_30deg_N68RF\right_view\ice_seals_2025_fl223_R_20250514_002411.875907_ir.tif,6034,372.439,326.068,383.834,340.660,0.25337,0,hotspot,0.25337
375,\\akc0ss-n086\NMML_Polar_Imagery_4\Surveys_IceSeals_2025\fl223\images_30deg_N68RF\right_view\ice_seals_2025_fl223_R_20250514_002516.622935_ir.tif,6094,269.410,186.374,279.253,196.845,0.29813,0,hotspot,0.29813
376,\\akc0ss-n086\NMML_Polar_Imagery_4\Surveys_IceSeals_2025\fl223\images_30deg_N68RF\right_view\ice_seals_2025_fl223_R_20250514_002525.287204_ir.tif,6102,450.529,328.190,460.616,339.599,0.24403,0,hotspot,0.24403
377,\\akc0ss-n086\NMML_Polar_Imagery_4\Surveys_IceSeals_2025\fl223\images_30deg_N68RF\right_view\ice_seals_2025_fl223_R_20250514_002526.371612_ir.tif,6103,86.799,351.955,96.887,363.875,0.50777,0,hotspot,0.50777
378,\\akc0ss-n086\NMML_Polar_Imagery_4\Surveys_IceSeals_2025\fl223\images_30deg_N68RF\right_view\ice_seals_2025_fl223_R_20250514_002541.515806_ir.tif,6117,345.499,292.108,353.233,300.634,0.20205,0,hotspot,0.20205
379,\\akc0ss-n086\NMML_Polar_Imagery_4\Surveys_IceSeals_2025\fl223\images_30deg_N68RF\right_view\ice_seals_2025_fl223_R_20250514_002622.549326_ir.tif,6155,320.199,239.042,330.844,256.240,0.22230,0,hotspot,0.22230
380,\\akc0ss-n086\NMML_Polar_Imagery_4\Surveys_IceSeals_2025\fl223\images_30deg_N68RF\right_view\ice_seals_2025_fl223_R_20250514_002623.627511_ir.tif,6156,38.240,138.480,51.541,148.103,0.42524,0,hotspot,0.42524
381,\\akc0ss-n086\NMML_Polar_Imagery_4\Surveys_IceSeals_2025\fl223\images_30deg_N68RF\right_view\ice_seals_2025_fl223_R_20250514_002623.627511_ir.tif,6156,37.227,137.696,52.900,149.433,0.13196,0,hotspot,0.13196
382,\\akc0ss-n086\NMML_Polar_Imagery_4\Surveys_IceSeals_2025\fl223\images_30deg_N68RF\right_view\ice_seals_2025_fl223_R_20250514_002635.472107_ir.tif,6167,105.472,128.002,116.388,137.635,0.60876,0,hotspot,0.60876
383,\\akc0ss-n086\NMML_Polar_Imagery_4\Surveys_IceSeals_2025\fl223\images_30deg_N68RF\right_view\ice_seals_2025_fl223_R_20250514_002645.154930_ir.tif,6176,181.170,2.219,193.301,13.460,0.59290,0,hotspot,0.59290
384,\\akc0ss-n086\NMML_Polar_Imagery_4\Surveys_IceSeals_2025\fl223\images_30deg_N68RF\right_view\ice_seals_2025_fl223_R_20250514_002646.231235_ir.tif,6177,156.235,439.112,168.679,449.855,0.71942,0,hotspot,0.71942
385,\\akc0ss-n086\NMML_Polar_Imagery_4\Surveys_IceSeals_2025\fl223\images_30deg_N68RF\right_view\ice_seals_2025_fl223_R_20250514_002715.145158_ir.tif,6204,265.935,372.937,275.964,384.802,0.70187,0,hotspot,0.70187
386,\\akc0ss-n086\NMML_Polar_Imagery_4\Surveys_IceSeals_2025\fl223\images_30deg_N68RF\right_view\ice_seals_2025_fl223_R_20250514_002716.212126_ir.tif,6205,154.442,300.197,164.259,309.785,0.13454,0,hotspot,0.13454
387,\\akc0ss-n086\NMML_Polar_Imagery_4\Surveys_IceSeals_2025\fl223\images_30deg_N68RF\right_view\ice_seals_2025_fl223_R_20250514_002853.914920_ir.tif,6297,53.447,14.223,63.668,27.514,0.10300,0,hotspot,0.10300
388,\\akc0ss-n086\NMML_Polar_Imagery_4\Surveys_IceSeals_2025\fl223\images_30deg_N68RF\right_view\ice_seals_2025_fl223_R_20250514_002854.973126_ir.tif,6298,28.702,465.653,39.240,478.102,0.14375,0,hotspot,0.14375
389,\\akc0ss-n086\NMML_Polar_Imagery_4\Surveys_IceSeals_2025\fl223\images_30deg_N68RF\right_view\ice_seals_2025_fl223_R_20250514_002901.326626_ir.tif,6304,151.399,224.293,159.452,231.215,0.49697,0,hotspot,0.49697
390,\\akc0ss-n086\NMML_Polar_Imagery_4\Surveys_IceSeals_2025\fl223\images_30deg_N68RF\right_view\ice_seals_2025_fl223_R_20250514_003147.008069_ir.tif,6460,421.793,169.912,430.821,180.055,0.22944,0,hotspot,0.22944
391,\\akc0ss-n086\NMML_Polar_Imagery_4\Surveys_IceSeals_2025\fl223\images_30deg_N68RF\right_view\ice_seals_2025_fl223_R_20250514_003208.692826_ir.tif,6480,132.445,222.339,141.479,230.979,0.26393,0,hotspot,0.26393
392,\\akc0ss-n086\NMML_Polar_Imagery_4\Surveys_IceSeals_2025\fl223\images_30deg_N68RF\right_view\ice_seals_2025_fl223_R_20250514_003211.951809_ir.tif,6483,597.801,90.066,608.556,98.854,0.19172,0,hotspot,0.19172
393,\\akc0ss-n086\NMML_Polar_Imagery_4\Surveys_IceSeals_2025\fl223\images_30deg_N68RF\right_view\ice_seals_2025_fl223_R_20250514_003211.951809_ir.tif,6483,601.258,99.709,615.147,109.787,0.15345,0,hotspot,0.15345
394,\\akc0ss-n086\NMML_Polar_Imagery_4\Surveys_IceSeals_2025\fl223\images_30deg_N68RF\right_view\ice_seals_2025_fl223_R_20250514_003213.038535_ir.tif,6484,578.146,465.119,587.294,474.239,0.18055,0,hotspot,0.18055
395,\\akc0ss-n086\NMML_Polar_Imagery_4\Surveys_IceSeals_2025\fl223\images_30deg_N68RF\right_view\ice_seals_2025_fl223_R_20250514_003213.038535_ir.tif,6484,582.287,473.618,594.703,482.437,0.14730,0,hotspot,0.14730
396,\\akc0ss-n086\NMML_Polar_Imagery_4\Surveys_IceSeals_2025\fl223\images_30deg_N68RF\right_view\ice_seals_2025_fl223_R_20250514_003213.038535_ir.tif,6484,579.253,462.457,591.586,473.704,0.13783,0,hotspot,0.13783
397,\\akc0ss-n086\NMML_Polar_Imagery_4\Surveys_IceSeals_2025\fl223\images_30deg_N68RF\right_view\ice_seals_2025_fl223_R_20250514_004416.956229_ir.tif,6689,258.674,1.877,268.558,15.317,0.20685,0,hotspot,0.20685
398,\\akc0ss-n086\NMML_Polar_Imagery_4\Surveys_IceSeals_2025\fl223\images_30deg_N68RF\right_view\ice_seals_2025_fl223_R_20250514_004418.067338_ir.tif,6690,258.886,421.885,268.398,436.013,0.44283,0,hotspot,0.44283
399,\\akc0ss-n086\NMML_Polar_Imagery_4\Surveys_IceSeals_2025\fl223\images_30deg_N68RF\right_view\ice_seals_2025_fl223_R_20250514_004448.071129_ir.tif,6717,370.385,374.497,383.586,385.633,0.12807,0,hotspot,0.12807
400,\\akc0ss-n086\NMML_Polar_Imagery_4\Surveys_IceSeals_2025\fl223\images_30deg_N68RF\right_view\ice_seals_2025_fl223_R_20250514_004502.543842_ir.tif,6730,230.461,150.095,241.222,161.218,0.10078,0,hotspot,0.10078
401,\\akc0ss-n086\NMML_Polar_Imagery_4\Surveys_IceSeals_2025\fl223\images_30deg_N68RF\right_view\ice_seals_2025_fl223_R_20250514_004522.652609_ir.tif,6748,467.549,251.803,477.004,263.327,0.43452,0,hotspot,0.43452
402,\\akc0ss-n086\NMML_Polar_Imagery_4\Surveys_IceSeals_2025\fl223\images_30deg_N68RF\right_view\ice_seals_2025_fl223_R_20250514_004555.188097_ir.tif,6777,98.113,228.459,107.802,243.409,0.14065,0,hotspot,0.14065
403,\\akc0ss-n086\NMML_Polar_Imagery_4\Surveys_IceSeals_2025\fl223\images_30deg_N68RF\right_view\ice_seals_2025_fl223_R_20250514_004604.183754_ir.tif,6785,351.681,311.635,364.320,323.479,0.72990,0,hotspot,0.72990
404,\\akc0ss-n086\NMML_Polar_Imagery_4\Surveys_IceSeals_2025\fl223\images_30deg_N68RF\right_view\ice_seals_2025_fl223_R_20250514_004618.836306_ir.tif,6798,109.965,343.320,126.034,353.852,0.17952,0,hotspot,0.17952
405,\\akc0ss-n086\NMML_Polar_Imagery_4\Surveys_IceSeals_2025\fl223\images_30deg_N68RF\right_view\ice_seals_2025_fl223_R_20250514_004650.488887_ir.tif,6826,435.866,200.315,449.821,210.236,0.23242,0,hotspot,0.23242
406,\\akc0ss-n086\NMML_Polar_Imagery_4\Surveys_IceSeals_2025\fl223\images_30deg_N68RF\right_view\ice_seals_2025_fl223_R_20250514_004709.718873_ir.tif,6843,523.348,118.846,538.380,130.245,0.15552,0,hotspot,0.15552
407,\\akc0ss-n086\NMML_Polar_Imagery_4\Surveys_IceSeals_2025\fl223\images_30deg_N68RF\right_view\ice_seals_2025_fl223_R_20250514_004733.511082_ir.tif,6864,593.567,78.177,605.043,89.899,0.23788,0,hotspot,0.23788
408,\\akc0ss-n086\NMML_Polar_Imagery_4\Surveys_IceSeals_2025\fl223\images_30deg_N68RF\right_view\ice_seals_2025_fl223_R_20250514_004734.646171_ir.tif,6865,589.546,445.927,601.646,458.689,0.29129,0,hotspot,0.29129
409,\\akc0ss-n086\NMML_Polar_Imagery_4\Surveys_IceSeals_2025\fl223\images_30deg_N68RF\right_view\ice_seals_2025_fl223_R_20250514_004739.189718_ir.tif,6869,470.327,133.628,481.302,144.718,0.38347,0,hotspot,0.38347
410,\\akc0ss-n086\NMML_Polar_Imagery_4\Surveys_IceSeals_2025\fl223\images_30deg_N68RF\right_view\ice_seals_2025_fl223_R_20250514_004739.189718_ir.tif,6869,321.636,315.870,331.877,327.117,0.33212,0,hotspot,0.33212
411,\\akc0ss-n086\NMML_Polar_Imagery_4\Surveys_IceSeals_2025\fl223\images_30deg_N68RF\right_view\ice_seals_2025_fl223_R_20250514_004743.733167_ir.tif,6873,213.775,14.422,224.265,28.426,0.13162,0,hotspot,0.13162
412,\\akc0ss-n086\NMML_Polar_Imagery_4\Surveys_IceSeals_2025\fl223\images_30deg_N68RF\right_view\ice_seals_2025_fl223_R_20250514_004746.006663_ir.tif,6875,175.466,187.742,186.311,203.554,0.41087,0,hotspot,0.41087
413,\\akc0ss-n086\NMML_Polar_Imagery_4\Surveys_IceSeals_2025\fl223\images_30deg_N68RF\right_view\ice_seals_2025_fl223_R_20250514_004756.258248_ir.tif,6884,302.452,28.288,313.911,40.764,0.26555,0,hotspot,0.26555
414,\\akc0ss-n086\NMML_Polar_Imagery_4\Surveys_IceSeals_2025\fl223\images_30deg_N68RF\right_view\ice_seals_2025_fl223_R_20250514_004801.959167_ir.tif,6889,218.346,380.787,230.043,392.399,0.50761,0,hotspot,0.50761
415,\\akc0ss-n086\NMML_Polar_Imagery_4\Surveys_IceSeals_2025\fl223\images_30deg_N68RF\right_view\ice_seals_2025_fl223_R_20250514_004803.100152_ir.tif,6890,328.048,77.816,338.817,88.925,0.46245,0,hotspot,0.46245
416,\\akc0ss-n086\NMML_Polar_Imagery_4\Surveys_IceSeals_2025\fl223\images_30deg_N68RF\right_view\ice_seals_2025_fl223_R_20250514_004852.273267_ir.tif,6933,43.406,13.749,54.834,25.679,0.41848,0,hotspot,0.41848
417,\\akc0ss-n086\NMML_Polar_Imagery_4\Surveys_IceSeals_2025\fl223\images_30deg_N68RF\right_view\ice_seals_2025_fl223_R_20250514_004902.566975_ir.tif,6942,619.089,230.004,632.618,240.998,0.48476,0,hotspot,0.48476
418,\\akc0ss-n086\NMML_Polar_Imagery_4\Surveys_IceSeals_2025\fl223\images_30deg_N68RF\right_view\ice_seals_2025_fl223_R_20250514_004926.556786_ir.tif,6963,537.461,127.814,548.815,137.730,0.67042,0,hotspot,0.67042
419,\\akc0ss-n086\NMML_Polar_Imagery_4\Surveys_IceSeals_2025\fl223\images_30deg_N68RF\right_view\ice_seals_2025_fl223_R_20250514_004959.608418_ir.tif,6992,352.544,32.104,362.115,42.946,0.70574,0,hotspot,0.70574
420,\\akc0ss-n086\NMML_Polar_Imagery_4\Surveys_IceSeals_2025\fl223\images_30deg_N68RF\right_view\ice_seals_2025_fl223_R_20250514_005000.748646_ir.tif,6993,349.380,442.085,358.024,452.691,0.48564,0,hotspot,0.48564
421,\\akc0ss-n086\NMML_Polar_Imagery_4\Surveys_IceSeals_2025\fl223\images_30deg_N68RF\right_view\ice_seals_2025_fl223_R_20250514_005016.693526_ir.tif,7007,183.197,62.354,193.869,75.628,0.20493,0,hotspot,0.20493
422,\\akc0ss-n086\NMML_Polar_Imagery_4\Surveys_IceSeals_2025\fl223\images_30deg_N68RF\right_view\ice_seals_2025_fl223_R_20250514_005024.660823_ir.tif,7014,163.776,0.122,173.848,10.443,0.43541,0,hotspot,0.43541
423,\\akc0ss-n086\NMML_Polar_Imagery_4\Surveys_IceSeals_2025\fl223\images_30deg_N68RF\right_view\ice_seals_2025_fl223_R_20250514_005025.797425_ir.tif,7015,156.588,434.280,166.787,444.940,0.34143,0,hotspot,0.34143
424,\\akc0ss-n086\NMML_Polar_Imagery_4\Surveys_IceSeals_2025\fl223\images_30deg_N68RF\right_view\ice_seals_2025_fl223_R_20250514_005025.797425_ir.tif,7015,1.940,260.409,12.632,274.529,0.10563,0,hotspot,0.10563
425,\\akc0ss-n086\NMML_Polar_Imagery_4\Surveys_IceSeals_2025\fl223\images_30deg_N68RF\right_view\ice_seals_2025_fl223_R_20250514_005029.206548_ir.tif,7018,151.335,115.885,161.224,125.717,0.51258,0,hotspot,0.51258
426,\\akc0ss-n086\NMML_Polar_Imagery_4\Surveys_IceSeals_2025\fl223\images_30deg_N68RF\right_view\ice_seals_2025_fl223_R_20250514_005030.342617_ir.tif,7019,352.738,140.974,368.026,154.726,0.15002,0,hotspot,0.15002
427,\\akc0ss-n086\NMML_Polar_Imagery_4\Surveys_IceSeals_2025\fl223\images_30deg_N68RF\right_view\ice_seals_2025_fl223_R_20250514_005032.614834_ir.tif,7021,448.381,296.848,459.162,314.590,0.17733,0,hotspot,0.17733
428,\\akc0ss-n086\NMML_Polar_Imagery_4\Surveys_IceSeals_2025\fl223\images_30deg_N68RF\right_view\ice_seals_2025_fl223_R_20250514_005032.614834_ir.tif,7021,334.053,272.052,343.834,283.079,0.16553,0,hotspot,0.16553
429,\\akc0ss-n086\NMML_Polar_Imagery_4\Surveys_IceSeals_2025\fl223\images_30deg_N68RF\right_view\ice_seals_2025_fl223_R_20250514_005033.750519_ir.tif,7022,0.097,53.421,10.636,66.501,0.42046,0,hotspot,0.42046
430,\\akc0ss-n086\NMML_Polar_Imagery_4\Surveys_IceSeals_2025\fl223\images_30deg_N68RF\right_view\ice_seals_2025_fl223_R_20250514_005039.426733_ir.tif,7027,0.007,302.518,5.296,315.866,0.11117,0,hotspot,0.11117
431,\\akc0ss-n086\NMML_Polar_Imagery_4\Surveys_IceSeals_2025\fl223\images_30deg_N68RF\right_view\ice_seals_2025_fl223_R_20250514_005040.560745_ir.tif,7028,320.323,41.424,331.539,54.058,0.11999,0,hotspot,0.11999
432,\\akc0ss-n086\NMML_Polar_Imagery_4\Surveys_IceSeals_2025\fl223\images_30deg_N68RF\right_view\ice_seals_2025_fl223_R_20250514_005155.368521_ir.tif,7032,29.191,0.927,50.178,12.426,0.21984,0,hotspot,0.21984
433,\\akc0ss-n086\NMML_Polar_Imagery_4\Surveys_IceSeals_2025\fl223\images_30deg_N68RF\right_view\ice_seals_2025_fl223_R_20250514_005222.620357_ir.tif,7056,332.994,271.724,342.326,291.884,0.16223,0,hotspot,0.16223
434,\\akc0ss-n086\NMML_Polar_Imagery_4\Surveys_IceSeals_2025\fl223\images_30deg_N68RF\right_view\ice_seals_2025_fl223_R_20250514_005224.888587_ir.tif,7058,210.180,197.040,221.764,211.089,0.66346,0,hotspot,0.66346
435,\\akc0ss-n086\NMML_Polar_Imagery_4\Surveys_IceSeals_2025\fl223\images_30deg_N68RF\right_view\ice_seals_2025_fl223_R_20250514_005253.269351_ir.tif,7083,616.399,488.735,627.759,498.805,0.13478,0,hotspot,0.13478
436,\\akc0ss-n086\NMML_Polar_Imagery_4\Surveys_IceSeals_2025\fl223\images_30deg_N68RF\right_view\ice_seals_2025_fl223_R_20250514_005256.675193_ir.tif,7086,148.869,328.949,158.067,342.741,0.23074,0,hotspot,0.23074
437,\\akc0ss-n086\NMML_Polar_Imagery_4\Surveys_IceSeals_2025\fl223\images_30deg_N68RF\right_view\ice_seals_2025_fl223_R_20250514_005257.810384_ir.tif,7087,305.307,54.290,317.341,67.161,0.48533,0,hotspot,0.48533
438,\\akc0ss-n086\NMML_Polar_Imagery_4\Surveys_IceSeals_2025\fl223\images_30deg_N68RF\right_view\ice_seals_2025_fl223_R_20250514_005318.280112_ir.tif,7105,27.281,173.076,38.097,183.218,0.29852,0,hotspot,0.29852
439,\\akc0ss-n086\NMML_Polar_Imagery_4\Surveys_IceSeals_2025\fl223\images_30deg_N68RF\right_view\ice_seals_2025_fl223_R_20250514_005319.419178_ir.tif,7106,525.684,112.319,536.436,128.838,0.12666,0,hotspot,0.12666
440,\\akc0ss-n086\NMML_Polar_Imagery_4\Surveys_IceSeals_2025\fl223\images_30deg_N68RF\right_view\ice_seals_2025_fl223_R_20250514_005320.558166_ir.tif,7107,518.571,494.363,529.220,510.395,0.16132,0,hotspot,0.16132
441,\\akc0ss-n086\NMML_Polar_Imagery_4\Surveys_IceSeals_2025\fl223\images_30deg_N68RF\right_view\ice_seals_2025_fl223_R_20250514_005325.112415_ir.tif,7111,307.532,66.718,318.710,76.575,0.29204,0,hotspot,0.29204
442,\\akc0ss-n086\NMML_Polar_Imagery_4\Surveys_IceSeals_2025\fl223\images_30deg_N68RF\right_view\ice_seals_2025_fl223_R_20250514_005326.251041_ir.tif,7112,296.790,481.263,307.049,490.224,0.14981,0,hotspot,0.14981
443,\\akc0ss-n086\NMML_Polar_Imagery_4\Surveys_IceSeals_2025\fl223\images_30deg_N68RF\right_view\ice_seals_2025_fl223_R_20250514_005328.529017_ir.tif,7114,462.027,355.316,472.240,367.782,0.23801,0,hotspot,0.23801
444,\\akc0ss-n086\NMML_Polar_Imagery_4\Surveys_IceSeals_2025\fl223\images_30deg_N68RF\right_view\ice_seals_2025_fl223_R_20250514_005329.668188_ir.tif,7115,395.028,90.793,408.000,101.151,0.27616,0,hotspot,0.27616
445,\\akc0ss-n086\NMML_Polar_Imagery_4\Surveys_IceSeals_2025\fl223\images_30deg_N68RF\right_view\ice_seals_2025_fl223_R_20250514_005331.948158_ir.tif,7117,149.315,214.061,160.124,223.346,0.12124,0,hotspot,0.12124
446,\\akc0ss-n086\NMML_Polar_Imagery_4\Surveys_IceSeals_2025\fl223\images_30deg_N68RF\right_view\ice_seals_2025_fl223_R_20250514_005333.089306_ir.tif,7118,126.775,335.879,136.352,345.341,0.20181,0,hotspot,0.20181
447,\\akc0ss-n086\NMML_Polar_Imagery_4\Surveys_IceSeals_2025\fl223\images_30deg_N68RF\right_view\ice_seals_2025_fl223_R_20250514_005333.089306_ir.tif,7118,349.523,393.974,358.341,403.201,0.14704,0,hotspot,0.14704
448,\\akc0ss-n086\NMML_Polar_Imagery_4\Surveys_IceSeals_2025\fl223\images_30deg_N68RF\right_view\ice_seals_2025_fl223_R_20250514_005333.089306_ir.tif,7118,159.175,131.785,173.174,141.134,0.13984,0,hotspot,0.13984
449,\\akc0ss-n086\NMML_Polar_Imagery_4\Surveys_IceSeals_2025\fl223\images_30deg_N68RF\right_view\ice_seals_2025_fl223_R_20250514_005333.089306_ir.tif,7118,342.202,397.627,350.668,405.985,0.10316,0,hotspot,0.10316
450,\\akc0ss-n086\NMML_Polar_Imagery_4\Surveys_IceSeals_2025\fl223\images_30deg_N68RF\right_view\ice_seals_2025_fl223_R_20250514_005334.230734_ir.tif,7119,127.821,296.544,137.661,310.954,0.20987,0,hotspot,0.20987
451,\\akc0ss-n086\NMML_Polar_Imagery_4\Surveys_IceSeals_2025\fl223\images_30deg_N68RF\right_view\ice_seals_2025_fl223_R_20250514_005408.508692_ir.tif,7149,342.415,374.920,351.580,384.904,0.38152,0,hotspot,0.38152
452,\\akc0ss-n086\NMML_Polar_Imagery_4\Surveys_IceSeals_2025\fl223\images_30deg_N68RF\right_view\ice_seals_2025_fl223_R_20250514_005413.087203_ir.tif,7153,582.510,76.003,593.599,85.816,0.61195,0,hotspot,0.61195
453,\\akc0ss-n086\NMML_Polar_Imagery_4\Surveys_IceSeals_2025\fl223\images_30deg_N68RF\right_view\ice_seals_2025_fl223_R_20250514_005414.232129_ir.tif,7154,571.536,447.041,582.758,457.816,0.62628,0,hotspot,0.62628
