sci.name,common_name,family,genus
ABUDEFDUF_SAXATILIS,sergeant major,Pomacentridae,Abudefduf
ABUDEFDUF_SP,NA,Pomacentridae,Abudefduf
ACANTHEMBLEMARIA_SPINOSA,spinyhead blenny,Chaenopsidae,Acanthemblemaria
ACANTHOCYBIUM_SOLANDRI,wahoo,Scombridae,Acanthocybium
ACANTHONUS_SP,NA,NA,NA
ACANTHOSTRACION_POLYGONIUM,honeycomb cowfish,Ostraciidae,Acanthostracion
ACANTHOSTRACION_QUADRICORNIS,scrawled cowfish,Ostraciidae,Acanthostracion
ACANTHOSTRACION_SP,NA,NA,NA
ACANTHURIDAE_SP,NA,Acanthuridae,NA
ACANTHURUS_CHIRURGUS,doctorfish,Acanthuridae,Acanthurus
ACANTHURUS_COERULEUS,blue tang surgeonfish,Acanthuridae,Acanthurus
ACANTHURUS_SP,NA,Acanthuridae,Acanthurus
ACANTHURUS_TRACTUS,fiveband surgeonfish,Acanthuridae,Acanthurus
ACIPENSER_SP,NA,Acipenseridae,Acipenser
AETOBATUS_NARINARI,spotted eagle ray,Myliobatidae,Aetobatus
ALBULA_SP,NA,Albulidae,Albula
ALBULA_VULPES,bonefish,Albulidae,Albula
ALECTIS_CILIARIS,African pompano,Carangidae,Alectis
ALOSA_SP,NA,NA,NA
ALUTERUS_HEUDELOTII,dotterel filefish,Monacanthidae,Aluterus
ALUTERUS_MONOCEROS,unicorn leatherjacket,Monacanthidae,Aluterus
ALUTERUS_SCHOEPFII,orange filefish,Monacanthidae,Aluterus
ALUTERUS_SCRIPTUS,scrawled filefish,Monacanthidae,Aluterus
ALUTERUS_SP,NA,Monacanthidae,Aluterus
AMBLYCIRRHITUS_PINOS,redspotted hawkfish,Cirrhitidae,Amblycirrhitus
ANCYLOPSETTA_QUADROCELLATA,NA,Paralichthyidae,Ancylopsetta
ANGUILLIFORMES_SP,NA,NA,NA
ANISOTREMUS_SURINAMENSIS,NA,Haemulidae,Anisotremus
ANISOTREMUS_VIRGINICUS,porkfish,Haemulidae,Anisotremus
ANTENNARIIDAE_SP,NA,Antennariidae,NA
ANTHIADIDAE_SP,NA,NA,NA
ANTHIAS_SP,NA,NA,NA
ANTHIAS_WOODSI,swallowtail bass,Anthiadidae,Anthias
ANTIGONIA_CAPROS,deepbody boarfish,Caproidae,Antigonia
APOGONIDAE_SP,NA,Apogonidae,NA
APOGON_MACULATUS,flamefish,Apogonidae,Apogon
APOGON_PSEUDOMACULATUS,twospot cardinalfish,Apogonidae,Apogon
APOGON_SP,NA,Apogonidae,Apogon
ARCHOSARGUS_PROBATOCEPHALUS,NA,Sparidae,Archosargus
ARIIDAE_SP,NA,Ariidae,NA
ARIOPSIS_FELIS,hardheaded sea catfish,Ariidae,Ariopsis
AULOSTOMUS_MACULATUS,trumpetfish,Aulostomidae,Aulostomus
AZURINA_CYANEA,blue chromis,Pomacentridae,Chromis
AZURINA_MULTILINEATA,brown chromis,Pomacentridae,Chromis
BAITFISH_UNK,NA,NA,NA
BALDWINELLA_AUREORUBENS,streamer bass,Anthiadidae,Baldwinella
BALDWINELLA_VIVANUS,red barbier,Anthiadidae,Baldwinella
BALISTES_CAPRISCUS,grey triggerfish,Balistidae,Balistes
BALISTES_SP,NA,Balistidae,Balistes
BALISTES_VETULA,queen triggerfish,Balistidae,Balistes
BALISTIDAE_SP,NA,Balistidae,NA
BATHYTOSHIA_CENTROURA,roughtail stingray,Dasyatidae,Bathytoshia
BATOIDEA_SP,NA,NA,NA
BELLATOR_EGRETTA,streamer searobin,Triglidae,Bellator
BELLATOR_SP,NA,NA,NA
BLENNIIDAE_SP,NA,Blenniidae,NA
BODIANUS_PARRAE,NA,Labridae,Bodianus
BODIANUS_PULCHELLUS,spotfin hogfish,Labridae,Bodianus
BODIANUS_RUFUS,Spanish hogfish,Labridae,Bodianus
BODIANUS_SP,NA,Labridae,Bodianus
BOLLMANNIA_SP,NA,Gobiidae,Bollmannia
BOTHIDAE_SP,NA,Bothidae,NA
BOTHUS_OCELLATUS,eyed flounder,Bothidae,Bothus
BROTULA_BARBATA,bearded brotula,Ophidiidae,Brotula
BYTHITIDAE_SP,NA,Bythitidae,NA
CALAMUS_ARCTIFRONS,grass porgy,Sparidae,Calamus
CALAMUS_BAJONADO,jolthead porgy,Sparidae,Calamus
CALAMUS_CALAMUS,saucereye porgy,Sparidae,Calamus
CALAMUS_LEUCOSTEUS,whitebone porgy,Sparidae,Calamus
CALAMUS_NODOSUS,NA,Sparidae,Calamus
CALAMUS_PENNA,sheepshead porgy,Sparidae,Calamus
CALAMUS_PRORIDENS,littlehead porgy,Sparidae,Calamus
CALAMUS_SP,NA,NA,NA
CALLIONYMIDAE_SP,NA,Callionymidae,NA
CALLIONYMUS_BAIRDI,lancer dragonet,Callionymidae,Callionymus
CANTHERHINES_MACROCERUS,NA,Monacanthidae,Cantherhines
CANTHERHINES_PULLUS,orangespotted filefish,Monacanthidae,Cantherhines
CANTHERHINES_SP,NA,Monacanthidae,Cantherhines
CANTHIDERMIS_SP,NA,Balistidae,Canthidermis
CANTHIDERMIS_SUFFLAMEN,ocean triggerfish,Balistidae,Canthidermis
CANTHIGASTER_JAMESTYLERI,NA,Tetraodontidae,Canthigaster
CANTHIGASTER_ROSTRATA,Caribbean sharpnose-puffer,Tetraodontidae,Canthigaster
CANTHIGASTER_SP,NA,NA,NA
CARANGIDAE_SP,NA,Carangidae,NA
CARANX_BARTHOLOMAEI,yellow jack,Carangidae,Carangoides
CARANX_CRYSOS,blue runner,Carangidae,Caranx
CARANX_HIPPOS,crevalle jack,Carangidae,Caranx
CARANX_LATUS,horse-eye jack,Carangidae,Caranx
CARANX_LUGUBRIS,black jack,Carangidae,Caranx
CARANX_RUBER,bar jack,Carangidae,Carangoides
CARANX_SP,NA,Carangidae,Caranx
CARCHARHINIDAE_SP,NA,NA,NA
CARCHARHINIFORMES_SP,NA,NA,NA
CARCHARHINUS_ACRONOTUS,blacknose shark,Carcharhinidae,Carcharhinus
CARCHARHINUS_BREVIPINNA,spinner shark,Carcharhinidae,Carcharhinus
CARCHARHINUS_FALCIFORMIS,silky shark,Carcharhinidae,Carcharhinus
CARCHARHINUS_LEUCAS,bull shark,Carcharhinidae,Carcharhinus
CARCHARHINUS_LIMBATUS,blacktip shark,Carcharhinidae,Carcharhinus
CARCHARHINUS_OBSCURUS,dusky shark,Carcharhinidae,Carcharhinus
CARCHARHINUS_PEREZII,Caribbean reef shark,Carcharhinidae,Carcharhinus
CARCHARHINUS_PLUMBEUS,sandbar shark,Carcharhinidae,Carcharhinus
CARCHARHINUS_SP,NA,NA,NA
CAULOLATILUS_CHRYSOPS,Atlantic goldeneye tilefish,Malacanthidae,Caulolatilus
CAULOLATILUS_CYANOPS,blackline tilefish,Malacanthidae,Caulolatilus
CAULOLATILUS_INTERMEDIUS,Gulf bareye tilefish,Malacanthidae,Caulolatilus
CAULOLATILUS_MICROPS,grey tilefish,Malacanthidae,Caulolatilus
CAULOLATILUS_SP,NA,NA,NA
CENTROPOMUS_UNDECIMALIS,NA,Centropomidae,Centropomus
CENTROPRISTIS_FUSCULA,NA,Serranidae,Serranus
CENTROPRISTIS_OCYURUS,bank sea bass,Serranidae,Centropristis
CENTROPRISTIS_PHILADELPHICA,rock sea bass,Serranidae,Centropristis
CENTROPRISTIS_SP,NA,NA,NA
CENTROPRISTIS_STRIATA,black sea bass,Serranidae,Centropristis
CENTROPYGE_ARGI,cherubfish,Pomacanthidae,Centropyge
CEPHALOPHOLIS_CRUENTATA,graysby,Serranidae,Cephalopholis
CEPHALOPHOLIS_FULVA,coney,Serranidae,Cephalopholis
CEPHALOPHOLIS_FURCIFER,NA,NA,NA
CEPHALOPHOLIS_SP,NA,Serranidae,Cephalopholis
CHAENOPSIDAE_SP,NA,NA,NA
CHAENOPSIS_OCELLATA,NA,NA,NA
CHAENOPSIS_SP,NA,NA,NA
CHAETODIPTERUS_FABER,NA,Ephippidae,Chaetodipterus
CHAETODONTIDAE_SP,NA,NA,NA
CHAETODON_CAPISTRATUS,four-eye butterflyfish,Chaetodontidae,Chaetodon
CHAETODON_OCELLATUS,spotfin butterflyfish,Chaetodontidae,Chaetodon
CHAETODON_SEDENTARIUS,reef butterflyfish,Chaetodontidae,Chaetodon
CHAETODON_SP,NA,Chaetodontidae,Chaetodon
CHAETODON_STRIATUS,banded butterflyfish,Chaetodontidae,Chaetodon
CHALINOPS_PAUCIRADIATUS,NA,Callionymidae,Chalinops
CHILOMYCTERUS_ANTILLARUM,web burrfish,Diodontidae,Chilomycterus
CHILOMYCTERUS_SCHOEPFII,striped burrfish,Diodontidae,Chilomycterus
CHILOMYCTERUS_SP,NA,NA,NA
CHLOROSCOMBRUS_CHRYSURUS,Atlantic bumper,Carangidae,Chloroscombrus
CHORANTHIAS_TENUIS,NA,NA,NA
CHROMIS_ENCHRYSURUS,yellowtail reeffish,Pomacentridae,Chromis
CHROMIS_INSOLATA,sunshinefish,Pomacentridae,Chromis
CHROMIS_SCOTTI,NA,Pomacentridae,Chromis
CHROMIS_SP,NA,Pomacentridae,Chromis
CLINIDAE_SP,NA,NA,NA
CLUPEIDAE_SP,NA,Clupeidae,NA
CLUPEIFORMES_SP,NA,NA,NA
CONGRIDAE_SP,NA,Congridae,NA
COOKEOLUS_JAPONICUS,longfinned bullseye,Priacanthidae,Cookeolus
CORNIGER_SPINOSUS,spinycheek soldierfish,Holocentridae,Corniger
CORYPHAENA_HIPPURUS,common dolphinfish,Coryphaenidae,Coryphaena
CORYPHOPTERUS_SP,NA,Gobiidae,Coryphopterus
CRYPTOTOMUS_ROSEUS,bluelip parrotfish,Labridae,Cryptotomus
CTENOGOBIUS_SP,NA,NA,NA
CYCLOPSETTA_CHITTENDENI,Mexican flounder,Cyclopsettidae,Cyclopsetta
CYCLOPSETTA_FIMBRIATA,spotfin flounder,Cyclopsettidae,Cyclopsetta
CYCLOPSETTA_SP,NA,NA,NA
DACTYLOPTERUS_VOLITANS,flying gurnard,Dactylopteridae,Dactylopterus
DASYATIDAE_SP,NA,Dasyatidae,NA
DECAPTERUS_MACARELLUS,mackerel scad,Carangidae,Decapterus
DECAPTERUS_PUNCTATUS,round scad,Carangidae,Decapterus
DECAPTERUS_SELAR_TRACHURUS_SP,NA,NA,NA
DECAPTERUS_SP,NA,Carangidae,Decapterus
DECODON_PUELLARIS,red hogfish,Labridae,Decodon
DECODON_SP,NA,NA,NA
DERMATOLEPIS_INERMIS,NA,Serranidae,Dermatolepis
DIODONTIDAE_SP,NA,NA,NA
DIODON_HOLOCANTHUS,long-spine porcupinefish,Diodontidae,Diodon
DIODON_HYSTRIX,spot-fin porcupinefish,Diodontidae,Diodon
DIODON_SP,NA,Diodontidae,Diodon
DIPLECTRUM_BIVITTATUM,dwarf sand perch,Serranidae,Diplectrum
DIPLECTRUM_FORMOSUM,sand perch,Serranidae,Diplectrum
DIPLECTRUM_SP,NA,NA,NA
DIPLODUS_CAUDIMACULA,NA,NA,NA
DIPLODUS_HOLBROOKII,spottail pinfish,Sparidae,Diplodus
ECHENEIDAE_SP,NA,NA,NA
ECHENEIS_NAUCRATES,live sharksucker,Echeneidae,Echeneis
ECHENEIS_NEUCRATOIDES,whitefin sharksucker,Echeneidae,Echeneis
ECHENEIS_SP,NA,NA,NA
ELACATINUS_GENIE,NA,Gobiidae,Elacatinus
ELACATINUS_OCEANOPS,neon goby,Gobiidae,Elacatinus
ELAGATIS_BIPINNULATA,rainbow runner,Carangidae,Elagatis
ELAGATIS_SP,NA,NA,NA
ELASMOBRANCHII_SP,NA,NA,NA
ELOPS_SAURUS,ladyfish,Elopidae,Elops
EMBLEMARIA_PANDIONIS,sailfin blenny,Chaenopsidae,Emblemaria
EMBLEMARIA_SP,NA,NA,NA
ENNEANECTES_ALTIVELIS,lofty triplefin,Tripterygiidae,Enneanectes
EPINEPHELIDAE_SP,NA,NA,NA
EPINEPHELUS_ADSCENSIONIS,rock hind,Serranidae,Epinephelus
EPINEPHELUS_GUTTATUS,red hind,Serranidae,Epinephelus
EPINEPHELUS_ITAJARA,itajara,Serranidae,Epinephelus
EPINEPHELUS_MORIO,red grouper,Serranidae,Epinephelus
EPINEPHELUS_SP,NA,Serranidae,Epinephelus
EPINEPHELUS_STRIATUS,Nassau grouper,Serranidae,Epinephelus
EQUES_LANCEOLATUS,jack-knifefish,Pimelodidae,Eques
EQUES_SP,NA,NA,NA
ETELIS_OCULATUS,queen snapper,Lutjanidae,Etelis
ETRUMEUS_SADINA,red-eye round herring,Dussumieriidae,Etrumeus
EUCINOSTOMUS_SP,NA,NA,NA
EUTHYNNUS_ALLETTERATUS,little tunny,Scombridae,Euthynnus
FISTULARIA_SP,NA,NA,NA
FISTULARIA_TABACARIA,cornetfish,Fistulariidae,Fistularia
FOWLERICHTHYS_OCELLATUS,NA,Antennariidae,Fowlerichthys
GALEOCERDO_CUVIER,tiger shark,Carcharhinidae,Galeocerdo
GASTEROSTEIFORMES_SP,NA,NA,NA
GERREIDAE_SP,NA,Gerreidae,NA
GINGLYMOSTOMA_CIRRATUM,nurse shark,Ginglymostomatidae,Ginglymostoma
GOBIDAE_BLENIDAE_SP,NA,NA,NA
GOBIIDAE_SP,NA,Gobiidae,NA
GOBIOCLINUS_GOBIO,palehead blenny,Labrisomidae,Gobioclinus
GOBIOSOMA_SP,NA,NA,NA
GONIOPLECTRUS_HISPANUS,NA,Serranidae,Gonioplectrus
GYMNOTHORAX_FUNEBRIS,green moray eel,Muraenidae,Gymnothorax
GYMNOTHORAX_HUBBSI,NA,NA,NA
GYMNOTHORAX_KOLPOS,blacktail moray,Muraenidae,Gymnothorax
GYMNOTHORAX_MILIARIS,goldentail moray,Muraenidae,Gymnothorax
GYMNOTHORAX_MORINGA,spotted moray,Muraenidae,Gymnothorax
GYMNOTHORAX_NIGROMARGINATUS,blackedge moray,Muraenidae,Gymnothorax
GYMNOTHORAX_SAXICOLA,NA,Muraenidae,Gymnothorax
GYMNOTHORAX_SP,NA,Muraenidae,Gymnothorax
GYMNOTHORAX_VICINUS,purplemouth moray,Muraenidae,Gymnothorax
HAEMULIDAE_SP,NA,NA,NA
HAEMULON_ALBUM,NA,Haemulidae,Haemulon
HAEMULON_AUROLINEATUM,NA,Haemulidae,Haemulon
HAEMULON_CARBONARIUM,NA,Haemulidae,Haemulon
HAEMULON_FLAVOLINEATUM,NA,Haemulidae,Haemulon
HAEMULON_MACROSTOMA,NA,Haemulidae,Haemulon
HAEMULON_MELANURUM,NA,Haemulidae,Haemulon
HAEMULON_PARRA,NA,Haemulidae,Haemulon
HAEMULON_PLUMIERII,NA,Haemulidae,Haemulon
HAEMULON_SCIURUS,NA,Haemulidae,Haemulon
HAEMULON_SP,NA,NA,NA
HAEMULON_STRIATUM,NA,Haemulidae,Haemulon
HAEMULON_VITTATUM,boga,Haemulidae,Haemulon
HALICHOERES_BATHYPHILUS,greenband wrasse,Labridae,Halichoeres
HALICHOERES_BIVITTATUS,slippery dick,Labridae,Halichoeres
HALICHOERES_CAUDALIS,NA,Labridae,Halichoeres
HALICHOERES_CYANOCEPHALUS,yellowcheek wrasse,Labridae,Halichoeres
HALICHOERES_GARNOTI,yellowhead wrasse,Labridae,Halichoeres
HALICHOERES_MACULIPINNA,clown wrasse,Labridae,Halichoeres
HALICHOERES_PICTUS,rainbow wrasse,Labridae,Halichoeres
HALICHOERES_POEYI,blackear wrasse,Labridae,Halichoeres
HALICHOERES_RADIATUS,puddingwife wrasse,Labridae,Halichoeres
HALICHOERES_SP,NA,Labridae,Halichoeres
HEMANTHIAS_LEPTUS,longtail bass,Anthiadidae,Hemanthias
HEMANTHIAS_SP,NA,NA,NA
HEMIRAMPHUS_BRASILIENSIS,NA,Hemiramphidae,Hemiramphus
HETEROCONGER_LONGISSIMUS,NA,Congridae,Heteroconger
HETEROCONGER_SP,NA,NA,NA
HETEROCONGRINAE,garden eels,Congridae,NA
HETEROPRIACANTHUS_CRUENTATUS,glasseye,Priacanthidae,Heteropriacanthus
HIPPOCAMPUS_SP,NA,Syngnathidae,Hippocampus
HOLACANTHUS_BERMUDENSIS,Bermuda blue angelfish,Pomacanthidae,Holacanthus
HOLACANTHUS_CILIARIS,queen angelfish,Pomacanthidae,Holacanthus
HOLACANTHUS_SP,NA,NA,NA
HOLACANTHUS_TRICOLOR,rock beauty,Pomacanthidae,Holacanthus
HOLLARDIA_MEADI,NA,Triacanthodidae,Hollardia
HOLOCENTRIDAE_SP,NA,Holocentridae,NA
HOLOCENTRUS_ADSCENSIONIS,longjaw squirrelfish,Holocentridae,Holocentrus
HOLOCENTRUS_RUFUS,longspine squirrelfish,Holocentridae,Holocentrus
HOLOCENTRUS_SP,NA,NA,NA
HYPANUS_AMERICANUS,southern stingray,Dasyatidae,Hypanus
HYPANUS_SABINUS,Atlantic stingray,Dasyatidae,Hypanus
HYPANUS_SAY,NA,Dasyatidae,Dasyatis
HYPANUS_SP,NA,NA,NA
HYPOPLECTRUS_FLORIDAE,NA,Serranidae,Hypoplectrus
HYPOPLECTRUS_GEMMA,blue hamlet,Serranidae,Hypoplectrus
HYPOPLECTRUS_GUTTAVARIUS,shy hamlet,Serranidae,Hypoplectrus
HYPOPLECTRUS_NIGRICANS,black hamlet,Serranidae,Hypoplectrus
HYPOPLECTRUS_PUELLA,barred hamlet,Serranidae,Hypoplectrus
HYPOPLECTRUS_SP,NA,Serranidae,Hypoplectrus
HYPOPLECTRUS_UNICOLOR,butter hamlet,Serranidae,Hypoplectrus
HYPORTHODUS_DRUMMONDHAYI,NA,NA,NA
HYPORTHODUS_FLAVOLIMBATUS,yellowedge grouper,Serranidae,Hyporthodus
HYPORTHODUS_MYSTACINUS,misty grouper,Serranidae,Hyporthodus
HYPORTHODUS_NIGRITUS,Warsaw grouper,Serranidae,Hyporthodus
HYPORTHODUS_NIVEATUS,snowy grouper,Serranidae,Hyporthodus
HYPORTHODUS_SP,NA,NA,NA
KATSUWONUS_PELAMIS,skipjack tuna,Scombridae,Katsuwonus
KYPHOSIDAE_SP,NA,Kyphosidae,NA
KYPHOSUS_SECTATRIX,Bermuda sea chub,Kyphosidae,Kyphosus
KYPHOSUS_SP,NA,Kyphosidae,Kyphosus
KYPHOSUS_VAIGIENSIS,brassy chub,Kyphosidae,Kyphosus
LABRIDAE_SP,NA,Labridae,NA
LABRIDAE_SP_PARROTFISH,NA,NA,NA
LABRIDAE_SP_WRASSE,NA,NA,NA
LABROIDEI_SP,NA,NA,NA
LACHNOLAIMUS_MAXIMUS,hogfish,Labridae,Lachnolaimus
LACTOPHRYS_BICAUDALIS,spotted trunkfish,Ostraciidae,Lactophrys
LACTOPHRYS_SP,NA,NA,NA
LACTOPHRYS_TRIGONUS,buffalo trunkfish,Ostraciidae,Lactophrys
LACTOPHRYS_TRIQUETER,smooth trunkfish,Ostraciidae,Rhinesomus
LAGOCEPHALUS_LAEVIGATUS,smooth puffer,Tetraodontidae,Lagocephalus
LAGOCEPHALUS_SP,NA,Tetraodontidae,Lagocephalus
LAGODON_RHOMBOIDES,NA,Sparidae,Lagodon
LAMNIFORMES_SP,NA,NA,NA
LEIOSTOMUS_XANTHURUS,spot croaker,Sciaenidae,Leiostomus
LEPOPHIDIUM_JEANNAE,mottled cusk-eel,Ophidiidae,Lepophidium
LIOPROPOMA_EUKRINES,wrasse bass,Serranidae,Liopropoma
LIOPROPOMA_SP,NA,Serranidae,Liopropoma
LONCHOPISTHUS.MICROGNATHUS,swordtail jawfish,Opistognathidae,Lonchopisthus
LUTJANIDAE_SP,NA,Lutjanidae,NA
LUTJANUS_ANALIS,mutton snapper,Lutjanidae,Lutjanus
LUTJANUS_APODUS,schoolmaster snapper,Lutjanidae,Lutjanus
LUTJANUS_BUCCANELLA,blackfin snapper,Lutjanidae,Lutjanus
LUTJANUS_CAMPECHANUS,northern red snapper,Lutjanidae,Lutjanus
LUTJANUS_CYANOPTERUS,cubera snapper,Lutjanidae,Lutjanus
LUTJANUS_GRISEUS,grey snapper,Lutjanidae,Lutjanus
LUTJANUS_JOCU,dog snapper,Lutjanidae,Lutjanus
LUTJANUS_MAHOGONI,mahogany snapper,Lutjanidae,Lutjanus
LUTJANUS_SP,NA,Lutjanidae,Lutjanus
LUTJANUS_SYNAGRIS,lane snapper,Lutjanidae,Lutjanus
LUTJANUS_VIVANUS,silk snapper,Lutjanidae,Lutjanus
MALACANTHIDAE_SP,NA,NA,NA
MALACANTHUS_PLUMIERI,sand tilefish,Malacanthidae,Malacanthus
MALACOCTENUS_TRIANGULATUS,saddled blenny,Labrisomidae,Malacoctenus
MELICHTHYS_NIGER,black triggerfish,Balistidae,Melichthys
MICRODESMIDAE_SP,NA,NA,NA
MICROSPATHODON_CHRYSURUS,yellowtail damselfish,Pomacentridae,Microspathodon
MOBULA_BIROSTRIS,giant manta,Myliobatidae,Mobula
MOBULA_HYPOSTOMA,lesser devil ray,Myliobatidae,Mobula
MOBULA_SP,NA,NA,NA
MOBULIDAE_SP,NA,NA,NA
MOLA_MOLA,ocean sunfish,Molidae,Mola
MONACANTHIDAE_SP,NA,Monacanthidae,NA
MONACANTHUS_CILIATUS,fringed filefish,Monacanthidae,Monacanthus
MONACANTHUS_SP,NA,NA,NA
MONACANTHUS_TUCKERI,slender filefish,Monacanthidae,Monacanthus
MULLIDAE_SP,NA,Mullidae,NA
MULLOIDICHTHYS_MARTINICUS,yellow goatfish,Mullidae,Mulloidichthys
MULLUS_AURATUS,red goatfish,Mullidae,Mullus
MURAENA_RETIFERA,reticulate moray,Muraenidae,Muraena
MURAENA_SP,NA,NA,NA
MURAENIDAE_SP,NA,Muraenidae,NA
MUSTELUS_CANIS,smooth dogfish,Triakidae,Mustelus
MUSTELUS_NORRISI,narrowfin smooth-hound,Triakidae,Mustelus
MUSTELUS_SINUSMEXICANUS,NA,Triakidae,Mustelus
MUSTELUS_SP,NA,NA,NA
MYCTEROPERCA_ACUTIROSTRIS,comb grouper,Serranidae,Mycteroperca
MYCTEROPERCA_BONACI,black grouper,Serranidae,Mycteroperca
MYCTEROPERCA_INTERSTITIALIS,yellowmouth grouper,Serranidae,Mycteroperca
MYCTEROPERCA_MICROLEPIS,gag,Serranidae,Mycteroperca
MYCTEROPERCA_PHENAX,scamp,Serranidae,Mycteroperca
MYCTEROPERCA_SP,NA,NA,NA
MYCTEROPERCA_TIGRIS,tiger grouper,Serranidae,Mycteroperca
MYCTEROPERCA_VENENOSA,yellowfin grouper,Serranidae,Mycteroperca
MYLIOBATIDAE_SP,NA,NA,NA
MYLIOBATIS_FREMINVILLII,bullnose eagle ray,Myliobatidae,Myliobatis
MYRICHTHYS_BREVICEPS,sharptail eel,Ophichthidae,Myrichthys
MYRIPRISTIS_JACOBUS,blackbar soldierfish,Holocentridae,Myripristis
NAUCRATES_DUCTOR,NA,Carangidae,Naucrates
NEGAPRION_BREVIROSTRIS,lemon shark,Carcharhinidae,Negaprion
NEONIPHON_MARIANUS,logjaw squirrelfish,Holocentridae,Neoniphon
NEOPOMACENTRUS_CYANOMOS,regal demoiselle,Pomacentridae,Neopomacentrus
NICHOLSINA_USTA,emerald parrotfish,Labridae,Nicholsina
NO_FISH,NA,NA,NA
OCYURUS_CHRYSURUS,NA,Lutjanidae,Ocyurus
OGCOCEPHALIDAE_SP,NA,NA,NA
OGCOCEPHALUS_CORNIGER,NA,Ogcocephalidae,Ogcocephalus
OGCOCEPHALUS_CUBIFRONS,NA,Ogcocephalidae,Ogcocephalus
OGCOCEPHALUS_SP,NA,NA,NA
OLIGOPLITES_SAURUS,leatherjack,Carangidae,Oligoplites
OPHICHTHIDAE_SP,NA,Ophichthidae,NA
OPHICHTHUS_PUNCTICEPS,palespotted eel,Ophichthidae,Ophichthus
OPHICHTHUS_REX,king snake eel,Ophichthidae,Ophichthus
OPHICHTHUS_SP,NA,Ophichthidae,Ophichthus
OPISTOGNATHIDAE_LIGHT,NA,NA,NA
OPISTOGNATHIDAE_SP,NA,Opistognathidae,NA
OPISTOGNATHUS_AURIFRONS,yellowhead jawfish,Opistognathidae,Opistognathus
OPISTOGNATHUS_LONCHURUS,NA,Opistognathidae,Opistognathus
OPISTOGNATHUS_SP,NA,NA,NA
OPSANUS_BETA,Gulf toadfish,Batrachoididae,Opsanus
OPSANUS_PARDUS,leopard toadfish,Batrachoididae,Opsanus
OPSANUS_SP,NA,NA,NA
ORTHOPRISTIS_CHRYSOPTERA,pigfish,Haemulidae,Orthopristis
OSTICHTHYS_TRACHYPOMA,bigeye soldierfish,Holocentridae,Ostichthys
OSTRACIIDAE_SP,NA,NA,NA
PAGRUS_PAGRUS,common seabream,Sparidae,Pagrus
PAGRUS_SP,NA,NA,NA
PARABLENNIUS_MARMOREUS,seaweed blenny,Blenniidae,Parablennius
PARABLENNIUS_SP,NA,Blenniidae,Parablennius
PARACLINUS_MARMORATUS,marbled blenny,Labrisomidae,Paraclinus
PARACONGER_CAUDILIMBATUS,NA,Congridae,Paraconger
PARALICHTHYIDAE_SP,NA,Paralichthyidae,NA
PARALICHTHYS_ALBIGUTTA,Gulf flounder,Paralichthyidae,Paralichthys
PARALICHTHYS_SP,NA,Paralichthyidae,Paralichthys
PARASPHYRAENOPS_INCISUS,NA,NA,NA
PAREQUES_ACUMINATUS,high-hat,Sciaenidae,Pareques
PAREQUES_IWAMOTOI,NA,Sciaenidae,Pareques
PAREQUES_SP,NA,NA,NA
PAREQUES_UMBROSUS,cubbyu,Sciaenidae,Pareques
PAROCHEILUS_AFFINIS,NA,NA,NA
PEPRILUS_PARU,American harvestfish,Stromateidae,Peprilus
PEPRILUS_SP,NA,NA,NA
PLECTRANTHIAS_GARRUPELLUS,NA,NA,NA
PLEURONECTIFORMES_SP,NA,NA,NA
POMACANTHIDAE_SP,NA,Pomacanthidae,NA
POMACANTHUS_ARCUATUS,gray angelfish,Pomacanthidae,Pomacanthus
POMACANTHUS_PARU,French angelfish,Pomacanthidae,Pomacanthus
POMACANTHUS_SP,NA,NA,NA
POMACENTRIDAE_SP,NA,Pomacentridae,NA
POMATOMUS_SALTATRIX,NA,Pomatomidae,Pomatomus
PRIACANTHIDAE_SP,NA,NA,NA
PRIACANTHUS_ARENATUS,Atlantic bigeye,Priacanthidae,Priacanthus
PRIACANTHUS_SP,NA,NA,NA
PRIONOTUS_OPHRYAS,bandtail searobin,Triglidae,Prionotus
PRIONOTUS_ROSEUS,NA,Triglidae,Prionotus
PRIONOTUS_RUBIO,blackwing searobin,Triglidae,Prionotus
PRIONOTUS_SCITULUS,leopard searobin,Triglidae,Prionotus
PRIONOTUS_SP,NA,NA,NA
PRIONOTUS_TRIBULUS,NA,Triglidae,Prionotus
PRISTIGENYS_ALTA,short bigeye,Priacanthidae,Pristigenys
PRISTIPOMOIDES_AQUILONARIS,wrenchman,Lutjanidae,Pristipomoides
PRISTIPOMOIDES_SP,NA,NA,NA
PRISTIS_PECTINATA,smalltooth sawfish,Pristidae,Pristis
PROGNATHODES_ACULEATUS,longsnout butterflyfish,Chaetodontidae,Prognathodes
PROGNATHODES_AYA,bank butterflyfish,Chaetodontidae,Prognathodes
PRONOTOGRAMMUS_MARTINICENSIS,roughtongue bass,Anthiadidae,Pronotogrammus
PSEUDOBATOS_LENTIGINOSUS,Atlantic guitarfish,Rhinobatidae,Pseudobatos
PSEUDOBATOS_SP,NA,NA,NA
PSEUDOPLEURONECTES_SP,NA,NA,NA
PSEUDUPENEUS_MACULATUS,NA,Mullidae,Pseudupeneus
PTERELEOTRIS_CALLIURA,blue goby,Gobiidae,Ptereleotris
PTERELEOTRIS_SP,NA,Gobiidae,Ptereleotris
PTEROIS_SP,NA,NA,NA
RACHYCENTRON_CANADUM,cobia,Rachycentridae,Rachycentron
RAJIDAE_SP,NA,NA,NA
RAJIFORMES_SP,NA,NA,NA
REFERENCE,NA,NA,NA
REMORA_REMORA,common remora,Echeneidae,Remora
RHINOPTERA_BONASUS,cownose ray,Myliobatidae,Rhinoptera
RHIZOPRIONODON_TERRAENOVAE,Atlantic sharpnose shark,Carcharhinidae,Rhizoprionodon
RHOMBOPLITES_AURORUBENS,NA,Lutjanidae,Rhomboplites
RHYNCHOCONGER_FLAVUS,NA,Congridae,Rhynchoconger
ROSTRORAJA_SP,NA,NA,NA
RYPTICUS_MACULATUS,NA,Serranidae,Rypticus
RYPTICUS_SAPONACEUS,greater soapfish,Serranidae,Rypticus
RYPTICUS_SP,NA,NA,NA
SARDINELLA_SP,NA,Clupeidae,Sardinella
SARGOCENTRON_BULLISI,NA,Holocentridae,Sargocentron
SARGOCENTRON_SP,NA,Holocentridae,Sargocentron
SCARUS_COELESTINUS,midnight parrotfish,Labridae,Scarus
SCARUS_COERULEUS,blue parrotfish,Labridae,Scarus
SCARUS_GUACAMAIA,rainbow parrotfish,Labridae,Scarus
SCARUS_ISERI,striped parrotfish,Labridae,Scarus
SCARUS_SP,NA,Labridae,Scarus
SCARUS_TAENIOPTERUS,princess parrotfish,Labridae,Scarus
SCARUS_VETULA,queen parrotfish,Labridae,Scarus
SCHULTZEA_BETA,school bass,Serranidae,Schultzea
SCIAENIDAE_SP,NA,Sciaenidae,NA
SCIAENOPS_OCELLATUS,red drum,Sciaenidae,Sciaenops
SCOMBEROMORUS_CAVALLA,king mackerel,Scombridae,Scomberomorus
SCOMBEROMORUS_MACULATUS,Spanish mackerel,Scombridae,Scomberomorus
SCOMBEROMORUS_REGALIS,cero,Scombridae,Scomberomorus
SCOMBEROMORUS_SP,NA,Scombridae,Scomberomorus
SCOMBER_SP,NA,Scombridae,Scomber
SCOMBRIDAE_MACK,NA,NA,NA
SCOMBRIDAE_SP,NA,Scombridae,NA
SCOMBRIDAE_TUNA,NA,NA,NA
SCORPAENA_BRASILIENSIS,barbfish,Scorpaenidae,Scorpaena
SCORPAENA_SP,NA,Scorpaenidae,Scorpaena
SCORPAENIDAE_SP,NA,Scorpaenidae,NA
SCYLIORHINUS_RETIFER,chain catshark,Scyliorhinidae,Scyliorhinus
SELAR_CRUMENOPHTHALMUS,bigeye scad,Carangidae,Selar
SELENE_SETAPINNIS,Atlantic moonfish,Carangidae,Selene
SELENE_VOMER,lookdown,Carangidae,Selene
SERIOLA_DUMERILI,greater amberjack,Carangidae,Seriola
SERIOLA_FASCIATA,lesser amberjack,Carangidae,Seriola
SERIOLA_RIVOLIANA,Almaco jack,Carangidae,Seriola
SERIOLA_SP,NA,Carangidae,Seriola
SERIOLA_ZONATA,banded rudderfish,Carangidae,Seriola
SERRANICULUS_PUMILIO,pygmy sea bass,Serranidae,Serraniculus
SERRANIDAE_SP,NA,Serranidae,NA
SERRANUS_ANNULARIS,NA,Serranidae,Serranus
SERRANUS_ATROBRANCHUS,NA,Serranidae,Serranus
SERRANUS_BALDWINI,lantern bass,Serranidae,Serranus
SERRANUS_CHIONARAIA,NA,Serranidae,Serranus
SERRANUS_NOTOSPILUS,saddle bass,Serranidae,Serranus
SERRANUS_PHOEBE,tattler,Serranidae,Serranus
SERRANUS_SP,NA,NA,NA
SERRANUS_SUBLIGARIUS,belted sandfish,Serranidae,Serranus
SERRANUS_TABACARIUS,tobaccofish,Serranidae,Serranus
SERRANUS_TIGRINUS,harlequin bass,Serranidae,Serranus
SERRANUS_TORTUGARUM,chalk bass,Serranidae,Serranus
SPARIDAE_SP,NA,Sparidae,NA
SPARISOMA_ATOMARIUM,greenblotch parrotfish,Labridae,Sparisoma
SPARISOMA_AUROFRENATUM,redband parrotfish,Labridae,Sparisoma
SPARISOMA_CHRYSOPTERUM,redtail parrotfish,Labridae,Sparisoma
SPARISOMA_RADIANS,bucktooth parrotfish,Labridae,Sparisoma
SPARISOMA_RUBRIPINNE,redfin parrotfish,Labridae,Sparisoma
SPARISOMA_SP,NA,NA,NA
SPARISOMA_VIRIDE,stoplight parrotfish,Labridae,Sparisoma
SPHOEROIDES_DORSALIS,marbled puffer,Tetraodontidae,Sphoeroides
SPHOEROIDES_NEPHELUS,southern puffer,Tetraodontidae,Sphoeroides
SPHOEROIDES_SP,NA,NA,NA
SPHOEROIDES_SPENGLERI,bandtail puffer,Tetraodontidae,Sphoeroides
SPHYRAENA_BARRACUDA,great barracuda,Sphyraenidae,Sphyraena
SPHYRAENA_BOREALIS,northern sennet,Sphyraenidae,Sphyraena
SPHYRAENA_GUACHANCHO,NA,Sphyraenidae,Sphyraena
SPHYRAENA_SP,NA,Sphyraenidae,Sphyraena
SPHYRAENIDAE_SP,NA,NA,NA
SPHYRNA_LEWINI,scalloped hammerhead,Carcharhinidae,Sphyrna
SPHYRNA_MOKARRAN,great hammerhead,Carcharhinidae,Sphyrna
SPHYRNA_SP,NA,NA,NA
SPHYRNA_TIBURO,bonnethead,Carcharhinidae,Sphyrna
SPHYRNIDAE_SP,NA,NA,NA
STEGASTES_ADUSTUS,dusky damselfish,Pomacentridae,Stegastes
STEGASTES_LEUCOSTICTUS,beaugregory,Pomacentridae,Stegastes
STEGASTES_PARTITUS,bicolor damselfish,Pomacentridae,Stegastes
STEGASTES_PLANIFRONS,threespot damselfish,Pomacentridae,Stegastes
STEGASTES_SP,NA,Pomacentridae,Stegastes
STEGASTES_XANTHURUS,NA,Pomacentridae,Stegastes
STENOTOMUS_CAPRINUS,longspine porgy,Sparidae,Stenotomus
STEPHANOLEPIS_HISPIDA,planehead filefish,Monacanthidae,Stephanolepis
STEPHANOLEPIS_SETIFER,pygmy filefish,Monacanthidae,Stephanolepis
STEPHANOLEPIS_SP,NA,NA,NA
SYACIUM_PAPILLOSUM,dusky flounder,Cyclopsettidae,Syacium
SYACIUM_SP,NA,Cyclopsettidae,Syacium
SYNGNATHIFORMES_SP,NA,NA,NA
SYNODONTIDAE_SP,NA,Synodontidae,NA
SYNODUS_FOETENS,inshore lizardfish,Synodontidae,Synodus
SYNODUS_INTERMEDIUS,sand diver,Synodontidae,Synodus
SYNODUS_POEYI,offshore lizardfish,Synodontidae,Synodus
SYNODUS_SP,NA,Synodontidae,Synodus
SYNODUS_SYNODUS,diamond lizardfish,Synodontidae,Synodus
TETRAODONTIDAE_SP,NA,Tetraodontidae,NA
TETRAODONTIFORMES_SP,NA,NA,NA
THALASSOMA_BIFASCIATUM,bluehead,Labridae,Thalassoma
THUNNINI_SP,NA,NA,NA
THUNNUS_SP,NA,Scombridae,Thunnus
TIGRIGOBIUS_SP,NA,NA,NA
TRACHINOCEPHALUS_MYOPS,snakefish,Synodontidae,Trachinocephalus
TRACHINOTUS_CAROLINUS,Florida pompano,Carangidae,Trachinotus
TRACHINOTUS_FALCATUS,permit,Carangidae,Trachinotus
TRACHINOTUS_GOODEI,palometa,Carangidae,Trachinotus
TRACHINOTUS_SP,NA,NA,NA
TRIGLIDAE_SP,NA,NA,NA
UNIDENTIFIED_FISH,NA,NA,NA
UPENEUS_PARVUS,dwarf goatfish,Mullidae,Upeneus
URASPIS_SECUNDA,cottonmouth jack,Carangidae,Uraspis
UROBATIS_JAMAICENSIS,yellow stingray,Urotrygonidae,Urobatis
UROPHYCIS_SP,NA,Phycidae,Urophycis
XANTHICHTHYS_RINGENS,Sargassum triggerfish,Balistidae,Xanthichthys
XYRICHTYS_MARTINICENSIS,rosy razorfish,Labridae,Xyrichtys
XYRICHTYS_NOVACULA,pearly razorfish,Labridae,Xyrichtys
XYRICHTYS_SP,NA,Labridae,Xyrichtys
