VIAME,Old_Truth,Truth
ACANTHURUS_COERULEUS,ACANTHURUS_COERULEUS,ACANTHURUS_COERULEUS
ALBULA_VULPES,ALBULA_VULPES,ALBULA_VULPES
ANISOTREMUS_VIRGINICUS,ANISOTREMUS_VIRGINICUS,ANISOTREMUS_VIRGINICUS
ANOMURA,ANOMURA,
ANTHIINAE,ANTHIINAE,ANTHIADIDAE_SP
ARCHOSARGUS_PROBATOCEPHALUS,ARCHOSARGUS_PROBATOCEPHALUS,ARCHOSARGUS_PROBATOCEPHALUS
BALISTES_CAPRISCUS,BALISTES_CAPRISCUS,BALISTES_CAPRISCUS
BALISTES_VETULA,BALISTES_VETULA,BALISTES_VETULA
BODIANUS_PULCHELLUS,BODIANUS_PULCHELLUS,BODIANUS_PULCHELLUS
BODIANUS_RUFUS,BODIANUS_RUFUS,BODIANUS_RUFUS
CALAMUS,CALAMUS,CALAMUS_SP
CALAMUS_BAJONADO,CALAMUS_BAJONADO,CALAMUS_BAJONADO
CALAMUS_LEUCOSTEUS,CALAMUS_LEUCOSTEUS,CALAMUS_LEUCOSTEUS
CALAMUS_NODOSUS,CALAMUS_NODOSUS,CALAMUS_NODOSUS
CALAMUS_PRORIDENS,CALAMUS_PRORIDENS,CALAMUS_PRORIDENS
CANTHIGASTER_ROSTRATUS,CANTHIGASTER_ROSTRATA,CANTHIGASTER_ROSTRATA
CARANGIDAE,CARANX_SPP,CARANGIDAE_SP
CARANX_BARTHOLOMAEI,CARANX_BARTHOLOMAEI,CARANX_BARTHOLOMAEI
CARANX_CRYSOS,CARANX_CRYSOS,CARANX_CRYSOS
CARCHARHINUS,CARCHARHINUS,CARCHARHINUS_SP
CARCHARHINUS_FALCIFORMIS,CARCHARHINUS_FALCIFORMIS,CARCHARHINUS_FALCIFORMIS
CARCHARHINUS_PLUMBEUS,CARCHARHINUS_PLUMBEUS,CARCHARHINUS_PLUMBEUS
CAULOLATILUS_CHRYSOPS,CAULOLATILUS_CHRYSOPS,CAULOLATILUS_CHRYSOPS
CAULOLATILUS_CYANOPS,CAULOLATILUS_CYANOPS,CAULOLATILUS_CYANOPS
CENTROPRISTIS_OCYURA,CENTROPRISTIS_OCYURUS,CENTROPRISTIS_OCYURUS
CENTROPRISTIS_PHILADELPHICA,CENTROPRISTIS_PHILADELPHICA,CENTROPRISTIS_PHILADELPHICA
CEPHALOPHOLIS_CRUENTATA,CEPHALOPHOLIS_CRUENTATA,CEPHALOPHOLIS_CRUENTATA
CHAETODIPTERUS_FABER,CHAETODIPTERUS_FABER,CHAETODIPTERUS_FABER
CHAETODON,CHAETODON,CHAETODON_SP
CHAETODON_OCELLATUS,CHAETODON_OCELLATUS,CHAETODON_OCELLATUS
CHAETODON_SEDENTARIUS,CHAETODON_SEDENTARIUS,CHAETODON_SEDENTARIUS
CHROMIS,CHROMIS_SP,CHROMIS_SP
CHROMIS_CYANEA,CHROMIS_CYANEA,AZURINA_CYANEA
CHROMIS_ENCHRYSURUS,CHROMIS_ENCHRYSURUS,CHROMIS_ENCHRYSURUS
CHROMIS_INSOLATUS,CHROMIS_INSOLATA,CHROMIS_INSOLATA
DECAPTERUS,DECAPTERUS_SP,DECAPTERUS_SP
DECODON_PUELLARIS,DECODON_PUELLARIS,DECODON_PUELLARIS
DERMATOLEPIS_INERMIS,DERMATOLEPIS_INERMIS,DERMATOLEPIS_INERMIS
DIODONTIDAE,DIODONTINAE,DIODONTIDAE_SP
DIPLECTRUM,DIPLECTRUM_SP,DIPLECTRUM_SP
DIPLECTRUM_FORMOSUM,DIPLECTRUM_FORMOSUM,DIPLECTRUM_FORMOSUM
EPINEPHELUS_ADSCENSIONIS,EPINEPHELUS_ADSCENSIONIS,EPINEPHELUS_ADSCENSIONIS
EPINEPHELUS_FLAVOLIMBATUS,EPINEPHELUS_FLAVOLIMBATUS,HYPORTHODUS_FLAVOLIMBATUS
EPINEPHELUS_MORIO,EPINEPHELUS_MORIO,EPINEPHELUS_MORIO
EPINEPHELUS_NIGRITUS,,HYPORTHODUS_NIGRITUS
EQUETUS_UMBROSUS,,PAREQUES_UMBROSUS
GOBIIDAE,GOBIIDAE,GOBIIDAE_SP
GONIOPLECTRUS_HISPANUS,GONIOPLECTUS_HISPANUS,GONIOPLECTRUS_HISPANUS
GYMNOTHORAX_MORINGA,GYMNOTHORAX_MORINGA,GYMNOTHORAX_MORINGA
GYMNOTHORAX_SAXICOLA,GYMNOTHORAX_SAXICOLA,GYMNOTHORAX_SAXICOLA
HAEMULON_AUROLINEATUM,HAEMULON_AUROLINEATUM,HAEMULON_AUROLINEATUM
HAEMULON_FLAVOLINEATUM,HAEMULON_FLAVOLINEATUM,HAEMULON_FLAVOLINEATUM
HAEMULON_MELANURUM,HAEMULON_MELANURUM,HAEMULON_MELANURUM
HAEMULON_PLUMIERI,HAEMULON PLUMIERI,HAEMULON_PLUMIERII
HAEMULON_STRIATUM,HAEMULON_STRIATUM,HAEMULON_STRIATUM
HALICHOERES,HALICHOERES_SPP,HALICHOERES_SP
HALICHOERES_BATHYPHILUS,HALICHOERES_BATHYPHILUS,HALICHOERES_BATHYPHILUS
HALICHOERES_BIVITTATUS,HALICHOERES_BIVITTATUS,HALICHOERES_BIVITTATUS
HALICHOERES_GARNOTI,HALICHOERES_GARNOTI,HALICHOERES_GARNOTI
HOLACANTHUS,HOLACANTHUS_SP,HOLACANTHUS_SP
HOLACANTHUS_BERMUDENSIS,HOLACANTHUS_BERMUDENSIS,HOLACANTHUS_BERMUDENSIS
HOLANTHIUS_MARTINICENSIS,HOLANTHIAS_MARTINICENSIS,PRONOTOGRAMMUS_MARTINICENSIS
HOLOCENTRUS,HOLOCENTRUS,HOLOCENTRUS_SP
HOLOCENTRUS_ADSCENSIONIS,HOLOCENTRUS_ADSCENSIONIS,HOLOCENTRUS_ADSCENSIONIS
HYPOPLECTRUS_GEMMA,HYPOPLECTRUS_GEMMA,HYPOPLECTRUS_GEMMA
HYPOPLECTRUS_UNICOLOR,HYPOPLECTRUS_UNICOLOR,HYPOPLECTRUS_UNICOLOR
IOGLOSSUS,IOGLOSSUS,
KYPHOSUS,KYPHOSUS,KYPHOSUS_SP
LACHNOLAIMUS_MAXIMUS,LACHNOLAIMUS_MAXIMUS,LACHNOLAIMUS_MAXIMUS
LIOPROPOMA_EUKRINES,LIOPROPOMA_EUKRINES,LIOPROPOMA_EUKRINES
LUTJANUS,LUTJANUS_SP,LUTJANUS_SP
LUTJANUS_ANALIS,LUTJANUS_ANALIS,LUTJANUS_ANALIS
LUTJANUS_APODUS,LUTJANUS_APODUS,LUTJANUS_APODUS
LUTJANUS_BUCCANELA,LUTJANUS_BUCCANELLA,LUTJANUS_BUCCANELLA
LUTJANUS_CAMPECHANUS,LUTJANUS_CAMPECHANUS,LUTJANUS_CAMPECHANUS
LUTJANUS_GRISEUS,LUTJANUS_GRISEUS,LUTJANUS_GRISEUS
LUTJANUS_SYNAGRIS,LUTJANUS_SYNAGRIS,LUTJANUS_SYNAGRIS
LUTJANUS_VIVANUS,LUTJANUS_VIVANUS,LUTJANUS_VIVANUS
MALACANTHUS_PLUMIERI,MALACANTHUS_PLUMIERI,MALACANTHUS_PLUMIERI
MULLIDAE,MULLIDAE,MULLIDAE_SP
MULLOIDICHTHYS_MARTINICUS,,MULLOIDICHTHYS_MARTINICUS
MURAENA_RETIFERA,MURAENA_RETIFERA,MURAENA_RETIFERA
MYCTEROPERCA,MYCTEROPERCA_SP,MYCTEROPERCA_SP
MYCTEROPERCA_BONACI,MYCTEROPERCA_BONACI,MYCTEROPERCA_BONACI
MYCTEROPERCA_INTERSTITIALIS,MYCTEROPERCA_INTERSTITIALIS,MYCTEROPERCA_INTERSTITIALIS
MYCTEROPERCA_MICROLEPIS,MYCTEROPERCA_MICROLEPIS,MYCTEROPERCA_MICROLEPIS
MYCTEROPERCA_PHENAX,MYCTEROPERCA_PHENAX,MYCTEROPERCA_PHENAX
OCYURUS_CHRYSURUS,OCYURUS_CHRYSURUS,OCYURUS_CHRYSURUS
OPHICHTHUS_PUNCTICEPS,OPHICHTHUS_PUNCTICEPS,OPHICHTHUS_PUNCTICEPS
OPISTOGNATHUS,OPISTOGNATHUS_SPP,OPHICHTHUS_SP
PAGRUS_PAGRUS,PAGRUS_PAGRUS,PAGRUS_PAGRUS
PARANTHIAS_FURCIFER,PARANTHIAS_FURCIFER,CEPHALOPHOLIS_FURCIFER
POMACANTHUS,,POMACANTHUS_SP
POMACANTHUS_ARCUATUS,POMACANTHUS_ARCUATUS,POMACANTHUS_ARCUATUS
POMACANTHUS_PARU,POMACANTHUS_PARU,POMACANTHUS_PARU
POMACENTRIDAE,POMACENTRIDAE,POMACENTRIDAE_SP
POMACENTRUS,,
POMACENTRUS_PARTITUS,POMACANTHUS_PARTITUS,STEGASTES_PARTITUS
PRISTIGENYS_ALTA,PRISTIGENYS_ALTA,PRISTIGENYS_ALTA
PRISTIPOMOIDES_AQUILONARIS,PRISTIPOMOIDES_AQUILONARIS,PRISTIPOMOIDES_AQUILONARIS
PSEUDUPENEUS_MACULATUS,PSEUDOPENEUS_MACULATUS,PSEUDUPENEUS_MACULATUS
PTEROIS,PTEROIS SP,PTEROIS_SP
RHOMBOPLITES_AURORUBENS,RHOMBOPLITES_AURORUBENS,RHOMBOPLITES_AURORUBENS
RYPTICUS_MACULATUS,RYPTICUS_MACULATUS,RYPTICUS_MACULATUS
SCARIDAE,SCARIDAE_SP,
SCARUS_VETULA,SCARUS_VETULA,SCARUS_VETULA
SCOMBEROMORUS,,SCOMBEROMORUS_SP
SELENE_VOMER,SELENE_VOMER,SELENE_VOMER
SERIOLA,SERIOLA_SP,SERIOLA_SP
SERIOLA_DUMERILI,SERIOLA_DUMERILI,SERIOLA_DUMERILI
SERIOLA_FASCIATA,SERIOLA_FASCIATA,SERIOLA_FASCIATA
SERIOLA_RIVOLIANA,SERIOLA_RIVOLIANA,SERIOLA_RIVOLIANA
SERIOLA_ZONATA,SERIOLA_ZONATA,SERIOLA_ZONATA
SERRANUS,SERRANUS_SP,SERRANUS_SP
SERRANUS_ANNULARIS,SERRANUS_ANNULARIS,SERRANUS_ANNULARIS
SERRANUS_ATROBRANCHUS,SERRANUS_ATROBRANCHUS,SERRANUS_ATROBRANCHUS
SERRANUS_PHOEBE,SERRANUS_PHOEBE,SERRANUS_PHOEBE
SERRANUS_SUBLIGARIUS,SERRANUS_SUBLIGARIUS,SERRANUS_SUBLIGARIUS
SPARISOMA_VIRIDE,SPARISOMA_VIRIDE,SPARISOMA_VIRIDE
SPHYRAENA_BARRACUDA,SPHYRAENA_BARRACUDA,SPHYRAENA_BARRACUDA
SPHYRNA_LEWINI,SPHYRNA_LEWINI,SPHYRNA_LEWINI
STENOCIONOPS_SPINIMANA,,
STENOTOMUS_CAPRINUS,STENOTOMUS_CAPRINUS,STENOTOMUS_CAPRINUS
SYACIUM,,SYACIUM_SP
SYNODONTIDAE,SYNODONTIDAE,SYNODONTIDAE_SP
THALASSOMA_BIFASCIATUM,,THALASSOMA_BIFASCIATUM
UNKNOWNFISH,,UNIDENTIFIED_FISH
UPENEUS_PARVUS,UPENEUS_PARVUS,UPENEUS_PARVUS
UROPHYCIS_REGIA,,
