# 1: Detection or Track-id,  2: Video or Image Identifier,  3: Unique Frame Identifier,  4-7: Img-bbox(TL_x,TL_y,BR_x,BR_y),  8: Detection or Length Confidence,  9: Target Length (0 or -1 if invalid),  10-11+: Repeated Species, Confidence Pairs or Attributes,
# Written on: Wed Mar 18 10:53:36 2026   by: write_object_track_set_viame_csv,,,,,,,,,,,
1,//akc0ss-n086/NMML_Polar_Imagery_4/Surveys_IceSeals_2025/fl223/images_30deg_N68RF/right_view/ice_seals_2025_fl223_R_20250513_223200.629457_rgb.jpg,152,3020.25,5313.33,3160.25,5463.15,1,0,animal,1,
2,//akc0ss-n086/NMML_Polar_Imagery_4/Surveys_IceSeals_2025/fl223/images_30deg_N68RF/right_view/ice_seals_2025_fl223_R_20250513_224042.082423_rgb.jpg,604,2475.16,8361.78,2651.46,8573.59,1,0,false_positive,1,
3,//akc0ss-n086/NMML_Polar_Imagery_4/Surveys_IceSeals_2025/fl223/images_30deg_N68RF/right_view/ice_seals_2025_fl223_R_20250513_224146.695516_rgb.jpg,661,9412.63,5259.49,9636.63,5417.5,1,0,animal,1,
4,//akc0ss-n086/NMML_Polar_Imagery_4/Surveys_IceSeals_2025/fl223/images_30deg_N68RF/right_view/ice_seals_2025_fl223_R_20250513_224146.695516_rgb.jpg,661,9395.87,5231.88,9658.11,5438.3,1,0,extra_detection,1,
5,//akc0ss-n086/NMML_Polar_Imagery_4/Surveys_IceSeals_2025/fl223/images_30deg_N68RF/right_view/ice_seals_2025_fl223_R_20250513_224234.621467_rgb.jpg,703,5932.8,714.302,6122.78,887.267,1,0,false_positive,1,
6,//akc0ss-n086/NMML_Polar_Imagery_4/Surveys_IceSeals_2025/fl223/images_30deg_N68RF/right_view/ice_seals_2025_fl223_R_20250513_224235.767635_rgb.jpg,704,6284.88,8714.22,6490.63,8946.6,1,0,false_positive,1,
7,//akc0ss-n086/NMML_Polar_Imagery_4/Surveys_IceSeals_2025/fl223/images_30deg_N68RF/right_view/ice_seals_2025_fl223_R_20250513_224604.755563_rgb.jpg,887,11141,2029.62,11282.8,2166.62,1,0,animal,1,
8,//akc0ss-n086/NMML_Polar_Imagery_4/Surveys_IceSeals_2025/fl223/images_30deg_N68RF/right_view/ice_seals_2025_fl223_R_20250513_224605.892651_rgb.jpg,888,10562.8,7620.16,10706.2,7749.16,1,0,animal,1,
9,//akc0ss-n086/NMML_Polar_Imagery_4/Surveys_IceSeals_2025/fl223/images_30deg_N68RF/right_view/ice_seals_2025_fl223_R_20250513_224605.892651_rgb.jpg,888,11401.2,9250.91,11554.2,9397.39,1,0,animal_duplicate,1,
10,//akc0ss-n086/NMML_Polar_Imagery_4/Surveys_IceSeals_2025/fl223/images_30deg_N68RF/right_view/ice_seals_2025_fl223_R_20250513_224640.969923_rgb.jpg,919,4356.57,1732.83,4506.69,1876.83,1,0,animal,1,
11,//akc0ss-n086/NMML_Polar_Imagery_4/Surveys_IceSeals_2025/fl223/images_30deg_N68RF/right_view/ice_seals_2025_fl223_R_20250513_224642.100353_rgb.jpg,920,4584.02,9869.48,4749.78,10056.5,1,0,off_frame,1,(note) animal likely (same as previous detection)
12,//akc0ss-n086/NMML_Polar_Imagery_4/Surveys_IceSeals_2025/fl223/images_30deg_N68RF/right_view/ice_seals_2025_fl223_R_20250513_224725.239752_rgb.jpg,958,12544.9,3176.34,12760.5,3402.34,1,0,animal,1,
13,//akc0ss-n086/NMML_Polar_Imagery_4/Surveys_IceSeals_2025/fl223/images_30deg_N68RF/right_view/ice_seals_2025_fl223_R_20250513_224726.371680_rgb.jpg,959,12725.8,10168.1,12929.7,10298,1,0,off_frame,1,(note) animal likely (same as previous detection)
14,//akc0ss-n086/NMML_Polar_Imagery_4/Surveys_IceSeals_2025/fl223/images_30deg_N68RF/right_view/ice_seals_2025_fl223_R_20250513_224818.215675_rgb.jpg,1005,8206.14,3067.04,8316.14,3215.37,1,0,animal,1,
15,//akc0ss-n086/NMML_Polar_Imagery_4/Surveys_IceSeals_2025/fl223/images_30deg_N68RF/right_view/ice_seals_2025_fl223_R_20250513_224852.810384_rgb.jpg,1036,7737.75,5942.31,7906.32,6207.09,1,0,false_positive,1,
16,//akc0ss-n086/NMML_Polar_Imagery_4/Surveys_IceSeals_2025/fl223/images_30deg_N68RF/right_view/ice_seals_2025_fl223_R_20250513_224924.968879_rgb.jpg,1065,8185.36,7282.62,8349.49,7522.62,1,0,false_positive,1,
17,//akc0ss-n086/NMML_Polar_Imagery_4/Surveys_IceSeals_2025/fl223/images_30deg_N68RF/right_view/ice_seals_2025_fl223_R_20250513_225032.490092_rgb.jpg,1126,8299.42,8627.02,8476.37,8861.06,1,0,false_positive,1,
18,//akc0ss-n086/NMML_Polar_Imagery_4/Surveys_IceSeals_2025/fl223/images_30deg_N68RF/right_view/ice_seals_2025_fl223_R_20250513_225210.372127_rgb.jpg,1153,2642.23,9061.6,2883.2,9258.06,1,0,false_positive,1,
19,//akc0ss-n086/NMML_Polar_Imagery_4/Surveys_IceSeals_2025/fl223/images_30deg_N68RF/right_view/ice_seals_2025_fl223_R_20250513_225314.138957_rgb.jpg,1211,11551.3,4669.45,11719.3,4822.66,1,0,animal,1,
20,//akc0ss-n086/NMML_Polar_Imagery_4/Surveys_IceSeals_2025/fl223/images_30deg_N68RF/right_view/ice_seals_2025_fl223_R_20250513_225423.077317_rgb.jpg,1274,9735.82,1289.98,9900.74,1452.98,1,0,animal,1,
21,//akc0ss-n086/NMML_Polar_Imagery_4/Surveys_IceSeals_2025/fl223/images_30deg_N68RF/right_view/ice_seals_2025_fl223_R_20250513_225424.170687_rgb.jpg,1275,10067.4,8672.81,10218,8851.81,1,0,animal_duplicate,1,
22,//akc0ss-n086/NMML_Polar_Imagery_4/Surveys_IceSeals_2025/fl223/images_30deg_N68RF/right_view/ice_seals_2025_fl223_R_20250513_225519.756026_rgb.jpg,1326,1055.23,8167.08,1244.86,8366.88,1,0,false_positive,1,
23,//akc0ss-n086/NMML_Polar_Imagery_4/Surveys_IceSeals_2025/fl223/images_30deg_N68RF/right_view/ice_seals_2025_fl223_R_20250513_225521.924098_rgb.jpg,1328,6093.79,3534.16,6258.4,3728.84,1,0,false_positive,1,
24,//akc0ss-n086/NMML_Polar_Imagery_4/Surveys_IceSeals_2025/fl223/images_30deg_N68RF/right_view/ice_seals_2025_fl223_R_20250513_225612.990992_rgb.jpg,1375,6142.17,2018.85,6327.6,2170.85,1,0,animal,1,
25,//akc0ss-n086/NMML_Polar_Imagery_4/Surveys_IceSeals_2025/fl223/images_30deg_N68RF/right_view/ice_seals_2025_fl223_R_20250513_225614.076458_rgb.jpg,1376,6382.28,9941.89,6583.24,10135.4,1,0,off_frame,1,(note) animal likely (same as previous detection)
26,//akc0ss-n086/NMML_Polar_Imagery_4/Surveys_IceSeals_2025/fl223/images_30deg_N68RF/right_view/ice_seals_2025_fl223_R_20250513_225634.628643_rgb.jpg,1395,6560.31,6927.93,6701.31,7101.78,1,0,animal,1,
27,//akc0ss-n086/NMML_Polar_Imagery_4/Surveys_IceSeals_2025/fl223/images_30deg_N68RF/right_view/ice_seals_2025_fl223_R_20250513_225636.780837_rgb.jpg,1397,4698.54,4054.39,4854.54,4201.02,1,0,animal,1,
28,//akc0ss-n086/NMML_Polar_Imagery_4/Surveys_IceSeals_2025/fl223/images_30deg_N68RF/right_view/ice_seals_2025_fl223_R_20250513_225747.614950_rgb.jpg,1463,7532.24,4616.07,7754.1,4842.39,1,0,false_positive,1,
29,//akc0ss-n086/NMML_Polar_Imagery_4/Surveys_IceSeals_2025/fl223/images_30deg_N68RF/right_view/ice_seals_2025_fl223_R_20250513_225748.683716_rgb.jpg,1464,1425.38,1333.5,1624.03,1600.34,1,0,false_positive,1,
30,//akc0ss-n086/NMML_Polar_Imagery_4/Surveys_IceSeals_2025/fl223/images_30deg_N68RF/right_view/ice_seals_2025_fl223_R_20250513_225748.683716_rgb.jpg,1464,10715.7,6914.99,10929.3,7135.62,1,0,false_positive,1,
31,//akc0ss-n086/NMML_Polar_Imagery_4/Surveys_IceSeals_2025/fl223/images_30deg_N68RF/right_view/ice_seals_2025_fl223_R_20250513_225908.595386_rgb.jpg,1537,3124.51,1392.91,3307.02,1546.91,1,0,animal,1,
32,//akc0ss-n086/NMML_Polar_Imagery_4/Surveys_IceSeals_2025/fl223/images_30deg_N68RF/right_view/ice_seals_2025_fl223_R_20250513_225909.712352_rgb.jpg,1538,3567.87,9728.21,3768.59,9922.9,1,0,off_frame,1,(note) animal likely (same as previous detection)
33,//akc0ss-n086/NMML_Polar_Imagery_4/Surveys_IceSeals_2025/fl223/images_30deg_N68RF/right_view/ice_seals_2025_fl223_R_20250513_230059.540608_rgb.jpg,1636,6070.59,1300.74,6237.3,1435.74,1,0,animal,1,
34,//akc0ss-n086/NMML_Polar_Imagery_4/Surveys_IceSeals_2025/fl223/images_30deg_N68RF/right_view/ice_seals_2025_fl223_R_20250513_230100.662072_rgb.jpg,1637,6450.53,9283.47,6633.83,9432.47,1,0,animal_duplicate,1,
35,//akc0ss-n086/NMML_Polar_Imagery_4/Surveys_IceSeals_2025/fl223/images_30deg_N68RF/right_view/ice_seals_2025_fl223_R_20250513_230127.436316_rgb.jpg,1661,8529.34,3466.3,8744.17,3643.65,1,0,false_positive,1,
36,//akc0ss-n086/NMML_Polar_Imagery_4/Surveys_IceSeals_2025/fl223/images_30deg_N68RF/right_view/ice_seals_2025_fl223_R_20250513_230226.380302_rgb.jpg,1714,7600.47,7341.56,7763.57,7485.56,1,0,animal,1,
37,//akc0ss-n086/NMML_Polar_Imagery_4/Surveys_IceSeals_2025/fl223/images_30deg_N68RF/right_view/ice_seals_2025_fl223_R_20250513_230226.380302_rgb.jpg,1714,4700.45,3353.02,4856.34,3492.02,1,0,animal,1,
38,//akc0ss-n086/NMML_Polar_Imagery_4/Surveys_IceSeals_2025/fl223/images_30deg_N68RF/right_view/ice_seals_2025_fl223_R_20250513_230250.941593_rgb.jpg,1736,11653.3,6974.63,11819.5,7191.94,1,0,animal,1,
39,//akc0ss-n086/NMML_Polar_Imagery_4/Surveys_IceSeals_2025/fl223/images_30deg_N68RF/right_view/ice_seals_2025_fl223_R_20250513_230334.433039_rgb.jpg,1775,8933.99,3732.08,9103.4,3881.4,1,0,animal,1,
40,//akc0ss-n086/NMML_Polar_Imagery_4/Surveys_IceSeals_2025/fl223/images_30deg_N68RF/right_view/ice_seals_2025_fl223_R_20250513_230416.950560_rgb.jpg,1813,8801.08,6188.2,8958.78,6307.58,1,0,animal,1,
41,//akc0ss-n086/NMML_Polar_Imagery_4/Surveys_IceSeals_2025/fl223/images_30deg_N68RF/right_view/ice_seals_2025_fl223_R_20250513_230428.204488_rgb.jpg,1823,1139.1,1822.27,1308.55,1997.27,1,0,animal,1,
42,//akc0ss-n086/NMML_Polar_Imagery_4/Surveys_IceSeals_2025/fl223/images_30deg_N68RF/right_view/ice_seals_2025_fl223_R_20250513_230429.330296_rgb.jpg,1824,1529.59,10468.6,1749.73,10577.2,1,0,off_frame,1,(note) animal likely
43,//akc0ss-n086/NMML_Polar_Imagery_4/Surveys_IceSeals_2025/fl223/images_30deg_N68RF/right_view/ice_seals_2025_fl223_R_20250513_230439.435659_rgb.jpg,1833,8183.65,4583.97,8329.68,4725.97,1,0,animal,1,
44,//akc0ss-n086/NMML_Polar_Imagery_4/Surveys_IceSeals_2025/fl223/images_30deg_N68RF/right_view/ice_seals_2025_fl223_R_20250513_230452.906565_rgb.jpg,1845,8767.28,1855.22,8951.9,2086.29,1,0,false_positive,1,
45,//akc0ss-n086/NMML_Polar_Imagery_4/Surveys_IceSeals_2025/fl223/images_30deg_N68RF/right_view/ice_seals_2025_fl223_R_20250513_230454.026732_rgb.jpg,1846,9024.81,9428.56,9210.12,9676.35,1,0,false_positive,1,
46,//akc0ss-n086/NMML_Polar_Imagery_4/Surveys_IceSeals_2025/fl223/images_30deg_N68RF/right_view/ice_seals_2025_fl223_R_20250513_230455.145996_rgb.jpg,1847,12047.9,6208.54,12272.9,6373.58,1,0,animal,1,
47,//akc0ss-n086/NMML_Polar_Imagery_4/Surveys_IceSeals_2025/fl223/images_30deg_N68RF/right_view/ice_seals_2025_fl223_R_20250513_230556.837235_rgb.jpg,1901,11824.8,1407.62,12091.8,1595.74,1,0,animal,1,
48,//akc0ss-n086/NMML_Polar_Imagery_4/Surveys_IceSeals_2025/fl223/images_30deg_N68RF/right_view/ice_seals_2025_fl223_R_20250513_230558.033703_rgb.jpg,1902,11505.6,9753.63,11766.7,9935.58,1,0,off_frame,1,(note) animal likely (same as previous detection)
49,//akc0ss-n086/NMML_Polar_Imagery_4/Surveys_IceSeals_2025/fl223/images_30deg_N68RF/right_view/ice_seals_2025_fl223_R_20250513_230601.623408_rgb.jpg,1905,2590.03,793.8,2805.9,939.976,1,0,animal,1,
50,//akc0ss-n086/NMML_Polar_Imagery_4/Surveys_IceSeals_2025/fl223/images_30deg_N68RF/right_view/ice_seals_2025_fl223_R_20250513_230602.815733_rgb.jpg,1906,950.995,9740.5,1067.91,9963.88,1,0,off_frame,1,(note) animal likely (same as previous detection)
51,//akc0ss-n086/NMML_Polar_Imagery_4/Surveys_IceSeals_2025/fl223/images_30deg_N68RF/right_view/ice_seals_2025_fl223_R_20250513_230659.191500_rgb.jpg,1955,2791.4,6675.44,2974.1,6925.44,1,0,animal,1,
52,//akc0ss-n086/NMML_Polar_Imagery_4/Surveys_IceSeals_2025/fl223/images_30deg_N68RF/right_view/ice_seals_2025_fl223_R_20250513_230700.316406_rgb.jpg,1956,1641.88,3110.5,1835.64,3296.17,1,0,false_positive,1,
53,//akc0ss-n086/NMML_Polar_Imagery_4/Surveys_IceSeals_2025/fl223/images_30deg_N68RF/right_view/ice_seals_2025_fl223_R_20250513_230752.938055_rgb.jpg,2003,1354.73,4521.93,1538.73,4706.91,1,0,animal,1,
54,//akc0ss-n086/NMML_Polar_Imagery_4/Surveys_IceSeals_2025/fl223/images_30deg_N68RF/right_view/ice_seals_2025_fl223_R_20250513_230800.769484_rgb.jpg,2010,8737.33,5210.06,8908.21,5405.83,1,0,false_positive,1,
55,//akc0ss-n086/NMML_Polar_Imagery_4/Surveys_IceSeals_2025/fl223/images_30deg_N68RF/right_view/ice_seals_2025_fl223_R_20250513_230810.844402_rgb.jpg,2019,2384.78,6333.01,2563.78,6496.76,1,0,animal,1,
56,//akc0ss-n086/NMML_Polar_Imagery_4/Surveys_IceSeals_2025/fl223/images_30deg_N68RF/right_view/ice_seals_2025_fl223_R_20250513_230823.181242_rgb.jpg,2030,10233,3713.34,10393,3856.17,1,0,animal,1,
57,//akc0ss-n086/NMML_Polar_Imagery_4/Surveys_IceSeals_2025/fl223/images_30deg_N68RF/right_view/ice_seals_2025_fl223_R_20250513_230904.742234_rgb.jpg,2067,1117.49,2561.2,1275.49,2751.88,1,0,animal,1,
58,//akc0ss-n086/NMML_Polar_Imagery_4/Surveys_IceSeals_2025/fl223/images_30deg_N68RF/right_view/ice_seals_2025_fl223_R_20250513_231037.761971_rgb.jpg,2149,1095.46,4572.52,1314.73,4994.24,1,0,false_positive,1,
59,//akc0ss-n086/NMML_Polar_Imagery_4/Surveys_IceSeals_2025/fl223/images_30deg_N68RF/right_view/ice_seals_2025_fl223_R_20250513_231244.010690_rgb.jpg,2260,10925.1,4324.08,11138.9,4492.45,1,0,animal,1,
60,//akc0ss-n086/NMML_Polar_Imagery_4/Surveys_IceSeals_2025/fl223/images_30deg_N68RF/right_view/ice_seals_2025_fl223_R_20250513_231244.010690_rgb.jpg,2260,11295.5,5605.52,11489.8,5800.52,1,0,animal,1,
61,//akc0ss-n086/NMML_Polar_Imagery_4/Surveys_IceSeals_2025/fl223/images_30deg_N68RF/right_view/ice_seals_2025_fl223_R_20250513_231249.705323_rgb.jpg,2265,11368.2,586.648,11592,769.547,1,0,false_positive,1,
62,//akc0ss-n086/NMML_Polar_Imagery_4/Surveys_IceSeals_2025/fl223/images_30deg_N68RF/right_view/ice_seals_2025_fl223_R_20250513_231250.845690_rgb.jpg,2266,11074.7,7782.12,11288,7953.02,1,0,false_positive,1,
63,//akc0ss-n086/NMML_Polar_Imagery_4/Surveys_IceSeals_2025/fl223/images_30deg_N68RF/right_view/ice_seals_2025_fl223_R_20250513_231338.842649_rgb.jpg,2308,11634.4,7216.97,11832.3,7375.37,1,0,animal,1,
64,//akc0ss-n086/NMML_Polar_Imagery_4/Surveys_IceSeals_2025/fl223/images_30deg_N68RF/right_view/ice_seals_2025_fl223_R_20250513_231338.842649_rgb.jpg,2308,13005.4,7869.97,13117.6,8120.35,1,0,off_frame,1,(note) animal likely
65,//akc0ss-n086/NMML_Polar_Imagery_4/Surveys_IceSeals_2025/fl223/images_30deg_N68RF/right_view/ice_seals_2025_fl223_R_20250513_231406.326740_rgb.jpg,2332,12135.2,3723.84,12299,3881.39,1,0,false_positive,1,
66,//akc0ss-n086/NMML_Polar_Imagery_4/Surveys_IceSeals_2025/fl223/images_30deg_N68RF/right_view/ice_seals_2025_fl223_R_20250513_231558.008507_rgb.jpg,2430,7316.65,6568.23,7537.87,6734.31,1,0,animal,1,
67,//akc0ss-n086/NMML_Polar_Imagery_4/Surveys_IceSeals_2025/fl223/images_30deg_N68RF/right_view/ice_seals_2025_fl223_R_20250513_231558.008507_rgb.jpg,2430,5997.82,6007.1,6199.26,6149.83,1,0,animal,1,
68,//akc0ss-n086/NMML_Polar_Imagery_4/Surveys_IceSeals_2025/fl223/images_30deg_N68RF/right_view/ice_seals_2025_fl223_R_20250513_231636.813251_rgb.jpg,2464,4752.55,3866.49,4916.65,4007.31,1,0,animal,1,
69,//akc0ss-n086/NMML_Polar_Imagery_4/Surveys_IceSeals_2025/fl223/images_30deg_N68RF/right_view/ice_seals_2025_fl223_R_20250513_231652.775310_rgb.jpg,2478,8010.84,7188.19,8141.74,7297.74,1,0,animal,1,
70,//akc0ss-n086/NMML_Polar_Imagery_4/Surveys_IceSeals_2025/fl223/images_30deg_N68RF/right_view/ice_seals_2025_fl223_R_20250513_231744.216305_rgb.jpg,2523,2026.52,7848.68,2187.01,8024.68,1,0,animal,1,
71,//akc0ss-n086/NMML_Polar_Imagery_4/Surveys_IceSeals_2025/fl223/images_30deg_N68RF/right_view/ice_seals_2025_fl223_R_20250513_231745.355371_rgb.jpg,2524,6381.46,6134.21,6511.46,6302.51,1,0,animal,1,
72,//akc0ss-n086/NMML_Polar_Imagery_4/Surveys_IceSeals_2025/fl223/images_30deg_N68RF/right_view/ice_seals_2025_fl223_R_20250513_231817.295628_rgb.jpg,2552,3201.33,8567.2,3375.17,8816.86,1,0,animal,1,
73,//akc0ss-n086/NMML_Polar_Imagery_4/Surveys_IceSeals_2025/fl223/images_30deg_N68RF/right_view/ice_seals_2025_fl223_R_20250513_231905.294608_rgb.jpg,2594,8387.67,7780.96,8557.92,8036.35,1,0,false_positive,1,
74,//akc0ss-n086/NMML_Polar_Imagery_4/Surveys_IceSeals_2025/fl223/images_30deg_N68RF/right_view/ice_seals_2025_fl223_R_20250513_232037.637814_rgb.jpg,2675,10714.2,5942.87,10912.4,6131.2,1,0,false_positive,1,
75,//akc0ss-n086/NMML_Polar_Imagery_4/Surveys_IceSeals_2025/fl223/images_30deg_N68RF/right_view/ice_seals_2025_fl223_R_20250513_232216.148283_rgb.jpg,2700,5535.33,1798.83,5731.25,2143.59,1,0,false_positive,1,
76,//akc0ss-n086/NMML_Polar_Imagery_4/Surveys_IceSeals_2025/fl223/images_30deg_N68RF/right_view/ice_seals_2025_fl223_R_20250513_232421.698942_rgb.jpg,2812,5400.39,2939.29,5546.83,3164.55,1,0,false_positive,1,
77,//akc0ss-n086/NMML_Polar_Imagery_4/Surveys_IceSeals_2025/fl223/images_30deg_N68RF/right_view/ice_seals_2025_fl223_R_20250513_232516.032438_rgb.jpg,2861,9229.76,632.489,9433.28,796.604,1,0,false_positive,1,
78,//akc0ss-n086/NMML_Polar_Imagery_4/Surveys_IceSeals_2025/fl223/images_30deg_N68RF/right_view/ice_seals_2025_fl223_R_20250513_232548.152412_rgb.jpg,2890,1023.46,5705.54,1182.65,5861.65,1,0,animal,1,
79,//akc0ss-n086/NMML_Polar_Imagery_4/Surveys_IceSeals_2025/fl223/images_30deg_N68RF/right_view/ice_seals_2025_fl223_R_20250513_232602.500502_rgb.jpg,2903,1006.91,835.061,1233.02,953.764,1,0,false_positive,1,
80,//akc0ss-n086/NMML_Polar_Imagery_4/Surveys_IceSeals_2025/fl223/images_30deg_N68RF/right_view/ice_seals_2025_fl223_R_20250513_232603.601509_rgb.jpg,2904,3328.71,4982.21,3448.8,5094.86,1,0,animal,1,
81,//akc0ss-n086/NMML_Polar_Imagery_4/Surveys_IceSeals_2025/fl223/images_30deg_N68RF/right_view/ice_seals_2025_fl223_R_20250513_232628.944444_rgb.jpg,2927,5608.49,1268.95,5815.45,1606.55,1,0,false_positive,1,
82,//akc0ss-n086/NMML_Polar_Imagery_4/Surveys_IceSeals_2025/fl223/images_30deg_N68RF/right_view/ice_seals_2025_fl223_R_20250513_232628.944444_rgb.jpg,2927,7923.86,3707.98,8121.75,3976.27,1,0,false_positive,1,
83,//akc0ss-n086/NMML_Polar_Imagery_4/Surveys_IceSeals_2025/fl223/images_30deg_N68RF/right_view/ice_seals_2025_fl223_R_20250513_232839.455794_rgb.jpg,3046,8569.14,1222.69,8729.74,1389.28,1,0,false_positive,1,
84,//akc0ss-n086/NMML_Polar_Imagery_4/Surveys_IceSeals_2025/fl223/images_30deg_N68RF/right_view/ice_seals_2025_fl223_R_20250513_232839.455794_rgb.jpg,3046,8712.6,1238.23,8858.53,1396.69,1,0,false_positive,1,
85,//akc0ss-n086/NMML_Polar_Imagery_4/Surveys_IceSeals_2025/fl223/images_30deg_N68RF/right_view/ice_seals_2025_fl223_R_20250513_232839.455794_rgb.jpg,3046,8850.9,1384.94,9001.99,1571.63,1,0,false_positive,1,
86,//akc0ss-n086/NMML_Polar_Imagery_4/Surveys_IceSeals_2025/fl223/images_30deg_N68RF/right_view/ice_seals_2025_fl223_R_20250513_232839.455794_rgb.jpg,3046,8592.68,1118.07,8758.9,1288.32,1,0,false_positive,1,
87,//akc0ss-n086/NMML_Polar_Imagery_4/Surveys_IceSeals_2025/fl223/images_30deg_N68RF/right_view/ice_seals_2025_fl223_R_20250513_232843.829518_rgb.jpg,3050,7998.2,5355.4,8228.24,5521.28,1,0,false_positive,1,
88,//akc0ss-n086/NMML_Polar_Imagery_4/Surveys_IceSeals_2025/fl223/images_30deg_N68RF/right_view/ice_seals_2025_fl223_R_20250513_233229.258433_rgb.jpg,3257,11517.6,926.05,11642.9,1025.18,1,0,animal,1,
89,//akc0ss-n086/NMML_Polar_Imagery_4/Surveys_IceSeals_2025/fl223/images_30deg_N68RF/right_view/ice_seals_2025_fl223_R_20250513_233230.335401_rgb.jpg,3258,11392.7,8033.75,11507.2,8121.56,1,0,animal_duplicate,1,
90,//akc0ss-n086/NMML_Polar_Imagery_4/Surveys_IceSeals_2025/fl223/images_30deg_N68RF/right_view/ice_seals_2025_fl223_R_20250513_233236.800924_rgb.jpg,3264,3640.96,5345.28,3796.18,5575.4,1,0,animal,1,
91,//akc0ss-n086/NMML_Polar_Imagery_4/Surveys_IceSeals_2025/fl223/images_30deg_N68RF/right_view/ice_seals_2025_fl223_R_20250513_233601.265769_rgb.jpg,3456,6014.94,7208.07,6132.24,7340.66,1,0,animal,1,
92,//akc0ss-n086/NMML_Polar_Imagery_4/Surveys_IceSeals_2025/fl223/images_30deg_N68RF/right_view/ice_seals_2025_fl223_R_20250513_233624.750330_rgb.jpg,3478,11362.4,614.005,11558.7,747.051,1,0,animal,1,
93,//akc0ss-n086/NMML_Polar_Imagery_4/Surveys_IceSeals_2025/fl223/images_30deg_N68RF/right_view/ice_seals_2025_fl223_R_20250513_233625.806838_rgb.jpg,3479,11568.9,7586.02,11771.1,7712.02,1,0,animal_duplicate,1,
94,//akc0ss-n086/NMML_Polar_Imagery_4/Surveys_IceSeals_2025/fl223/images_30deg_N68RF/right_view/ice_seals_2025_fl223_R_20250513_233631.090873_rgb.jpg,3484,9071.91,3067.68,9289.33,3300.51,1,0,false_positive,1,
95,//akc0ss-n086/NMML_Polar_Imagery_4/Surveys_IceSeals_2025/fl223/images_30deg_N68RF/right_view/ice_seals_2025_fl223_R_20250513_233648.083858_rgb.jpg,3500,6430.44,3272.63,6675.64,3480.66,1,0,false_positive,1,
96,//akc0ss-n086/NMML_Polar_Imagery_4/Surveys_IceSeals_2025/fl223/images_30deg_N68RF/right_view/ice_seals_2025_fl223_R_20250513_233648.083858_rgb.jpg,3500,6407,3245.4,6705.18,3508.39,1,0,false_positive,1,
97,//akc0ss-n086/NMML_Polar_Imagery_4/Surveys_IceSeals_2025/fl223/images_30deg_N68RF/right_view/ice_seals_2025_fl223_R_20250513_233847.129931_rgb.jpg,3612,3730.04,6966.14,3951.11,7153.42,1,0,false_positive,1,
98,//akc0ss-n086/NMML_Polar_Imagery_4/Surveys_IceSeals_2025/fl223/images_30deg_N68RF/right_view/ice_seals_2025_fl223_R_20250513_233904.122862_rgb.jpg,3628,12686.4,852.119,12932.5,1052.98,1,0,off_frame,1,(note) animal likely (same as next detection)
99,//akc0ss-n086/NMML_Polar_Imagery_4/Surveys_IceSeals_2025/fl223/images_30deg_N68RF/right_view/ice_seals_2025_fl223_R_20250513_233905.184645_rgb.jpg,3629,12602.8,7835.95,12801.8,7961.74,1,0,animal,1,
100,//akc0ss-n086/NMML_Polar_Imagery_4/Surveys_IceSeals_2025/fl223/images_30deg_N68RF/right_view/ice_seals_2025_fl223_R_20250513_234131.638036_rgb.jpg,3767,12330.5,3206.42,12451.5,3298.67,1,0,animal,1,
101,//akc0ss-n086/NMML_Polar_Imagery_4/Surveys_IceSeals_2025/fl223/images_30deg_N68RF/right_view/ice_seals_2025_fl223_R_20250513_234132.703299_rgb.jpg,3768,12021.7,8981.72,12115.7,9056.4,1,0,animal_duplicate,1,
102,//akc0ss-n086/NMML_Polar_Imagery_4/Surveys_IceSeals_2025/fl223/images_30deg_N68RF/right_view/ice_seals_2025_fl223_R_20250513_234233.936598_rgb.jpg,3827,2408.26,6498.79,2585.61,6648.79,1,0,animal,1,
103,//akc0ss-n086/NMML_Polar_Imagery_4/Surveys_IceSeals_2025/fl223/images_30deg_N68RF/right_view/ice_seals_2025_fl223_R_20250513_234449.301075_rgb.jpg,3957,2810.37,3363.76,3070.13,3603.86,1,0,false_positive,1,
104,//akc0ss-n086/NMML_Polar_Imagery_4/Surveys_IceSeals_2025/fl223/images_30deg_N68RF/right_view/ice_seals_2025_fl223_R_20250513_234449.301075_rgb.jpg,3957,2758.51,3324.26,3022.32,3530.85,1,0,false_positive,1,
105,//akc0ss-n086/NMML_Polar_Imagery_4/Surveys_IceSeals_2025/fl223/images_30deg_N68RF/right_view/ice_seals_2025_fl223_R_20250513_234449.301075_rgb.jpg,3957,2773.47,3421.15,3036.67,3634.04,1,0,false_positive,1,
106,//akc0ss-n086/NMML_Polar_Imagery_4/Surveys_IceSeals_2025/fl223/images_30deg_N68RF/right_view/ice_seals_2025_fl223_R_20250513_234451.424190_rgb.jpg,3959,8917.25,6274.22,9140.82,6641.02,1,0,false_positive,1,
107,//akc0ss-n086/NMML_Polar_Imagery_4/Surveys_IceSeals_2025/fl223/images_30deg_N68RF/right_view/ice_seals_2025_fl223_R_20250513_234525.496639_rgb.jpg,3991,5784.73,5734.47,6012.74,6066.34,1,0,false_positive,1,
108,//akc0ss-n086/NMML_Polar_Imagery_4/Surveys_IceSeals_2025/fl223/images_30deg_N68RF/right_view/ice_seals_2025_fl223_R_20250513_234526.566591_rgb.jpg,3992,3397.58,6978.54,3587.14,7155.76,1,0,false_positive,1,
109,//akc0ss-n086/NMML_Polar_Imagery_4/Surveys_IceSeals_2025/fl223/images_30deg_N68RF/right_view/ice_seals_2025_fl223_R_20250513_234528.707299_rgb.jpg,3994,10404.4,1640.56,10613.2,1868.89,1,0,false_positive,1,
110,//akc0ss-n086/NMML_Polar_Imagery_4/Surveys_IceSeals_2025/fl223/images_30deg_N68RF/right_view/ice_seals_2025_fl223_R_20250513_234530.848555_rgb.jpg,3996,5348.81,4606.86,5592.17,4840.68,1,0,false_positive,1,
111,//akc0ss-n086/NMML_Polar_Imagery_4/Surveys_IceSeals_2025/fl223/images_30deg_N68RF/right_view/ice_seals_2025_fl223_R_20250513_234536.200566_rgb.jpg,4001,6495.47,3151.19,6642.89,3302.19,1,0,animal,1,
112,//akc0ss-n086/NMML_Polar_Imagery_4/Surveys_IceSeals_2025/fl223/images_30deg_N68RF/right_view/ice_seals_2025_fl223_R_20250513_234539.414890_rgb.jpg,4004,9425.02,1009.03,9627.79,1190,1,0,false_positive,1,
113,//akc0ss-n086/NMML_Polar_Imagery_4/Surveys_IceSeals_2025/fl223/images_30deg_N68RF/right_view/ice_seals_2025_fl223_R_20250513_234540.486917_rgb.jpg,4005,9640.56,8442.13,9837.31,8603.01,1,0,false_positive,1,
114,//akc0ss-n086/NMML_Polar_Imagery_4/Surveys_IceSeals_2025/fl223/images_30deg_N68RF/right_view/ice_seals_2025_fl223_R_20250513_234552.287970_rgb.jpg,4016,7607.79,3689.44,7806.34,3932.24,1,0,false_positive,1,
115,//akc0ss-n086/NMML_Polar_Imagery_4/Surveys_IceSeals_2025/fl223/images_30deg_N68RF/right_view/ice_seals_2025_fl223_R_20250513_234624.583569_rgb.jpg,4046,11527.8,2809.4,11656.8,2943.69,1,0,animal,1,
116,//akc0ss-n086/NMML_Polar_Imagery_4/Surveys_IceSeals_2025/fl223/images_30deg_N68RF/right_view/ice_seals_2025_fl223_R_20250513_234625.658035_rgb.jpg,4047,11631.4,9878.73,11818.6,10075.5,1,0,off_frame,1,(note) animal likely (same as previous detection)
117,//akc0ss-n086/NMML_Polar_Imagery_4/Surveys_IceSeals_2025/fl223/images_30deg_N68RF/right_view/ice_seals_2025_fl223_R_20250513_234639.634941_rgb.jpg,4060,8226.23,1724.49,8424.52,1967.11,1,0,false_positive,1,
118,//akc0ss-n086/NMML_Polar_Imagery_4/Surveys_IceSeals_2025/fl223/images_30deg_N68RF/right_view/ice_seals_2025_fl223_R_20250513_234640.710247_rgb.jpg,4061,8507.04,9328.38,8712.35,9599.92,1,0,false_positive,1,
119,//akc0ss-n086/NMML_Polar_Imagery_4/Surveys_IceSeals_2025/fl223/images_30deg_N68RF/right_view/ice_seals_2025_fl223_R_20250513_234642.861819_rgb.jpg,4063,3655.22,5522.03,3896.8,5780.05,1,0,false_positive,1,
120,//akc0ss-n086/NMML_Polar_Imagery_4/Surveys_IceSeals_2025/fl223/images_30deg_N68RF/right_view/ice_seals_2025_fl223_R_20250513_234657.948016_rgb.jpg,4077,11658,3417.84,11805.8,3553.84,1,0,animal,1,
121,//akc0ss-n086/NMML_Polar_Imagery_4/Surveys_IceSeals_2025/fl223/images_30deg_N68RF/right_view/ice_seals_2025_fl223_R_20250513_234710.897695_rgb.jpg,4089,8134.45,6190.19,8341.04,6447.66,1,0,false_positive,1,
122,//akc0ss-n086/NMML_Polar_Imagery_4/Surveys_IceSeals_2025/fl223/images_30deg_N68RF/right_view/ice_seals_2025_fl223_R_20250513_234729.238550_rgb.jpg,4106,12828.3,6508.77,13041.2,6703.27,1,0,off_frame,1,(note) animal likely
123,//akc0ss-n086/NMML_Polar_Imagery_4/Surveys_IceSeals_2025/fl223/images_30deg_N68RF/right_view/ice_seals_2025_fl223_R_20250513_234807.065382_rgb.jpg,4141,3328.4,5770.77,3568.3,5926.36,1,0,animal,1,
124,//akc0ss-n086/NMML_Polar_Imagery_4/Surveys_IceSeals_2025/fl223/images_30deg_N68RF/right_view/ice_seals_2025_fl223_R_20250513_234815.740355_rgb.jpg,4149,10812.9,9835.82,11012.2,10122.7,1,0,false_positive,1,
125,//akc0ss-n086/NMML_Polar_Imagery_4/Surveys_IceSeals_2025/fl223/images_30deg_N68RF/right_view/ice_seals_2025_fl223_R_20250513_234849.449224_rgb.jpg,4180,3715.68,1828.1,3894.67,1981.43,1,0,animal,1,
126,//akc0ss-n086/NMML_Polar_Imagery_4/Surveys_IceSeals_2025/fl223/images_30deg_N68RF/right_view/ice_seals_2025_fl223_R_20250513_234850.537792_rgb.jpg,4181,4109,10018.9,4298.93,10212.1,1,0,off_frame,1,(note) animal likely (same as previous detection)
127,//akc0ss-n086/NMML_Polar_Imagery_4/Surveys_IceSeals_2025/fl223/images_30deg_N68RF/right_view/ice_seals_2025_fl223_R_20250513_234933.911140_rgb.jpg,4221,12489.4,1345.1,12713.6,1583.97,1,0,false_positive,1,
128,//akc0ss-n086/NMML_Polar_Imagery_4/Surveys_IceSeals_2025/fl223/images_30deg_N68RF/right_view/ice_seals_2025_fl223_R_20250513_235259.950840_rgb.jpg,4352,6511.99,3907.26,6600.1,4010.67,1,0,animal,1,
129,//akc0ss-n086/NMML_Polar_Imagery_4/Surveys_IceSeals_2025/fl223/images_30deg_N68RF/right_view/ice_seals_2025_fl223_R_20250513_235259.950840_rgb.jpg,4352,6569.42,3980.33,6662.26,4125.63,1,0,animal,1,
130,//akc0ss-n086/NMML_Polar_Imagery_4/Surveys_IceSeals_2025/fl223/images_30deg_N68RF/right_view/ice_seals_2025_fl223_R_20250513_235302.060713_rgb.jpg,4354,2722.52,4040.27,2929.08,4210.57,1,0,false_positive,1,
131,//akc0ss-n086/NMML_Polar_Imagery_4/Surveys_IceSeals_2025/fl223/images_30deg_N68RF/right_view/ice_seals_2025_fl223_R_20250513_235304.171607_rgb.jpg,4356,8981.91,7944.13,9195.64,8150.31,1,0,false_positive,1,
132,//akc0ss-n086/NMML_Polar_Imagery_4/Surveys_IceSeals_2025/fl223/images_30deg_N68RF/right_view/ice_seals_2025_fl223_R_20250513_235343.208754_rgb.jpg,4393,2415.27,1534.83,2575.85,1643.83,1,0,animal,1,
133,//akc0ss-n086/NMML_Polar_Imagery_4/Surveys_IceSeals_2025/fl223/images_30deg_N68RF/right_view/ice_seals_2025_fl223_R_20250513_235344.261296_rgb.jpg,4394,2675.46,9923.8,2876.98,10110.7,1,0,off_frame,1,(note) animal likely (same as previous detection)
134,//akc0ss-n086/NMML_Polar_Imagery_4/Surveys_IceSeals_2025/fl223/images_30deg_N68RF/right_view/ice_seals_2025_fl223_R_20250513_235522.906172_rgb.jpg,4488,3993.03,1190.6,4188.19,1378.21,1,0,false_positive,1,
135,//akc0ss-n086/NMML_Polar_Imagery_4/Surveys_IceSeals_2025/fl223/images_30deg_N68RF/right_view/ice_seals_2025_fl223_R_20250513_235524.996823_rgb.jpg,4490,12282,1240.58,12413,1347,1,0,animal,1,
136,//akc0ss-n086/NMML_Polar_Imagery_4/Surveys_IceSeals_2025/fl223/images_30deg_N68RF/right_view/ice_seals_2025_fl223_R_20250513_235526.042112_rgb.jpg,4491,12414.1,8256.68,12560.1,8397.81,1,0,animal_duplicate,1,
137,//akc0ss-n086/NMML_Polar_Imagery_4/Surveys_IceSeals_2025/fl223/images_30deg_N68RF/right_view/ice_seals_2025_fl223_R_20250513_235530.226774_rgb.jpg,4495,3139.96,829.198,3353.75,1200.73,1,0,false_positive,1,
138,//akc0ss-n086/NMML_Polar_Imagery_4/Surveys_IceSeals_2025/fl223/images_30deg_N68RF/right_view/ice_seals_2025_fl223_R_20250513_235530.226774_rgb.jpg,4495,3151.66,919.564,3346.01,1199.65,1,0,false_positive,1,
139,//akc0ss-n086/NMML_Polar_Imagery_4/Surveys_IceSeals_2025/fl223/images_30deg_N68RF/right_view/ice_seals_2025_fl223_R_20250513_235604.725370_rgb.jpg,4528,4519.7,8697.3,4711.13,8904.39,1,0,false_positive,1,
140,//akc0ss-n086/NMML_Polar_Imagery_4/Surveys_IceSeals_2025/fl223/images_30deg_N68RF/right_view/ice_seals_2025_fl223_R_20250513_235609.947463_rgb.jpg,4533,12630.6,6774.35,12826,7107.96,1,0,false_positive,1,
141,//akc0ss-n086/NMML_Polar_Imagery_4/Surveys_IceSeals_2025/fl223/images_30deg_N68RF/right_view/ice_seals_2025_fl223_R_20250513_235644.387116_rgb.jpg,4566,10158.2,4510.75,10322.1,4692.58,1,0,animal,1,
142,//akc0ss-n086/NMML_Polar_Imagery_4/Surveys_IceSeals_2025/fl223/images_30deg_N68RF/right_view/ice_seals_2025_fl223_R_20250513_235733.522562_rgb.jpg,4613,4075.2,6393.09,4274.07,6600.96,1,0,false_positive,1,
143,//akc0ss-n086/NMML_Polar_Imagery_4/Surveys_IceSeals_2025/fl223/images_30deg_N68RF/right_view/ice_seals_2025_fl223_R_20250513_235816.651392_rgb.jpg,4654,5387.56,3794.39,5546.86,3987.63,1,0,false_positive,1,
144,//akc0ss-n086/NMML_Polar_Imagery_4/Surveys_IceSeals_2025/fl223/images_30deg_N68RF/right_view/ice_seals_2025_fl223_R_20250513_235919.043142_rgb.jpg,4713,9696.16,3795.08,9878.95,4100.77,1,0,false_positive,1,
145,//akc0ss-n086/NMML_Polar_Imagery_4/Surveys_IceSeals_2025/fl223/images_30deg_N68RF/right_view/ice_seals_2025_fl223_R_20250513_235931.780421_rgb.jpg,4725,9532.66,4247.5,9717.83,4476.17,1,0,false_positive,1,
146,//akc0ss-n086/NMML_Polar_Imagery_4/Surveys_IceSeals_2025/fl223/images_30deg_N68RF/right_view/ice_seals_2025_fl223_R_20250513_235954.092720_rgb.jpg,4746,12899,3296.32,13017,3470.67,1,0,off_frame,1,
147,//akc0ss-n086/NMML_Polar_Imagery_4/Surveys_IceSeals_2025/fl223/images_30deg_N68RF/right_view/ice_seals_2025_fl223_R_20250514_000014.300606_rgb.jpg,4765,3292.96,4396.63,3434.1,4549.17,1,0,false_positive,1,
148,//akc0ss-n086/NMML_Polar_Imagery_4/Surveys_IceSeals_2025/fl223/images_30deg_N68RF/right_view/ice_seals_2025_fl223_R_20250514_000039.895826_rgb.jpg,4789,9266.01,4093.85,9439.13,4350.56,1,0,false_positive,1,
149,//akc0ss-n086/NMML_Polar_Imagery_4/Surveys_IceSeals_2025/fl223/images_30deg_N68RF/right_view/ice_seals_2025_fl223_R_20250514_000043.094927_rgb.jpg,4792,7596.39,5683,7783.11,5916.88,1,0,false_positive,1,
150,//akc0ss-n086/NMML_Polar_Imagery_4/Surveys_IceSeals_2025/fl223/images_30deg_N68RF/right_view/ice_seals_2025_fl223_R_20250514_000044.161353_rgb.jpg,4793,9549.49,8766.17,9729.52,8950.05,1,0,false_positive,1,
151,//akc0ss-n086/NMML_Polar_Imagery_4/Surveys_IceSeals_2025/fl223/images_30deg_N68RF/right_view/ice_seals_2025_fl223_R_20250514_000221.374385_rgb.jpg,4884,12119.6,604.286,12245.8,745.725,1,0,animal,1,
152,//akc0ss-n086/NMML_Polar_Imagery_4/Surveys_IceSeals_2025/fl223/images_30deg_N68RF/right_view/ice_seals_2025_fl223_R_20250514_000222.451210_rgb.jpg,4885,12176.3,7734.04,12316.3,7886.86,1,0,animal_duplicate,1,
153,//akc0ss-n086/NMML_Polar_Imagery_4/Surveys_IceSeals_2025/fl223/images_30deg_N68RF/right_view/ice_seals_2025_fl223_R_20250514_000251.329868_rgb.jpg,4912,5261.49,3452.77,5487.33,3649.97,1,0,false_positive,1,
154,//akc0ss-n086/NMML_Polar_Imagery_4/Surveys_IceSeals_2025/fl223/images_30deg_N68RF/right_view/ice_seals_2025_fl223_R_20250514_000253.467025_rgb.jpg,4914,7474.58,2974.8,7577.72,3125.58,1,0,animal,1,
155,//akc0ss-n086/NMML_Polar_Imagery_4/Surveys_IceSeals_2025/fl223/images_30deg_N68RF/right_view/ice_seals_2025_fl223_R_20250514_000256.674941_rgb.jpg,4917,2862.44,3429.36,3059.74,3683.79,1,0,false_positive,1,
156,//akc0ss-n086/NMML_Polar_Imagery_4/Surveys_IceSeals_2025/fl223/images_30deg_N68RF/right_view/ice_seals_2025_fl223_R_20250514_000407.118504_rgb.jpg,4983,5094.57,2473.56,5475.45,2690.01,1,0,false_positive,1,
157,//akc0ss-n086/NMML_Polar_Imagery_4/Surveys_IceSeals_2025/fl223/images_30deg_N68RF/right_view/ice_seals_2025_fl223_R_20250514_000414.594813_rgb.jpg,4990,9177.67,5711.81,9356.88,5899.36,1,0,false_positive,1,
158,//akc0ss-n086/NMML_Polar_Imagery_4/Surveys_IceSeals_2025/fl223/images_30deg_N68RF/right_view/ice_seals_2025_fl223_R_20250514_000426.370362_rgb.jpg,5001,9931.16,7787.47,10193,7997.99,1,0,false_positive,1,
159,//akc0ss-n086/NMML_Polar_Imagery_4/Surveys_IceSeals_2025/fl223/images_30deg_N68RF/right_view/ice_seals_2025_fl223_R_20250514_000435.997783_rgb.jpg,5010,4585.2,7598.53,4731.83,7751.09,1,0,animal,1,
160,//akc0ss-n086/NMML_Polar_Imagery_4/Surveys_IceSeals_2025/fl223/images_30deg_N68RF/right_view/ice_seals_2025_fl223_R_20250514_000504.844845_rgb.jpg,5037,7038.56,4200.26,7259.52,4419.91,1,0,false_positive,1,
161,//akc0ss-n086/NMML_Polar_Imagery_4/Surveys_IceSeals_2025/fl223/images_30deg_N68RF/right_view/ice_seals_2025_fl223_R_20250514_000521.973732_rgb.jpg,5053,7145.67,7726.73,7362.51,7962.05,1,0,false_positive,1,
162,//akc0ss-n086/NMML_Polar_Imagery_4/Surveys_IceSeals_2025/fl223/images_30deg_N68RF/right_view/ice_seals_2025_fl223_R_20250514_000557.311616_rgb.jpg,5086,10633.6,1222.63,10847.2,1408.85,1,0,false_positive,1,
163,//akc0ss-n086/NMML_Polar_Imagery_4/Surveys_IceSeals_2025/fl223/images_30deg_N68RF/right_view/ice_seals_2025_fl223_R_20250514_000600.516813_rgb.jpg,5089,10565,1785.17,10753.5,2076.83,1,0,false_positive,1,
164,//akc0ss-n086/NMML_Polar_Imagery_4/Surveys_IceSeals_2025/fl223/images_30deg_N68RF/right_view/ice_seals_2025_fl223_R_20250514_000602.655167_rgb.jpg,5091,8276.32,7501.16,8438.1,7734.79,1,0,false_positive,1,
165,//akc0ss-n086/NMML_Polar_Imagery_4/Surveys_IceSeals_2025/fl223/images_30deg_N68RF/right_view/ice_seals_2025_fl223_R_20250514_000627.380182_rgb.jpg,5114,7300.74,7896.38,7513.15,8050.78,1,0,animal,1,
166,//akc0ss-n086/NMML_Polar_Imagery_4/Surveys_IceSeals_2025/fl223/images_30deg_N68RF/right_view/ice_seals_2025_fl223_R_20250514_000639.532458_rgb.jpg,5125,11218.9,533.914,11376.3,628.82,1,0,animal,1,
167,//akc0ss-n086/NMML_Polar_Imagery_4/Surveys_IceSeals_2025/fl223/images_30deg_N68RF/right_view/ice_seals_2025_fl223_R_20250514_000640.641628_rgb.jpg,5126,10313,8111.95,10441.1,8247.66,1,0,animal_duplicate,1,
168,//akc0ss-n086/NMML_Polar_Imagery_4/Surveys_IceSeals_2025/fl223/images_30deg_N68RF/right_view/ice_seals_2025_fl223_R_20250514_000643.966608_rgb.jpg,5129,11583.3,2549.38,11697.7,2641.92,1,0,animal,1,
169,//akc0ss-n086/NMML_Polar_Imagery_4/Surveys_IceSeals_2025/fl223/images_30deg_N68RF/right_view/ice_seals_2025_fl223_R_20250514_000645.074398_rgb.jpg,5130,11319.5,9786.63,11517.4,9980.77,1,0,off_frame,1,(note) animal likely (same as previous detection)
170,//akc0ss-n086/NMML_Polar_Imagery_4/Surveys_IceSeals_2025/fl223/images_30deg_N68RF/right_view/ice_seals_2025_fl223_R_20250514_000711.633584_rgb.jpg,5154,10396.2,6103.06,10507.2,6191.54,1,0,animal,1,
171,//akc0ss-n086/NMML_Polar_Imagery_4/Surveys_IceSeals_2025/fl223/images_30deg_N68RF/right_view/ice_seals_2025_fl223_R_20250514_000711.633584_rgb.jpg,5154,9708.36,7270.66,9834.36,7361.85,1,0,animal,1,
172,//akc0ss-n086/NMML_Polar_Imagery_4/Surveys_IceSeals_2025/fl223/images_30deg_N68RF/right_view/ice_seals_2025_fl223_R_20250514_000711.633584_rgb.jpg,5154,9969.95,6871.83,10058.6,6986.11,1,0,animal,1,
173,//akc0ss-n086/NMML_Polar_Imagery_4/Surveys_IceSeals_2025/fl223/images_30deg_N68RF/right_view/ice_seals_2025_fl223_R_20250514_000918.765981_rgb.jpg,5269,6493.11,1354.2,6719.81,1558.36,1,0,false_positive,1,
174,//akc0ss-n086/NMML_Polar_Imagery_4/Surveys_IceSeals_2025/fl223/images_30deg_N68RF/right_view/ice_seals_2025_fl223_R_20250514_000949.714996_rgb.jpg,5297,10640.7,4508.73,10750.9,4634.46,1,0,animal,1,
175,//akc0ss-n086/NMML_Polar_Imagery_4/Surveys_IceSeals_2025/fl223/images_30deg_N68RF/right_view/ice_seals_2025_fl223_R_20250514_001008.506434_rgb.jpg,5314,4442.07,4078.94,4549.53,4232.77,1,0,animal,1,
176,//akc0ss-n086/NMML_Polar_Imagery_4/Surveys_IceSeals_2025/fl223/images_30deg_N68RF/right_view/ice_seals_2025_fl223_R_20250514_001009.612401_rgb.jpg,5315,8423.91,9897.65,8653.99,10192.4,1,0,off_frame,1,
177,//akc0ss-n086/NMML_Polar_Imagery_4/Surveys_IceSeals_2025/fl223/images_30deg_N68RF/right_view/ice_seals_2025_fl223_R_20250514_001009.612401_rgb.jpg,5315,8441.25,10041.1,8658.95,10339.6,1,0,off_frame,1,
178,//akc0ss-n086/NMML_Polar_Imagery_4/Surveys_IceSeals_2025/fl223/images_30deg_N68RF/right_view/ice_seals_2025_fl223_R_20250514_001015.144077_rgb.jpg,5320,9305.82,869.625,9523.69,1087.36,1,0,false_positive,1,
179,//akc0ss-n086/NMML_Polar_Imagery_4/Surveys_IceSeals_2025/fl223/images_30deg_N68RF/right_view/ice_seals_2025_fl223_R_20250514_001016.250721_rgb.jpg,5321,9234.91,8425.57,9408.24,8610.7,1,0,false_positive,1,
180,//akc0ss-n086/NMML_Polar_Imagery_4/Surveys_IceSeals_2025/fl223/images_30deg_N68RF/right_view/ice_seals_2025_fl223_R_20250514_001018.463737_rgb.jpg,5323,8603.52,3608.07,8811.71,3801.1,1,0,false_positive,1,
181,//akc0ss-n086/NMML_Polar_Imagery_4/Surveys_IceSeals_2025/fl223/images_30deg_N68RF/right_view/ice_seals_2025_fl223_R_20250514_001022.890801_rgb.jpg,5327,3830.89,3890.72,4039.69,4087.3,1,0,false_positive,1,
182,//akc0ss-n086/NMML_Polar_Imagery_4/Surveys_IceSeals_2025/fl223/images_30deg_N68RF/right_view/ice_seals_2025_fl223_R_20250514_001033.969214_rgb.jpg,5337,911.36,2210.26,1159.59,2392.45,1,0,false_positive,1,
183,//akc0ss-n086/NMML_Polar_Imagery_4/Surveys_IceSeals_2025/fl223/images_30deg_N68RF/right_view/ice_seals_2025_fl223_R_20250514_001042.829468_rgb.jpg,5345,5122.99,4012.48,5304.57,4191.76,1,0,false_positive,1,
184,//akc0ss-n086/NMML_Polar_Imagery_4/Surveys_IceSeals_2025/fl223/images_30deg_N68RF/right_view/ice_seals_2025_fl223_R_20250514_001045.043061_rgb.jpg,5347,7018.32,686.401,7195.18,827.272,1,0,false_positive,1,
185,//akc0ss-n086/NMML_Polar_Imagery_4/Surveys_IceSeals_2025/fl223/images_30deg_N68RF/right_view/ice_seals_2025_fl223_R_20250514_001045.043061_rgb.jpg,5347,1802.09,815.493,2018.04,947.562,1,0,false_positive,1,
186,//akc0ss-n086/NMML_Polar_Imagery_4/Surveys_IceSeals_2025/fl223/images_30deg_N68RF/right_view/ice_seals_2025_fl223_R_20250514_001051.684026_rgb.jpg,5353,9361.67,2175.5,9663.67,2307.42,1,0,animal,1,
187,//akc0ss-n086/NMML_Polar_Imagery_4/Surveys_IceSeals_2025/fl223/images_30deg_N68RF/right_view/ice_seals_2025_fl223_R_20250514_001051.684026_rgb.jpg,5353,9565.24,2165.29,9731.13,2342.98,1,0,extra_detection,1,
188,//akc0ss-n086/NMML_Polar_Imagery_4/Surveys_IceSeals_2025/fl223/images_30deg_N68RF/right_view/ice_seals_2025_fl223_R_20250514_001051.684026_rgb.jpg,5353,9466.28,2129.38,9692.51,2342.99,1,0,extra_detection,1,
189,//akc0ss-n086/NMML_Polar_Imagery_4/Surveys_IceSeals_2025/fl223/images_30deg_N68RF/right_view/ice_seals_2025_fl223_R_20250514_001052.789132_rgb.jpg,5354,9211.17,9634.83,9414.07,9793.18,1,0,off_frame,1,(note) animal likely (same as previous detection)
190,//akc0ss-n086/NMML_Polar_Imagery_4/Surveys_IceSeals_2025/fl223/images_30deg_N68RF/right_view/ice_seals_2025_fl223_R_20250514_001052.789132_rgb.jpg,5354,9454.18,9646.45,9614.3,9813.28,1,0,off_frame,1,
191,//akc0ss-n086/NMML_Polar_Imagery_4/Surveys_IceSeals_2025/fl223/images_30deg_N68RF/right_view/ice_seals_2025_fl223_R_20250514_001052.789132_rgb.jpg,5354,9198.78,9617.55,9434.13,9816.61,1,0,off_frame,1,
192,//akc0ss-n086/NMML_Polar_Imagery_4/Surveys_IceSeals_2025/fl223/images_30deg_N68RF/right_view/ice_seals_2025_fl223_R_20250514_001053.895718_rgb.jpg,5355,9167.61,4578.89,9342.63,4752.15,1,0,false_positive,1,
193,//akc0ss-n086/NMML_Polar_Imagery_4/Surveys_IceSeals_2025/fl223/images_30deg_N68RF/right_view/ice_seals_2025_fl223_R_20250514_001102.748114_rgb.jpg,5363,5803.51,2320.77,5964.19,2569.77,1,0,animal,1,
194,//akc0ss-n086/NMML_Polar_Imagery_4/Surveys_IceSeals_2025/fl223/images_30deg_N68RF/right_view/ice_seals_2025_fl223_R_20250514_001103.853560_rgb.jpg,5364,5679.85,10346.6,5857.6,10473.7,1,0,off_frame,1,(note) animal likely (same as previous detection)
195,//akc0ss-n086/NMML_Polar_Imagery_4/Surveys_IceSeals_2025/fl223/images_30deg_N68RF/right_view/ice_seals_2025_fl223_R_20250514_001108.272748_rgb.jpg,5368,7574.45,4671,7734.27,4801.63,1,0,false_positive,1,
196,//akc0ss-n086/NMML_Polar_Imagery_4/Surveys_IceSeals_2025/fl223/images_30deg_N68RF/right_view/ice_seals_2025_fl223_R_20250514_001114.900753_rgb.jpg,5374,4054.43,4408,4234.36,4602.93,1,0,false_positive,1,
197,//akc0ss-n086/NMML_Polar_Imagery_4/Surveys_IceSeals_2025/fl223/images_30deg_N68RF/right_view/ice_seals_2025_fl223_R_20250514_001116.004816_rgb.jpg,5375,4915.66,8187.91,5106.58,8418.69,1,0,false_positive,1,
198,//akc0ss-n086/NMML_Polar_Imagery_4/Surveys_IceSeals_2025/fl223/images_30deg_N68RF/right_view/ice_seals_2025_fl223_R_20250514_001118.213232_rgb.jpg,5377,8791.08,7222.73,9058.61,7481.09,1,0,false_positive,1,
199,//akc0ss-n086/NMML_Polar_Imagery_4/Surveys_IceSeals_2025/fl223/images_30deg_N68RF/right_view/ice_seals_2025_fl223_R_20250514_001128.155312_rgb.jpg,5386,11112.2,2396.94,11332,2670.3,1,0,false_positive,1,
200,//akc0ss-n086/NMML_Polar_Imagery_4/Surveys_IceSeals_2025/fl223/images_30deg_N68RF/right_view/ice_seals_2025_fl223_R_20250514_001130.361470_rgb.jpg,5388,11398.5,575.897,11626,686.951,1,0,false_positive,1,
201,//akc0ss-n086/NMML_Polar_Imagery_4/Surveys_IceSeals_2025/fl223/images_30deg_N68RF/right_view/ice_seals_2025_fl223_R_20250514_001133.658989_rgb.jpg,5391,10930.9,633.71,11138.3,830.013,1,0,false_positive,1,
202,//akc0ss-n086/NMML_Polar_Imagery_4/Surveys_IceSeals_2025/fl223/images_30deg_N68RF/right_view/ice_seals_2025_fl223_R_20250514_001136.948528_rgb.jpg,5394,9777.92,6515.12,9986.88,6826.08,1,0,false_positive,1,
203,//akc0ss-n086/NMML_Polar_Imagery_4/Surveys_IceSeals_2025/fl223/images_30deg_N68RF/right_view/ice_seals_2025_fl223_R_20250514_001142.447686_rgb.jpg,5399,1896.62,2337.15,2116.11,2600.59,1,0,false_positive,1,
204,//akc0ss-n086/NMML_Polar_Imagery_4/Surveys_IceSeals_2025/fl223/images_30deg_N68RF/right_view/ice_seals_2025_fl223_R_20250514_001142.447686_rgb.jpg,5399,3359.22,9833.04,3561.12,10036.3,1,0,off_frame,1,
205,//akc0ss-n086/NMML_Polar_Imagery_4/Surveys_IceSeals_2025/fl223/images_30deg_N68RF/right_view/ice_seals_2025_fl223_R_20250514_001142.447686_rgb.jpg,5399,1852.13,2619.83,2059.9,2791.91,1,0,false_positive,1,
206,//akc0ss-n086/NMML_Polar_Imagery_4/Surveys_IceSeals_2025/fl223/images_30deg_N68RF/right_view/ice_seals_2025_fl223_R_20250514_001144.646240_rgb.jpg,5401,2596.74,9141.12,2836.19,9352.87,1,0,false_positive,1,
207,//akc0ss-n086/NMML_Polar_Imagery_4/Surveys_IceSeals_2025/fl223/images_30deg_N68RF/right_view/ice_seals_2025_fl223_R_20250514_001149.040326_rgb.jpg,5405,9000.41,660.867,9192.17,877.245,1,0,false_positive,1,
208,//akc0ss-n086/NMML_Polar_Imagery_4/Surveys_IceSeals_2025/fl223/images_30deg_N68RF/right_view/ice_seals_2025_fl223_R_20250514_001153.421613_rgb.jpg,5409,10364.1,1840.91,10587.9,2072.83,1,0,false_positive,1,
209,//akc0ss-n086/NMML_Polar_Imagery_4/Surveys_IceSeals_2025/fl223/images_30deg_N68RF/right_view/ice_seals_2025_fl223_R_20250514_001154.512403_rgb.jpg,5410,9768.22,9481.95,9990.6,9705.58,1,0,off_frame,1,
210,//akc0ss-n086/NMML_Polar_Imagery_4/Surveys_IceSeals_2025/fl223/images_30deg_N68RF/right_view/ice_seals_2025_fl223_R_20250514_001156.691556_rgb.jpg,5412,2296.87,7399.77,2512.67,7599.17,1,0,false_positive,1,
211,//akc0ss-n086/NMML_Polar_Imagery_4/Surveys_IceSeals_2025/fl223/images_30deg_N68RF/right_view/ice_seals_2025_fl223_R_20250514_001202.131370_rgb.jpg,5417,9657.01,4577.91,9850.99,4794.99,1,0,false_positive,1,
212,//akc0ss-n086/NMML_Polar_Imagery_4/Surveys_IceSeals_2025/fl223/images_30deg_N68RF/right_view/ice_seals_2025_fl223_R_20250514_001221.609153_rgb.jpg,5435,5405.33,4991.85,5600.15,5232.28,1,0,false_positive,1,
213,//akc0ss-n086/NMML_Polar_Imagery_4/Surveys_IceSeals_2025/fl223/images_30deg_N68RF/right_view/ice_seals_2025_fl223_R_20250514_001225.916879_rgb.jpg,5439,4362.85,6792.24,4550.96,6983.21,1,0,false_positive,1,
214,//akc0ss-n086/NMML_Polar_Imagery_4/Surveys_IceSeals_2025/fl223/images_30deg_N68RF/right_view/ice_seals_2025_fl223_R_20250514_001226.994226_rgb.jpg,5440,1729.43,2170.88,1925.19,2373.89,1,0,false_positive,1,
215,//akc0ss-n086/NMML_Polar_Imagery_4/Surveys_IceSeals_2025/fl223/images_30deg_N68RF/right_view/ice_seals_2025_fl223_R_20250514_001231.301295_rgb.jpg,5444,5533.42,2991.3,5728.61,3219.02,1,0,false_positive,1,
216,//akc0ss-n086/NMML_Polar_Imagery_4/Surveys_IceSeals_2025/fl223/images_30deg_N68RF/right_view/ice_seals_2025_fl223_R_20250514_001232.376220_rgb.jpg,5445,7756.86,5619.47,7968.69,5804.98,1,0,false_positive,1,
217,//akc0ss-n086/NMML_Polar_Imagery_4/Surveys_IceSeals_2025/fl223/images_30deg_N68RF/right_view/ice_seals_2025_fl223_R_20250514_001232.376220_rgb.jpg,5445,7754.67,5880.63,7950.07,6086.5,1,0,false_positive,1,
218,//akc0ss-n086/NMML_Polar_Imagery_4/Surveys_IceSeals_2025/fl223/images_30deg_N68RF/right_view/ice_seals_2025_fl223_R_20250514_001232.376220_rgb.jpg,5445,9451.16,1029.26,9653.03,1304.33,1,0,false_positive,1,
219,//akc0ss-n086/NMML_Polar_Imagery_4/Surveys_IceSeals_2025/fl223/images_30deg_N68RF/right_view/ice_seals_2025_fl223_R_20250514_001232.376220_rgb.jpg,5445,1757.69,2941.61,1989.93,3190.28,1,0,false_positive,1,
220,//akc0ss-n086/NMML_Polar_Imagery_4/Surveys_IceSeals_2025/fl223/images_30deg_N68RF/right_view/ice_seals_2025_fl223_R_20250514_001233.450423_rgb.jpg,5446,9340.01,8528.73,9528.91,8798.09,1,0,false_positive,1,
221,//akc0ss-n086/NMML_Polar_Imagery_4/Surveys_IceSeals_2025/fl223/images_30deg_N68RF/right_view/ice_seals_2025_fl223_R_20250514_001234.524010_rgb.jpg,5447,1523.53,5962.55,1707.04,6154.07,1,0,false_positive,1,
222,//akc0ss-n086/NMML_Polar_Imagery_4/Surveys_IceSeals_2025/fl223/images_30deg_N68RF/right_view/ice_seals_2025_fl223_R_20250514_001236.669368_rgb.jpg,5449,1634.06,822.927,1862.53,1016.18,1,0,false_positive,1,
223,//akc0ss-n086/NMML_Polar_Imagery_4/Surveys_IceSeals_2025/fl223/images_30deg_N68RF/right_view/ice_seals_2025_fl223_R_20250514_001237.741035_rgb.jpg,5450,1491.22,9443.75,1686.96,9638.03,1,0,false_positive,1,
224,//akc0ss-n086/NMML_Polar_Imagery_4/Surveys_IceSeals_2025/fl223/images_30deg_N68RF/right_view/ice_seals_2025_fl223_R_20250514_001237.741035_rgb.jpg,5450,1476.52,9416.82,1708.58,9651.88,1,0,false_positive,1,
225,//akc0ss-n086/NMML_Polar_Imagery_4/Surveys_IceSeals_2025/fl223/images_30deg_N68RF/right_view/ice_seals_2025_fl223_R_20250514_001243.097107_rgb.jpg,5455,12931.5,7334.14,13101.5,7554.24,1,0,off_frame,1,
226,//akc0ss-n086/NMML_Polar_Imagery_4/Surveys_IceSeals_2025/fl223/images_30deg_N68RF/right_view/ice_seals_2025_fl223_R_20250514_001245.238977_rgb.jpg,5457,2117.11,3467.44,2309.97,3747.03,1,0,false_positive,1,
227,//akc0ss-n086/NMML_Polar_Imagery_4/Surveys_IceSeals_2025/fl223/images_30deg_N68RF/right_view/ice_seals_2025_fl223_R_20250514_001246.309345_rgb.jpg,5458,1566.9,821.634,1772.47,986.352,1,0,false_positive,1,
228,//akc0ss-n086/NMML_Polar_Imagery_4/Surveys_IceSeals_2025/fl223/images_30deg_N68RF/right_view/ice_seals_2025_fl223_R_20250514_001247.380032_rgb.jpg,5459,1392.03,9368.64,1568.25,9589.38,1,0,false_positive,1,
229,//akc0ss-n086/NMML_Polar_Imagery_4/Surveys_IceSeals_2025/fl223/images_30deg_N68RF/right_view/ice_seals_2025_fl223_R_20250514_001248.450081_rgb.jpg,5460,12411.3,8564.05,12568.1,8750.51,1,0,false_positive,1,
230,//akc0ss-n086/NMML_Polar_Imagery_4/Surveys_IceSeals_2025/fl223/images_30deg_N68RF/right_view/ice_seals_2025_fl223_R_20250514_001248.450081_rgb.jpg,5460,12390.8,8535.09,12589,8772.46,1,0,false_positive,1,
231,//akc0ss-n086/NMML_Polar_Imagery_4/Surveys_IceSeals_2025/fl223/images_30deg_N68RF/right_view/ice_seals_2025_fl223_R_20250514_001300.216552_rgb.jpg,5471,2658.86,7056.8,2881.06,7301.99,1,0,false_positive,1,
232,//akc0ss-n086/NMML_Polar_Imagery_4/Surveys_IceSeals_2025/fl223/images_30deg_N68RF/right_view/ice_seals_2025_fl223_R_20250514_001301.285959_rgb.jpg,5472,12528.3,2323.55,12746.3,2596.57,1,0,false_positive,1,
233,//akc0ss-n086/NMML_Polar_Imagery_4/Surveys_IceSeals_2025/fl223/images_30deg_N68RF/right_view/ice_seals_2025_fl223_R_20250514_001302.355406_rgb.jpg,5473,12301.7,9319.76,12513.6,9584.21,1,0,false_positive,1,
234,//akc0ss-n086/NMML_Polar_Imagery_4/Surveys_IceSeals_2025/fl223/images_30deg_N68RF/right_view/ice_seals_2025_fl223_R_20250514_001306.637073_rgb.jpg,5477,6266.96,6703.8,6442.78,6968.1,1,0,false_positive,1,
235,//akc0ss-n086/NMML_Polar_Imagery_4/Surveys_IceSeals_2025/fl223/images_30deg_N68RF/right_view/ice_seals_2025_fl223_R_20250514_001306.637073_rgb.jpg,5477,6618.24,6099.66,6793.06,6309.03,1,0,false_positive,1,
236,//akc0ss-n086/NMML_Polar_Imagery_4/Surveys_IceSeals_2025/fl223/images_30deg_N68RF/right_view/ice_seals_2025_fl223_R_20250514_001314.125922_rgb.jpg,5484,954.735,9127.25,1167.67,9359.64,1,0,false_positive,1,
237,//akc0ss-n086/NMML_Polar_Imagery_4/Surveys_IceSeals_2025/fl223/images_30deg_N68RF/right_view/ice_seals_2025_fl223_R_20250514_001329.059593_rgb.jpg,5498,757.215,843.987,875.271,970.324,1,0,false_positive,1,
238,//akc0ss-n086/NMML_Polar_Imagery_4/Surveys_IceSeals_2025/fl223/images_30deg_N68RF/right_view/ice_seals_2025_fl223_R_20250514_001331.192589_rgb.jpg,5500,2508.93,3866.17,2714.45,4152.63,1,0,false_positive,1,
239,//akc0ss-n086/NMML_Polar_Imagery_4/Surveys_IceSeals_2025/fl223/images_30deg_N68RF/right_view/ice_seals_2025_fl223_R_20250514_001332.260314_rgb.jpg,5501,8553.89,10120.3,8750.82,10338.2,1,0,off_frame,1,
240,//akc0ss-n086/NMML_Polar_Imagery_4/Surveys_IceSeals_2025/fl223/images_30deg_N68RF/right_view/ice_seals_2025_fl223_R_20250514_001336.536206_rgb.jpg,5505,7399.88,685.722,7638.17,878.361,1,0,false_positive,1,
241,//akc0ss-n086/NMML_Polar_Imagery_4/Surveys_IceSeals_2025/fl223/images_30deg_N68RF/right_view/ice_seals_2025_fl223_R_20250514_001336.536206_rgb.jpg,5505,3940.18,5402.29,4186.53,5660.92,1,0,false_positive,1,
242,//akc0ss-n086/NMML_Polar_Imagery_4/Surveys_IceSeals_2025/fl223/images_30deg_N68RF/right_view/ice_seals_2025_fl223_R_20250514_001337.605210_rgb.jpg,5506,7264.48,8480.35,7493.68,8685.05,1,0,false_positive,1,
243,//akc0ss-n086/NMML_Polar_Imagery_4/Surveys_IceSeals_2025/fl223/images_30deg_N68RF/right_view/ice_seals_2025_fl223_R_20250514_001340.811309_rgb.jpg,5509,4941.05,2998.72,5149.54,3249.66,1,0,false_positive,1,
244,//akc0ss-n086/NMML_Polar_Imagery_4/Surveys_IceSeals_2025/fl223/images_30deg_N68RF/right_view/ice_seals_2025_fl223_R_20250514_001342.948962_rgb.jpg,5511,8958.12,6882.28,9140.08,7080.82,1,0,false_positive,1,
245,//akc0ss-n086/NMML_Polar_Imagery_4/Surveys_IceSeals_2025/fl223/images_30deg_N68RF/right_view/ice_seals_2025_fl223_R_20250514_001342.948962_rgb.jpg,5511,8619.7,6856.25,8829.22,7055.19,1,0,false_positive,1,
246,//akc0ss-n086/NMML_Polar_Imagery_4/Surveys_IceSeals_2025/fl223/images_30deg_N68RF/right_view/ice_seals_2025_fl223_R_20250514_001344.018068_rgb.jpg,5512,12883.6,7482.09,13096,7708.34,1,0,off_frame,1,
247,//akc0ss-n086/NMML_Polar_Imagery_4/Surveys_IceSeals_2025/fl223/images_30deg_N68RF/right_view/ice_seals_2025_fl223_R_20250514_001351.513334_rgb.jpg,5519,9258.21,7721.31,9464.07,7974.3,1,0,false_positive,1,
248,//akc0ss-n086/NMML_Polar_Imagery_4/Surveys_IceSeals_2025/fl223/images_30deg_N68RF/right_view/ice_seals_2025_fl223_R_20250514_001351.513334_rgb.jpg,5519,6228.68,2677.61,6458.87,2936.75,1,0,false_positive,1,
249,//akc0ss-n086/NMML_Polar_Imagery_4/Surveys_IceSeals_2025/fl223/images_30deg_N68RF/right_view/ice_seals_2025_fl223_R_20250514_001353.653774_rgb.jpg,5521,4354.16,3088.52,4582.03,3292.51,1,0,false_positive,1,
250,//akc0ss-n086/NMML_Polar_Imagery_4/Surveys_IceSeals_2025/fl223/images_30deg_N68RF/right_view/ice_seals_2025_fl223_R_20250514_001355.789625_rgb.jpg,5523,8115.43,6306.11,8277.78,6494.14,1,0,animal,1,
251,//akc0ss-n086/NMML_Polar_Imagery_4/Surveys_IceSeals_2025/fl223/images_30deg_N68RF/right_view/ice_seals_2025_fl223_R_20250514_001357.922899_rgb.jpg,5525,3110.39,5887.38,3314.62,6104.09,1,0,false_positive,1,
252,//akc0ss-n086/NMML_Polar_Imagery_4/Surveys_IceSeals_2025/fl223/images_30deg_N68RF/right_view/ice_seals_2025_fl223_R_20250514_001358.989504_rgb.jpg,5526,6898.66,3480.54,7085.71,3730.26,1,0,false_positive,1,
253,//akc0ss-n086/NMML_Polar_Imagery_4/Surveys_IceSeals_2025/fl223/images_30deg_N68RF/right_view/ice_seals_2025_fl223_R_20250514_001358.989504_rgb.jpg,5526,3502.38,7378.01,3710.2,7600.37,1,0,false_positive,1,
254,//akc0ss-n086/NMML_Polar_Imagery_4/Surveys_IceSeals_2025/fl223/images_30deg_N68RF/right_view/ice_seals_2025_fl223_R_20250514_001358.989504_rgb.jpg,5526,12850.2,7355.28,13070.3,7686.45,1,0,off_frame,1,
255,//akc0ss-n086/NMML_Polar_Imagery_4/Surveys_IceSeals_2025/fl223/images_30deg_N68RF/right_view/ice_seals_2025_fl223_R_20250514_001401.124455_rgb.jpg,5528,1604.33,6422.81,1779.95,6645.06,1,0,false_positive,1,
256,//akc0ss-n086/NMML_Polar_Imagery_4/Surveys_IceSeals_2025/fl223/images_30deg_N68RF/right_view/ice_seals_2025_fl223_R_20250514_001401.124455_rgb.jpg,5528,1265.97,9383.35,1442.52,9566.48,1,0,false_positive,1,
257,//akc0ss-n086/NMML_Polar_Imagery_4/Surveys_IceSeals_2025/fl223/images_30deg_N68RF/right_view/ice_seals_2025_fl223_R_20250514_001402.192403_rgb.jpg,5529,12458.6,4705.4,12657,5122.78,1,0,false_positive,1,
258,//akc0ss-n086/NMML_Polar_Imagery_4/Surveys_IceSeals_2025/fl223/images_30deg_N68RF/right_view/ice_seals_2025_fl223_R_20250514_001406.462250_rgb.jpg,5533,6018.25,1465.61,6224.21,1727.75,1,0,false_positive,1,
259,//akc0ss-n086/NMML_Polar_Imagery_4/Surveys_IceSeals_2025/fl223/images_30deg_N68RF/right_view/ice_seals_2025_fl223_R_20250514_001407.529897_rgb.jpg,5534,5917.68,9466.69,6126.85,9724.82,1,0,off_frame,1,
260,//akc0ss-n086/NMML_Polar_Imagery_4/Surveys_IceSeals_2025/fl223/images_30deg_N68RF/right_view/ice_seals_2025_fl223_R_20250514_001410.734038_rgb.jpg,5537,4948.25,5292.95,5155.27,5582.87,1,0,false_positive,1,
261,//akc0ss-n086/NMML_Polar_Imagery_4/Surveys_IceSeals_2025/fl223/images_30deg_N68RF/right_view/ice_seals_2025_fl223_R_20250514_001412.870249_rgb.jpg,5539,5652.23,1441.88,5874.8,1705.7,1,0,false_positive,1,
262,//akc0ss-n086/NMML_Polar_Imagery_4/Surveys_IceSeals_2025/fl223/images_30deg_N68RF/right_view/ice_seals_2025_fl223_R_20250514_001413.937297_rgb.jpg,5540,5550.09,9499.4,5779.9,9769.59,1,0,off_frame,1,
263,//akc0ss-n086/NMML_Polar_Imagery_4/Surveys_IceSeals_2025/fl223/images_30deg_N68RF/right_view/ice_seals_2025_fl223_R_20250514_001415.004406_rgb.jpg,5541,9018.28,6160.85,9215.66,6372.67,1,0,false_positive,1,
264,//akc0ss-n086/NMML_Polar_Imagery_4/Surveys_IceSeals_2025/fl223/images_30deg_N68RF/right_view/ice_seals_2025_fl223_R_20250514_001418.205884_rgb.jpg,5544,9203.55,6450.62,9404.6,6750.28,1,0,false_positive,1,
265,//akc0ss-n086/NMML_Polar_Imagery_4/Surveys_IceSeals_2025/fl223/images_30deg_N68RF/right_view/ice_seals_2025_fl223_R_20250514_001419.272850_rgb.jpg,5545,1818.87,2422.14,2045.24,2665.5,1,0,false_positive,1,
266,//akc0ss-n086/NMML_Polar_Imagery_4/Surveys_IceSeals_2025/fl223/images_30deg_N68RF/right_view/ice_seals_2025_fl223_R_20250514_001422.471350_rgb.jpg,5548,3006.42,3920.82,3226.01,4202.91,1,0,false_positive,1,
267,//akc0ss-n086/NMML_Polar_Imagery_4/Surveys_IceSeals_2025/fl223/images_30deg_N68RF/right_view/ice_seals_2025_fl223_R_20250514_001423.537317_rgb.jpg,5549,7853.12,2339.87,7982.37,2514.16,1,0,animal,1,
268,//akc0ss-n086/NMML_Polar_Imagery_4/Surveys_IceSeals_2025/fl223/images_30deg_N68RF/right_view/ice_seals_2025_fl223_R_20250514_001424.602546_rgb.jpg,5550,7742.11,10038.6,7956.12,10287.1,1,0,off_frame,1,(note) animal likely (same as previous detection)
269,//akc0ss-n086/NMML_Polar_Imagery_4/Surveys_IceSeals_2025/fl223/images_30deg_N68RF/right_view/ice_seals_2025_fl223_R_20250514_001428.865154_rgb.jpg,5554,7886.42,4899.79,8078.93,5117.63,1,0,false_positive,1,
270,//akc0ss-n086/NMML_Polar_Imagery_4/Surveys_IceSeals_2025/fl223/images_30deg_N68RF/right_view/ice_seals_2025_fl223_R_20250514_001436.330240_rgb.jpg,5561,6509.14,704.481,6719.36,929.042,1,0,false_positive,1,
271,//akc0ss-n086/NMML_Polar_Imagery_4/Surveys_IceSeals_2025/fl223/images_30deg_N68RF/right_view/ice_seals_2025_fl223_R_20250514_001437.396564_rgb.jpg,5562,6379.57,8633.15,6592.05,8877.85,1,0,false_positive,1,
272,//akc0ss-n086/NMML_Polar_Imagery_4/Surveys_IceSeals_2025/fl223/images_30deg_N68RF/right_view/ice_seals_2025_fl223_R_20250514_001449.142859_rgb.jpg,5573,8671.63,4925.46,8883.51,5168.29,1,0,false_positive,1,
273,//akc0ss-n086/NMML_Polar_Imagery_4/Surveys_IceSeals_2025/fl223/images_30deg_N68RF/right_view/ice_seals_2025_fl223_R_20250514_001451.284216_rgb.jpg,5575,4348.26,5870.02,4578.83,6156.06,1,0,false_positive,1,
274,//akc0ss-n086/NMML_Polar_Imagery_4/Surveys_IceSeals_2025/fl223/images_30deg_N68RF/right_view/ice_seals_2025_fl223_R_20250514_001506.287910_rgb.jpg,5589,10061.3,7544.5,10254.6,7804.82,1,0,false_positive,1,
275,//akc0ss-n086/NMML_Polar_Imagery_4/Surveys_IceSeals_2025/fl223/images_30deg_N68RF/right_view/ice_seals_2025_fl223_R_20250514_001508.430039_rgb.jpg,5591,10003.1,5120.44,10231.3,5330.75,1,0,false_positive,1,
276,//akc0ss-n086/NMML_Polar_Imagery_4/Surveys_IceSeals_2025/fl223/images_30deg_N68RF/right_view/ice_seals_2025_fl223_R_20250514_001511.644459_rgb.jpg,5594,2251.86,2271.81,2447.18,2443.37,1,0,false_positive,1,
277,//akc0ss-n086/NMML_Polar_Imagery_4/Surveys_IceSeals_2025/fl223/images_30deg_N68RF/right_view/ice_seals_2025_fl223_R_20250514_001513.788474_rgb.jpg,5596,8982.77,4158.02,9179.68,4394.31,1,0,false_positive,1,
278,//akc0ss-n086/NMML_Polar_Imagery_4/Surveys_IceSeals_2025/fl223/images_30deg_N68RF/right_view/ice_seals_2025_fl223_R_20250514_001513.788474_rgb.jpg,5596,7479.23,5818.68,7666.36,6034.98,1,0,false_positive,1,
279,//akc0ss-n086/NMML_Polar_Imagery_4/Surveys_IceSeals_2025/fl223/images_30deg_N68RF/right_view/ice_seals_2025_fl223_R_20250514_001520.208956_rgb.jpg,5602,807.717,3162.1,945.682,3371.74,1,0,false_positive,1,
280,//akc0ss-n086/NMML_Polar_Imagery_4/Surveys_IceSeals_2025/fl223/images_30deg_N68RF/right_view/ice_seals_2025_fl223_R_20250514_001522.348526_rgb.jpg,5604,2502.43,7534.93,2701.93,7791.71,1,0,false_positive,1,
281,//akc0ss-n086/NMML_Polar_Imagery_4/Surveys_IceSeals_2025/fl223/images_30deg_N68RF/right_view/ice_seals_2025_fl223_R_20250514_001523.418915_rgb.jpg,5605,5641,8175.78,5823.02,8466.86,1,0,false_positive,1,
282,//akc0ss-n086/NMML_Polar_Imagery_4/Surveys_IceSeals_2025/fl223/images_30deg_N68RF/right_view/ice_seals_2025_fl223_R_20250514_001524.489403_rgb.jpg,5606,9020.91,6926.38,9206.28,7210.05,1,0,false_positive,1,
283,//akc0ss-n086/NMML_Polar_Imagery_4/Surveys_IceSeals_2025/fl223/images_30deg_N68RF/right_view/ice_seals_2025_fl223_R_20250514_001525.560851_rgb.jpg,5607,11868.7,9519.59,12128.3,9811.05,1,0,off_frame,1,
284,//akc0ss-n086/NMML_Polar_Imagery_4/Surveys_IceSeals_2025/fl223/images_30deg_N68RF/right_view/ice_seals_2025_fl223_R_20250514_001542.707700_rgb.jpg,5623,3138.3,3179.06,3329.2,3414.4,1,0,false_positive,1,
285,//akc0ss-n086/NMML_Polar_Imagery_4/Surveys_IceSeals_2025/fl223/images_30deg_N68RF/right_view/ice_seals_2025_fl223_R_20250514_001543.777523_rgb.jpg,5624,8667.81,7796.08,8771.8,7936.08,1,0,animal,1,
286,//akc0ss-n086/NMML_Polar_Imagery_4/Surveys_IceSeals_2025/fl223/images_30deg_N68RF/right_view/ice_seals_2025_fl223_R_20250514_001543.777523_rgb.jpg,5624,6765.81,1904.94,6961.51,2158.6,1,0,false_positive,1,
287,//akc0ss-n086/NMML_Polar_Imagery_4/Surveys_IceSeals_2025/fl223/images_30deg_N68RF/right_view/ice_seals_2025_fl223_R_20250514_001544.846988_rgb.jpg,5625,6672.47,9812.64,6863.29,10059.1,1,0,off_frame,1,
288,//akc0ss-n086/NMML_Polar_Imagery_4/Surveys_IceSeals_2025/fl223/images_30deg_N68RF/right_view/ice_seals_2025_fl223_R_20250514_001553.395384_rgb.jpg,5633,5238.53,1728.09,5466.71,1963.2,1,0,false_positive,1,
289,//akc0ss-n086/NMML_Polar_Imagery_4/Surveys_IceSeals_2025/fl223/images_30deg_N68RF/right_view/ice_seals_2025_fl223_R_20250514_001601.931077_rgb.jpg,5641,10899.5,6067.29,11104.9,6268.02,1,0,false_positive,1,
290,//akc0ss-n086/NMML_Polar_Imagery_4/Surveys_IceSeals_2025/fl223/images_30deg_N68RF/right_view/ice_seals_2025_fl223_R_20250514_001601.931077_rgb.jpg,5641,6186.53,5278.26,6363.32,5479.43,1,0,false_positive,1,
291,//akc0ss-n086/NMML_Polar_Imagery_4/Surveys_IceSeals_2025/fl223/images_30deg_N68RF/right_view/ice_seals_2025_fl223_R_20250514_001608.344639_rgb.jpg,5647,4579.63,2490.01,4775.98,2762.48,1,0,false_positive,1,
292,//akc0ss-n086/NMML_Polar_Imagery_4/Surveys_IceSeals_2025/fl223/images_30deg_N68RF/right_view/ice_seals_2025_fl223_R_20250514_001614.765002_rgb.jpg,5653,12592.4,1446.24,12781.1,1684.14,1,0,false_positive,1,
293,//akc0ss-n086/NMML_Polar_Imagery_4/Surveys_IceSeals_2025/fl223/images_30deg_N68RF/right_view/ice_seals_2025_fl223_R_20250514_001620.121952_rgb.jpg,5658,3223.97,3801.37,3460.14,4074.31,1,0,false_positive,1,
294,//akc0ss-n086/NMML_Polar_Imagery_4/Surveys_IceSeals_2025/fl223/images_30deg_N68RF/right_view/ice_seals_2025_fl223_R_20250514_001620.121952_rgb.jpg,5658,6324.42,6139.13,6514.78,6368.93,1,0,false_positive,1,
295,//akc0ss-n086/NMML_Polar_Imagery_4/Surveys_IceSeals_2025/fl223/images_30deg_N68RF/right_view/ice_seals_2025_fl223_R_20250514_001621.194303_rgb.jpg,5659,2669.58,5671.12,2901.21,5920.95,1,0,false_positive,1,
296,//akc0ss-n086/NMML_Polar_Imagery_4/Surveys_IceSeals_2025/fl223/images_30deg_N68RF/right_view/ice_seals_2025_fl223_R_20250514_001622.267187_rgb.jpg,5660,1232.94,8009.11,1472.6,8323.2,1,0,false_positive,1,
297,//akc0ss-n086/NMML_Polar_Imagery_4/Surveys_IceSeals_2025/fl223/images_30deg_N68RF/right_view/ice_seals_2025_fl223_R_20250514_001627.636141_rgb.jpg,5665,12772,3544.72,12981.1,3774.85,1,0,off_frame,1,
298,//akc0ss-n086/NMML_Polar_Imagery_4/Surveys_IceSeals_2025/fl223/images_30deg_N68RF/right_view/ice_seals_2025_fl223_R_20250514_001630.859760_rgb.jpg,5668,6317.93,4089.58,6517.77,4319.77,1,0,false_positive,1,
299,//akc0ss-n086/NMML_Polar_Imagery_4/Surveys_IceSeals_2025/fl223/images_30deg_N68RF/right_view/ice_seals_2025_fl223_R_20250514_001630.859760_rgb.jpg,5668,1148.73,8993.77,1360.6,9216.09,1,0,false_positive,1,
300,//akc0ss-n086/NMML_Polar_Imagery_4/Surveys_IceSeals_2025/fl223/images_30deg_N68RF/right_view/ice_seals_2025_fl223_R_20250514_001631.935148_rgb.jpg,5669,9840.15,2922.56,10051.7,3239.79,1,0,false_positive,1,
301,//akc0ss-n086/NMML_Polar_Imagery_4/Surveys_IceSeals_2025/fl223/images_30deg_N68RF/right_view/ice_seals_2025_fl223_R_20250514_001639.468533_rgb.jpg,5676,4948.92,2891.37,5137.73,3181.03,1,0,false_positive,1,
302,//akc0ss-n086/NMML_Polar_Imagery_4/Surveys_IceSeals_2025/fl223/images_30deg_N68RF/right_view/ice_seals_2025_fl223_R_20250514_001639.468533_rgb.jpg,5676,9712.31,7039.54,9895.2,7238.35,1,0,false_positive,1,
303,//akc0ss-n086/NMML_Polar_Imagery_4/Surveys_IceSeals_2025/fl223/images_30deg_N68RF/right_view/ice_seals_2025_fl223_R_20250514_001641.620471_rgb.jpg,5678,6156.48,1910.18,6355.26,2132.21,1,0,false_positive,1,
304,//akc0ss-n086/NMML_Polar_Imagery_4/Surveys_IceSeals_2025/fl223/images_30deg_N68RF/right_view/ice_seals_2025_fl223_R_20250514_001642.696115_rgb.jpg,5679,6776.65,6461.32,7008.09,6702.73,1,0,false_positive,1,
305,//akc0ss-n086/NMML_Polar_Imagery_4/Surveys_IceSeals_2025/fl223/images_30deg_N68RF/right_view/ice_seals_2025_fl223_R_20250514_001644.847091_rgb.jpg,5681,1501.89,1459.93,1717.03,1738.48,1,0,false_positive,1,
306,//akc0ss-n086/NMML_Polar_Imagery_4/Surveys_IceSeals_2025/fl223/images_30deg_N68RF/right_view/ice_seals_2025_fl223_R_20250514_001645.922518_rgb.jpg,5682,1387.29,10076.1,1615.04,10379.4,1,0,off_frame,1,
307,//akc0ss-n086/NMML_Polar_Imagery_4/Surveys_IceSeals_2025/fl223/images_30deg_N68RF/right_view/ice_seals_2025_fl223_R_20250514_001650.224786_rgb.jpg,5686,3262.93,5948.54,3446.32,6139.64,1,0,false_positive,1,
308,//akc0ss-n086/NMML_Polar_Imagery_4/Surveys_IceSeals_2025/fl223/images_30deg_N68RF/right_view/ice_seals_2025_fl223_R_20250514_001652.378175_rgb.jpg,5688,5882.08,7961.37,6070.5,8240.91,1,0,false_positive,1,
309,//akc0ss-n086/NMML_Polar_Imagery_4/Surveys_IceSeals_2025/fl223/images_30deg_N68RF/right_view/ice_seals_2025_fl223_R_20250514_001654.533688_rgb.jpg,5690,2353.64,6893.71,2576.81,7175.68,1,0,false_positive,1,
310,//akc0ss-n086/NMML_Polar_Imagery_4/Surveys_IceSeals_2025/fl223/images_30deg_N68RF/right_view/ice_seals_2025_fl223_R_20250514_001701.005709_rgb.jpg,5696,6612.89,4328.56,6812,4609.18,1,0,false_positive,1,
311,//akc0ss-n086/NMML_Polar_Imagery_4/Surveys_IceSeals_2025/fl223/images_30deg_N68RF/right_view/ice_seals_2025_fl223_R_20250514_001703.162484_rgb.jpg,5698,5191.16,979.51,5386.61,1267.31,1,0,false_positive,1,
312,//akc0ss-n086/NMML_Polar_Imagery_4/Surveys_IceSeals_2025/fl223/images_30deg_N68RF/right_view/ice_seals_2025_fl223_R_20250514_001703.162484_rgb.jpg,5698,9672.23,2928.47,9895.6,3194.38,1,0,false_positive,1,
313,//akc0ss-n086/NMML_Polar_Imagery_4/Surveys_IceSeals_2025/fl223/images_30deg_N68RF/right_view/ice_seals_2025_fl223_R_20250514_001703.162484_rgb.jpg,5698,6672.53,4104.16,6871.73,4353.52,1,0,false_positive,1,
314,//akc0ss-n086/NMML_Polar_Imagery_4/Surveys_IceSeals_2025/fl223/images_30deg_N68RF/right_view/ice_seals_2025_fl223_R_20250514_001703.162484_rgb.jpg,5698,8219.5,6040.77,8420.84,6292.09,1,0,false_positive,1,
315,//akc0ss-n086/NMML_Polar_Imagery_4/Surveys_IceSeals_2025/fl223/images_30deg_N68RF/right_view/ice_seals_2025_fl223_R_20250514_001704.239793_rgb.jpg,5699,4597.64,5897.45,4798.57,6177.15,1,0,false_positive,1,
316,//akc0ss-n086/NMML_Polar_Imagery_4/Surveys_IceSeals_2025/fl223/images_30deg_N68RF/right_view/ice_seals_2025_fl223_R_20250514_001706.393506_rgb.jpg,5701,1191.84,7807.29,1424.55,8135.54,1,0,false_positive,1,
317,//akc0ss-n086/NMML_Polar_Imagery_4/Surveys_IceSeals_2025/fl223/images_30deg_N68RF/right_view/ice_seals_2025_fl223_R_20250514_001709.622425_rgb.jpg,5704,9167.75,5809.99,9373.05,6042.86,1,0,false_positive,1,
318,//akc0ss-n086/NMML_Polar_Imagery_4/Surveys_IceSeals_2025/fl223/images_30deg_N68RF/right_view/ice_seals_2025_fl223_R_20250514_001711.773399_rgb.jpg,5706,5618.11,5430.59,5829.64,5656.33,1,0,false_positive,1,
319,//akc0ss-n086/NMML_Polar_Imagery_4/Surveys_IceSeals_2025/fl223/images_30deg_N68RF/right_view/ice_seals_2025_fl223_R_20250514_001721.444557_rgb.jpg,5715,7535.7,2653.7,7708.95,2869.24,1,0,false_positive,1,
320,//akc0ss-n086/NMML_Polar_Imagery_4/Surveys_IceSeals_2025/fl223/images_30deg_N68RF/right_view/ice_seals_2025_fl223_R_20250514_001725.731326_rgb.jpg,5719,5890.13,2829.27,6088.95,3058.02,1,0,false_positive,1,
321,//akc0ss-n086/NMML_Polar_Imagery_4/Surveys_IceSeals_2025/fl223/images_30deg_N68RF/right_view/ice_seals_2025_fl223_R_20250514_001727.872759_rgb.jpg,5721,5135.01,2037.04,5329.28,2280.78,1,0,false_positive,1,
322,//akc0ss-n086/NMML_Polar_Imagery_4/Surveys_IceSeals_2025/fl223/images_30deg_N68RF/right_view/ice_seals_2025_fl223_R_20250514_001748.240906_rgb.jpg,5740,6151.01,5986.18,6251.89,6119.13,1,0,animal,1,
323,//akc0ss-n086/NMML_Polar_Imagery_4/Surveys_IceSeals_2025/fl223/images_30deg_N68RF/right_view/ice_seals_2025_fl223_R_20250514_001800.051223_rgb.jpg,5751,9878.32,5258.91,9990.04,5385.51,1,0,animal,1,
324,//akc0ss-n086/NMML_Polar_Imagery_4/Surveys_IceSeals_2025/fl223/images_30deg_N68RF/right_view/ice_seals_2025_fl223_R_20250514_001808.635098_rgb.jpg,5759,12113.3,843.264,12310.2,1080.96,1,0,false_positive,1,
325,//akc0ss-n086/NMML_Polar_Imagery_4/Surveys_IceSeals_2025/fl223/images_30deg_N68RF/right_view/ice_seals_2025_fl223_R_20250514_001837.579417_rgb.jpg,5786,7617.57,3190.67,7808.22,3491.13,1,0,false_positive,1,
326,//akc0ss-n086/NMML_Polar_Imagery_4/Surveys_IceSeals_2025/fl223/images_30deg_N68RF/right_view/ice_seals_2025_fl223_R_20250514_001845.078530_rgb.jpg,5793,6591.52,2894.44,6786.72,3064.44,1,0,animal,1,
327,//akc0ss-n086/NMML_Polar_Imagery_4/Surveys_IceSeals_2025/fl223/images_30deg_N68RF/right_view/ice_seals_2025_fl223_R_20250514_001845.078530_rgb.jpg,5793,5445.73,2495.91,5592.73,2726.99,1,0,animal,1,
328,//akc0ss-n086/NMML_Polar_Imagery_4/Surveys_IceSeals_2025/fl223/images_30deg_N68RF/right_view/ice_seals_2025_fl223_R_20250514_001847.221019_rgb.jpg,5795,8493.49,7644.14,8673.98,7883.46,1,0,false_positive,1,
329,//akc0ss-n086/NMML_Polar_Imagery_4/Surveys_IceSeals_2025/fl223/images_30deg_N68RF/right_view/ice_seals_2025_fl223_R_20250514_001920.514393_rgb.jpg,5826,4186.21,2999.46,4383.78,3179.35,1,0,false_positive,1,
330,//akc0ss-n086/NMML_Polar_Imagery_4/Surveys_IceSeals_2025/fl223/images_30deg_N68RF/right_view/ice_seals_2025_fl223_R_20250514_001921.588478_rgb.jpg,5827,7807.83,673.402,8044.74,951.224,1,0,false_positive,1,
331,//akc0ss-n086/NMML_Polar_Imagery_4/Surveys_IceSeals_2025/fl223/images_30deg_N68RF/right_view/ice_seals_2025_fl223_R_20250514_001922.662703_rgb.jpg,5828,7750.82,8387.71,7956.63,8673.62,1,0,false_positive,1,
332,//akc0ss-n086/NMML_Polar_Imagery_4/Surveys_IceSeals_2025/fl223/images_30deg_N68RF/right_view/ice_seals_2025_fl223_R_20250514_001935.550606_rgb.jpg,5840,8430.45,4002.76,8632.27,4227.21,1,0,false_positive,1,
333,//akc0ss-n086/NMML_Polar_Imagery_4/Surveys_IceSeals_2025/fl223/images_30deg_N68RF/right_view/ice_seals_2025_fl223_R_20250514_001936.626075_rgb.jpg,5841,7867.6,2426.63,8060.31,2691.06,1,0,false_positive,1,
334,//akc0ss-n086/NMML_Polar_Imagery_4/Surveys_IceSeals_2025/fl223/images_30deg_N68RF/right_view/ice_seals_2025_fl223_R_20250514_001937.701641_rgb.jpg,5842,7651.8,10098.3,7865.93,10401,1,0,off_frame,1,
335,//akc0ss-n086/NMML_Polar_Imagery_4/Surveys_IceSeals_2025/fl223/images_30deg_N68RF/right_view/ice_seals_2025_fl223_R_20250514_001939.852952_rgb.jpg,5844,10534.3,4338.96,10742,4645.88,1,0,false_positive,1,
336,//akc0ss-n086/NMML_Polar_Imagery_4/Surveys_IceSeals_2025/fl223/images_30deg_N68RF/right_view/ice_seals_2025_fl223_R_20250514_001942.004024_rgb.jpg,5846,9913.71,2732.69,10127.3,3011.07,1,0,false_positive,1,
337,//akc0ss-n086/NMML_Polar_Imagery_4/Surveys_IceSeals_2025/fl223/images_30deg_N68RF/right_view/ice_seals_2025_fl223_R_20250514_001943.079570_rgb.jpg,5847,5394.29,5509.15,5610.54,5713.85,1,0,false_positive,1,
338,//akc0ss-n086/NMML_Polar_Imagery_4/Surveys_IceSeals_2025/fl223/images_30deg_N68RF/right_view/ice_seals_2025_fl223_R_20250514_001944.155380_rgb.jpg,5848,4478.71,4639.8,4676.65,4964.16,1,0,false_positive,1,
339,//akc0ss-n086/NMML_Polar_Imagery_4/Surveys_IceSeals_2025/fl223/images_30deg_N68RF/right_view/ice_seals_2025_fl223_R_20250514_002000.287841_rgb.jpg,5863,7114.52,6366.99,7294.62,6560.99,1,0,false_positive,1,
340,//akc0ss-n086/NMML_Polar_Imagery_4/Surveys_IceSeals_2025/fl223/images_30deg_N68RF/right_view/ice_seals_2025_fl223_R_20250514_002000.287841_rgb.jpg,5863,3692.09,2588.04,3892.44,2794.59,1,0,false_positive,1,
341,//akc0ss-n086/NMML_Polar_Imagery_4/Surveys_IceSeals_2025/fl223/images_30deg_N68RF/right_view/ice_seals_2025_fl223_R_20250514_002001.367146_rgb.jpg,5864,10506.1,1922.78,10753.3,2184.92,1,0,false_positive,1,
342,//akc0ss-n086/NMML_Polar_Imagery_4/Surveys_IceSeals_2025/fl223/images_30deg_N68RF/right_view/ice_seals_2025_fl223_R_20250514_002013.196383_rgb.jpg,5875,11834.8,3565.79,12081.2,3822.12,1,0,false_positive,1,
343,//akc0ss-n086/NMML_Polar_Imagery_4/Surveys_IceSeals_2025/fl223/images_30deg_N68RF/right_view/ice_seals_2025_fl223_R_20250514_002015.355658_rgb.jpg,5877,6049.88,7627.71,6260.53,7904.4,1,0,false_positive,1,
344,//akc0ss-n086/NMML_Polar_Imagery_4/Surveys_IceSeals_2025/fl223/images_30deg_N68RF/right_view/ice_seals_2025_fl223_R_20250514_002015.355658_rgb.jpg,5877,6082.97,7692.27,6291.46,7992,1,0,false_positive,1,
345,//akc0ss-n086/NMML_Polar_Imagery_4/Surveys_IceSeals_2025/fl223/images_30deg_N68RF/right_view/ice_seals_2025_fl223_R_20250514_002035.835503_rgb.jpg,5896,1717.88,8623.95,1968.63,8866.34,1,0,false_positive,1,
346,//akc0ss-n086/NMML_Polar_Imagery_4/Surveys_IceSeals_2025/fl223/images_30deg_N68RF/right_view/ice_seals_2025_fl223_R_20250514_002036.913049_rgb.jpg,5897,4568.03,8068.17,4771.28,8357.04,1,0,false_positive,1,
347,//akc0ss-n086/NMML_Polar_Imagery_4/Surveys_IceSeals_2025/fl223/images_30deg_N68RF/right_view/ice_seals_2025_fl223_R_20250514_002042.307982_rgb.jpg,5902,4096,8200.65,4307.33,8472.83,1,0,false_positive,1,
348,//akc0ss-n086/NMML_Polar_Imagery_4/Surveys_IceSeals_2025/fl223/images_30deg_N68RF/right_view/ice_seals_2025_fl223_R_20250514_002154.313059_rgb.jpg,5906,3364.33,8276.1,3554.31,8483.84,1,0,false_positive,1,
349,//akc0ss-n086/NMML_Polar_Imagery_4/Surveys_IceSeals_2025/fl223/images_30deg_N68RF/right_view/ice_seals_2025_fl223_R_20250514_002206.123631_rgb.jpg,5917,3894.17,5506.37,4216.31,5724.7,1,0,false_positive,1,
350,//akc0ss-n086/NMML_Polar_Imagery_4/Surveys_IceSeals_2025/fl223/images_30deg_N68RF/right_view/ice_seals_2025_fl223_R_20250514_002209.347335_rgb.jpg,5920,10607.3,3525.67,10796.8,3726.67,1,0,animal,1,
351,//akc0ss-n086/NMML_Polar_Imagery_4/Surveys_IceSeals_2025/fl223/images_30deg_N68RF/right_view/ice_seals_2025_fl223_R_20250514_002209.347335_rgb.jpg,5920,10331.3,2878.28,10505.3,3072.75,1,0,animal,1,
352,//akc0ss-n086/NMML_Polar_Imagery_4/Surveys_IceSeals_2025/fl223/images_30deg_N68RF/right_view/ice_seals_2025_fl223_R_20250514_002210.422460_rgb.jpg,5921,9938.32,10172.3,10137,10362.5,1,0,off_frame,1,(note) animal likely (same as previous detection)
353,//akc0ss-n086/NMML_Polar_Imagery_4/Surveys_IceSeals_2025/fl223/images_30deg_N68RF/right_view/ice_seals_2025_fl223_R_20250514_002212.573153_rgb.jpg,5923,7384.28,2004.65,7552.95,2213.4,1,0,false_positive,1,
354,//akc0ss-n086/NMML_Polar_Imagery_4/Surveys_IceSeals_2025/fl223/images_30deg_N68RF/right_view/ice_seals_2025_fl223_R_20250514_002224.398607_rgb.jpg,5934,9138.42,3114.3,9345.37,3326.07,1,0,false_positive,1,
355,//akc0ss-n086/NMML_Polar_Imagery_4/Surveys_IceSeals_2025/fl223/images_30deg_N68RF/right_view/ice_seals_2025_fl223_R_20250514_002227.624829_rgb.jpg,5937,2934.07,2128.59,3113.63,2318.87,1,0,false_positive,1,
356,//akc0ss-n086/NMML_Polar_Imagery_4/Surveys_IceSeals_2025/fl223/images_30deg_N68RF/right_view/ice_seals_2025_fl223_R_20250514_002229.775022_rgb.jpg,5939,3874.17,1920.17,4098.07,2207.37,1,0,false_positive,1,
357,//akc0ss-n086/NMML_Polar_Imagery_4/Surveys_IceSeals_2025/fl223/images_30deg_N68RF/right_view/ice_seals_2025_fl223_R_20250514_002230.850388_rgb.jpg,5940,5464.49,6297.13,5708.1,6549.36,1,0,false_positive,1,
358,//akc0ss-n086/NMML_Polar_Imagery_4/Surveys_IceSeals_2025/fl223/images_30deg_N68RF/right_view/ice_seals_2025_fl223_R_20250514_002233.003000_rgb.jpg,5942,3076.77,8093.16,3275.65,8345.1,1,0,false_positive,1,
359,//akc0ss-n086/NMML_Polar_Imagery_4/Surveys_IceSeals_2025/fl223/images_30deg_N68RF/right_view/ice_seals_2025_fl223_R_20250514_002235.155715_rgb.jpg,5944,8631.73,8582.94,8845.58,8775.27,1,0,false_positive,1,
360,//akc0ss-n086/NMML_Polar_Imagery_4/Surveys_IceSeals_2025/fl223/images_30deg_N68RF/right_view/ice_seals_2025_fl223_R_20250514_002238.384315_rgb.jpg,5947,10765.2,2405.22,10984.9,2651.4,1,0,false_positive,1,
361,//akc0ss-n086/NMML_Polar_Imagery_4/Surveys_IceSeals_2025/fl223/images_30deg_N68RF/right_view/ice_seals_2025_fl223_R_20250514_002239.459300_rgb.jpg,5948,11311.4,9596.2,11592.7,9834.5,1,0,off_frame,1,
362,//akc0ss-n086/NMML_Polar_Imagery_4/Surveys_IceSeals_2025/fl223/images_30deg_N68RF/right_view/ice_seals_2025_fl223_R_20250514_002240.533710_rgb.jpg,5949,7047.42,3767.39,7245.25,4044.66,1,0,false_positive,1,
363,//akc0ss-n086/NMML_Polar_Imagery_4/Surveys_IceSeals_2025/fl223/images_30deg_N68RF/right_view/ice_seals_2025_fl223_R_20250514_002244.831037_rgb.jpg,5953,1472.32,4024.97,1680.07,4238.78,1,0,false_positive,1,
364,//akc0ss-n086/NMML_Polar_Imagery_4/Surveys_IceSeals_2025/fl223/images_30deg_N68RF/right_view/ice_seals_2025_fl223_R_20250514_002250.200531_rgb.jpg,5958,7726.21,4054.89,7904.92,4276.07,1,0,false_positive,1,
365,//akc0ss-n086/NMML_Polar_Imagery_4/Surveys_IceSeals_2025/fl223/images_30deg_N68RF/right_view/ice_seals_2025_fl223_R_20250514_002258.804646_rgb.jpg,5966,7452.99,2727.29,7665.18,2984.94,1,0,false_positive,1,
366,//akc0ss-n086/NMML_Polar_Imagery_4/Surveys_IceSeals_2025/fl223/images_30deg_N68RF/right_view/ice_seals_2025_fl223_R_20250514_002302.027827_rgb.jpg,5969,3510.22,7613.99,3734.54,7881.32,1,0,false_positive,1,
367,//akc0ss-n086/NMML_Polar_Imagery_4/Surveys_IceSeals_2025/fl223/images_30deg_N68RF/right_view/ice_seals_2025_fl223_R_20250514_002304.176076_rgb.jpg,5971,2581.37,806.834,2856.99,1040.52,1,0,false_positive,1,
368,//akc0ss-n086/NMML_Polar_Imagery_4/Surveys_IceSeals_2025/fl223/images_30deg_N68RF/right_view/ice_seals_2025_fl223_R_20250514_002306.324091_rgb.jpg,5973,11445.8,5828.93,11641.4,6057.63,1,0,false_positive,1,
369,//akc0ss-n086/NMML_Polar_Imagery_4/Surveys_IceSeals_2025/fl223/images_30deg_N68RF/right_view/ice_seals_2025_fl223_R_20250514_002321.363305_rgb.jpg,5987,6922.25,2583.38,7105.67,2802.45,1,0,false_positive,1,
370,//akc0ss-n086/NMML_Polar_Imagery_4/Surveys_IceSeals_2025/fl223/images_30deg_N68RF/right_view/ice_seals_2025_fl223_R_20250514_002349.286622_rgb.jpg,6013,3700.38,5466.27,3894.38,5705.43,1,0,false_positive,1,
371,//akc0ss-n086/NMML_Polar_Imagery_4/Surveys_IceSeals_2025/fl223/images_30deg_N68RF/right_view/ice_seals_2025_fl223_R_20250514_002349.286622_rgb.jpg,6013,3883.49,5780.15,4111.76,5983,1,0,false_positive,1,
372,//akc0ss-n086/NMML_Polar_Imagery_4/Surveys_IceSeals_2025/fl223/images_30deg_N68RF/right_view/ice_seals_2025_fl223_R_20250514_002349.286622_rgb.jpg,6013,3783.61,5737.57,4009.93,5958.74,1,0,false_positive,1,
373,//akc0ss-n086/NMML_Polar_Imagery_4/Surveys_IceSeals_2025/fl223/images_30deg_N68RF/right_view/ice_seals_2025_fl223_R_20250514_002408.658364_rgb.jpg,6031,5277.36,5994.82,5479.69,6291.58,1,0,false_positive,1,
374,//akc0ss-n086/NMML_Polar_Imagery_4/Surveys_IceSeals_2025/fl223/images_30deg_N68RF/right_view/ice_seals_2025_fl223_R_20250514_002411.875907_rgb.jpg,6034,7989.72,6870.18,8212.92,7153.31,1,0,false_positive,1,
375,//akc0ss-n086/NMML_Polar_Imagery_4/Surveys_IceSeals_2025/fl223/images_30deg_N68RF/right_view/ice_seals_2025_fl223_R_20250514_002516.622935_rgb.jpg,6094,5968.45,4261.23,6160.37,4465.19,1,0,false_positive,1,
376,//akc0ss-n086/NMML_Polar_Imagery_4/Surveys_IceSeals_2025/fl223/images_30deg_N68RF/right_view/ice_seals_2025_fl223_R_20250514_002525.287204_rgb.jpg,6102,9478.72,6874.08,9675.67,7096.01,1,0,false_positive,1,
377,//akc0ss-n086/NMML_Polar_Imagery_4/Surveys_IceSeals_2025/fl223/images_30deg_N68RF/right_view/ice_seals_2025_fl223_R_20250514_002526.371612_rgb.jpg,6103,2557.19,7499.22,2754.37,7730.87,1,0,false_positive,1,
378,//akc0ss-n086/NMML_Polar_Imagery_4/Surveys_IceSeals_2025/fl223/images_30deg_N68RF/right_view/ice_seals_2025_fl223_R_20250514_002541.515806_rgb.jpg,6117,7462.27,6238.4,7613.18,6404.34,1,0,false_positive,1,
379,//akc0ss-n086/NMML_Polar_Imagery_4/Surveys_IceSeals_2025/fl223/images_30deg_N68RF/right_view/ice_seals_2025_fl223_R_20250514_002622.549326_rgb.jpg,6155,6958.14,5239.09,7168.13,5571.46,1,0,false_positive,1,
380,//akc0ss-n086/NMML_Polar_Imagery_4/Surveys_IceSeals_2025/fl223/images_30deg_N68RF/right_view/ice_seals_2025_fl223_R_20250514_002623.627511_rgb.jpg,6156,1543.34,3457.92,1800.8,3647.38,1,0,false_positive,1,
381,//akc0ss-n086/NMML_Polar_Imagery_4/Surveys_IceSeals_2025/fl223/images_30deg_N68RF/right_view/ice_seals_2025_fl223_R_20250514_002623.627511_rgb.jpg,6156,1523.71,3442.35,1827.24,3673.18,1,0,false_positive,1,
382,//akc0ss-n086/NMML_Polar_Imagery_4/Surveys_IceSeals_2025/fl223/images_30deg_N68RF/right_view/ice_seals_2025_fl223_R_20250514_002635.472107_rgb.jpg,6167,2913.95,3256.89,3007.62,3367.79,1,0,animal,1,
383,//akc0ss-n086/NMML_Polar_Imagery_4/Surveys_IceSeals_2025/fl223/images_30deg_N68RF/right_view/ice_seals_2025_fl223_R_20250514_002645.154930_rgb.jpg,6176,4209.82,817.952,4447.17,1019.29,1,0,animal,1,
384,//akc0ss-n086/NMML_Polar_Imagery_4/Surveys_IceSeals_2025/fl223/images_30deg_N68RF/right_view/ice_seals_2025_fl223_R_20250514_002646.231235_rgb.jpg,6177,3921.19,9139.29,4156.82,9337.99,1,0,animal_duplicate,1,
385,//akc0ss-n086/NMML_Polar_Imagery_4/Surveys_IceSeals_2025/fl223/images_30deg_N68RF/right_view/ice_seals_2025_fl223_R_20250514_002715.145158_rgb.jpg,6204,6022.65,7865.04,6134.79,8009.35,1,0,animal,1,
386,//akc0ss-n086/NMML_Polar_Imagery_4/Surveys_IceSeals_2025/fl223/images_30deg_N68RF/right_view/ice_seals_2025_fl223_R_20250514_002716.212126_rgb.jpg,6205,3824.77,6482.15,4015.82,6669.29,1,0,false_positive,1,
387,//akc0ss-n086/NMML_Polar_Imagery_4/Surveys_IceSeals_2025/fl223/images_30deg_N68RF/right_view/ice_seals_2025_fl223_R_20250514_002853.914920_rgb.jpg,6297,1781.62,1087.3,1981.9,1345.11,1,0,false_positive,1,
388,//akc0ss-n086/NMML_Polar_Imagery_4/Surveys_IceSeals_2025/fl223/images_30deg_N68RF/right_view/ice_seals_2025_fl223_R_20250514_002854.973126_rgb.jpg,6298,1497.21,9690.51,1703.18,9932.44,1,0,off_frame,1,
389,//akc0ss-n086/NMML_Polar_Imagery_4/Surveys_IceSeals_2025/fl223/images_30deg_N68RF/right_view/ice_seals_2025_fl223_R_20250514_002901.326626_rgb.jpg,6304,3735.31,5039.83,3891.64,5175.39,1,0,false_positive,1,
390,//akc0ss-n086/NMML_Polar_Imagery_4/Surveys_IceSeals_2025/fl223/images_30deg_N68RF/right_view/ice_seals_2025_fl223_R_20250514_003147.008069_rgb.jpg,6460,8865.5,3875.9,9041.74,4073.23,1,0,false_positive,1,
391,//akc0ss-n086/NMML_Polar_Imagery_4/Surveys_IceSeals_2025/fl223/images_30deg_N68RF/right_view/ice_seals_2025_fl223_R_20250514_003208.692826_rgb.jpg,6480,3373.31,5011.18,3549.04,5179.91,1,0,false_positive,1,
392,//akc0ss-n086/NMML_Polar_Imagery_4/Surveys_IceSeals_2025/fl223/images_30deg_N68RF/right_view/ice_seals_2025_fl223_R_20250514_003211.951809_rgb.jpg,6483,12186.5,2271.82,12395.1,2444.18,1,0,false_positive,1,
393,//akc0ss-n086/NMML_Polar_Imagery_4/Surveys_IceSeals_2025/fl223/images_30deg_N68RF/right_view/ice_seals_2025_fl223_R_20250514_003211.951809_rgb.jpg,6483,12256.3,2452.21,12525.2,2650.61,1,0,false_positive,1,
394,//akc0ss-n086/NMML_Polar_Imagery_4/Surveys_IceSeals_2025/fl223/images_30deg_N68RF/right_view/ice_seals_2025_fl223_R_20250514_003213.038535_rgb.jpg,6484,11967.4,9419.91,12145.5,9597.83,1,0,false_positive,1,
395,//akc0ss-n086/NMML_Polar_Imagery_4/Surveys_IceSeals_2025/fl223/images_30deg_N68RF/right_view/ice_seals_2025_fl223_R_20250514_003213.038535_rgb.jpg,6484,12049.8,9578.14,12290.1,9751.89,1,0,off_frame,1,
396,//akc0ss-n086/NMML_Polar_Imagery_4/Surveys_IceSeals_2025/fl223/images_30deg_N68RF/right_view/ice_seals_2025_fl223_R_20250514_003213.038535_rgb.jpg,6484,11987.4,9367.21,12227.1,9587.12,1,0,false_positive,1,
397,//akc0ss-n086/NMML_Polar_Imagery_4/Surveys_IceSeals_2025/fl223/images_30deg_N68RF/right_view/ice_seals_2025_fl223_R_20250514_004416.956229_rgb.jpg,6689,5687.38,754.971,5881.31,1015.46,1,0,false_positive,1,
398,//akc0ss-n086/NMML_Polar_Imagery_4/Surveys_IceSeals_2025/fl223/images_30deg_N68RF/right_view/ice_seals_2025_fl223_R_20250514_004418.067338_rgb.jpg,6690,5865.54,8748.62,6052.66,9022.02,1,0,false_positive,1,
399,//akc0ss-n086/NMML_Polar_Imagery_4/Surveys_IceSeals_2025/fl223/images_30deg_N68RF/right_view/ice_seals_2025_fl223_R_20250514_004448.071129_rgb.jpg,6717,7970.66,7792,8226.84,8010.21,1,0,false_positive,1,
400,//akc0ss-n086/NMML_Polar_Imagery_4/Surveys_IceSeals_2025/fl223/images_30deg_N68RF/right_view/ice_seals_2025_fl223_R_20250514_004502.543842_rgb.jpg,6730,5211.19,3588.84,5420.87,3805.65,1,0,false_positive,1,
401,//akc0ss-n086/NMML_Polar_Imagery_4/Surveys_IceSeals_2025/fl223/images_30deg_N68RF/right_view/ice_seals_2025_fl223_R_20250514_004522.652609_rgb.jpg,6748,9792.84,5438.32,9925.88,5615.01,1,0,animal,1,
402,//akc0ss-n086/NMML_Polar_Imagery_4/Surveys_IceSeals_2025/fl223/images_30deg_N68RF/right_view/ice_seals_2025_fl223_R_20250514_004555.188097_rgb.jpg,6777,2721.6,5143.66,2912.44,5432.79,1,0,false_positive,1,
403,//akc0ss-n086/NMML_Polar_Imagery_4/Surveys_IceSeals_2025/fl223/images_30deg_N68RF/right_view/ice_seals_2025_fl223_R_20250514_004604.183754_rgb.jpg,6785,7625.68,6656.78,7803.19,6802.22,1,0,animal,1,
404,//akc0ss-n086/NMML_Polar_Imagery_4/Surveys_IceSeals_2025/fl223/images_30deg_N68RF/right_view/ice_seals_2025_fl223_R_20250514_004618.836306_rgb.jpg,6798,2995.07,7321.03,3305.66,7529.11,1,0,false_positive,1,
405,//akc0ss-n086/NMML_Polar_Imagery_4/Surveys_IceSeals_2025/fl223/images_30deg_N68RF/right_view/ice_seals_2025_fl223_R_20250514_004650.488887_rgb.jpg,6826,9146.28,4445.5,9416.33,4640.95,1,0,false_positive,1,
406,//akc0ss-n086/NMML_Polar_Imagery_4/Surveys_IceSeals_2025/fl223/images_30deg_N68RF/right_view/ice_seals_2025_fl223_R_20250514_004709.718873_rgb.jpg,6843,10779.6,2852.9,11070.8,3076.99,1,0,false_positive,1,
407,//akc0ss-n086/NMML_Polar_Imagery_4/Surveys_IceSeals_2025/fl223/images_30deg_N68RF/right_view/ice_seals_2025_fl223_R_20250514_004733.511082_rgb.jpg,6864,12100.9,2047.21,12324.4,2275.76,1,0,false_positive,1,
408,//akc0ss-n086/NMML_Polar_Imagery_4/Surveys_IceSeals_2025/fl223/images_30deg_N68RF/right_view/ice_seals_2025_fl223_R_20250514_004734.646171_rgb.jpg,6865,12176.7,9047.83,12412.6,9296.47,1,0,false_positive,1,
409,//akc0ss-n086/NMML_Polar_Imagery_4/Surveys_IceSeals_2025/fl223/images_30deg_N68RF/right_view/ice_seals_2025_fl223_R_20250514_004739.189718_rgb.jpg,6869,9775.34,3161.36,9989.08,3377.64,1,0,false_positive,1,
410,//akc0ss-n086/NMML_Polar_Imagery_4/Surveys_IceSeals_2025/fl223/images_30deg_N68RF/right_view/ice_seals_2025_fl223_R_20250514_004739.189718_rgb.jpg,6869,7017.38,6700.78,7217.19,6919.7,1,0,false_positive,1,
411,//akc0ss-n086/NMML_Polar_Imagery_4/Surveys_IceSeals_2025/fl223/images_30deg_N68RF/right_view/ice_seals_2025_fl223_R_20250514_004743.733167_rgb.jpg,6873,4836.97,1014.77,5042.68,1286.28,1,0,false_positive,1,
412,//akc0ss-n086/NMML_Polar_Imagery_4/Surveys_IceSeals_2025/fl223/images_30deg_N68RF/right_view/ice_seals_2025_fl223_R_20250514_004746.006663_rgb.jpg,6875,4178.79,4331.43,4392.01,4637.52,1,0,false_positive,1,
413,//akc0ss-n086/NMML_Polar_Imagery_4/Surveys_IceSeals_2025/fl223/images_30deg_N68RF/right_view/ice_seals_2025_fl223_R_20250514_004756.258248_rgb.jpg,6884,6532.58,1236.07,6756.12,1478.96,1,0,false_positive,1,
414,//akc0ss-n086/NMML_Polar_Imagery_4/Surveys_IceSeals_2025/fl223/images_30deg_N68RF/right_view/ice_seals_2025_fl223_R_20250514_004801.959167_rgb.jpg,6889,5075.95,7984.67,5303.67,8211.23,1,0,false_positive,1,
415,//akc0ss-n086/NMML_Polar_Imagery_4/Surveys_IceSeals_2025/fl223/images_30deg_N68RF/right_view/ice_seals_2025_fl223_R_20250514_004803.100152_rgb.jpg,6890,7040.88,2166.85,7250.7,2383.4,1,0,false_positive,1,
416,//akc0ss-n086/NMML_Polar_Imagery_4/Surveys_IceSeals_2025/fl223/images_30deg_N68RF/right_view/ice_seals_2025_fl223_R_20250514_004852.273267_rgb.jpg,6933,1651.38,1155.22,1752.5,1252.22,1,0,animal,1,
417,//akc0ss-n086/NMML_Polar_Imagery_4/Surveys_IceSeals_2025/fl223/images_30deg_N68RF/right_view/ice_seals_2025_fl223_R_20250514_004902.566975_rgb.jpg,6942,12650.2,4923.68,12912.5,5139.34,1,0,false_positive,1,
418,//akc0ss-n086/NMML_Polar_Imagery_4/Surveys_IceSeals_2025/fl223/images_30deg_N68RF/right_view/ice_seals_2025_fl223_R_20250514_004926.556786_rgb.jpg,6963,11090.3,3069.58,11245.9,3175.31,1,0,animal,1,
419,//akc0ss-n086/NMML_Polar_Imagery_4/Surveys_IceSeals_2025/fl223/images_30deg_N68RF/right_view/ice_seals_2025_fl223_R_20250514_004959.608418_rgb.jpg,6992,7520.89,1322.74,7649.46,1476.74,1,0,animal,1,
420,//akc0ss-n086/NMML_Polar_Imagery_4/Surveys_IceSeals_2025/fl223/images_30deg_N68RF/right_view/ice_seals_2025_fl223_R_20250514_005000.748646_rgb.jpg,6993,7632.02,9134.83,7733.2,9270.92,1,0,animal_duplicate,1,
421,//akc0ss-n086/NMML_Polar_Imagery_4/Surveys_IceSeals_2025/fl223/images_30deg_N68RF/right_view/ice_seals_2025_fl223_R_20250514_005016.693526_rgb.jpg,7007,4274.13,1941.46,4483.01,2199.16,1,0,false_positive,1,
422,//akc0ss-n086/NMML_Polar_Imagery_4/Surveys_IceSeals_2025/fl223/images_30deg_N68RF/right_view/ice_seals_2025_fl223_R_20250514_005024.660823_rgb.jpg,7014,3909.83,789.331,4028.21,929.25,1,0,animal,1,
423,//akc0ss-n086/NMML_Polar_Imagery_4/Surveys_IceSeals_2025/fl223/images_30deg_N68RF/right_view/ice_seals_2025_fl223_R_20250514_005025.797425_rgb.jpg,7015,3957.66,9067.77,4073.85,9213.55,1,0,animal_duplicate,1,
424,//akc0ss-n086/NMML_Polar_Imagery_4/Surveys_IceSeals_2025/fl223/images_30deg_N68RF/right_view/ice_seals_2025_fl223_R_20250514_005025.797425_rgb.jpg,7015,902.137,5796.95,1111.74,6070.77,1,0,false_positive,1,
425,//akc0ss-n086/NMML_Polar_Imagery_4/Surveys_IceSeals_2025/fl223/images_30deg_N68RF/right_view/ice_seals_2025_fl223_R_20250514_005029.206548_rgb.jpg,7018,3689.15,2975.77,3881.68,3167.59,1,0,false_positive,1,
426,//akc0ss-n086/NMML_Polar_Imagery_4/Surveys_IceSeals_2025/fl223/images_30deg_N68RF/right_view/ice_seals_2025_fl223_R_20250514_005030.342617_rgb.jpg,7019,7537.56,3354.99,7834.6,3623.98,1,0,false_positive,1,
427,//akc0ss-n086/NMML_Polar_Imagery_4/Surveys_IceSeals_2025/fl223/images_30deg_N68RF/right_view/ice_seals_2025_fl223_R_20250514_005032.614834_rgb.jpg,7021,9424.79,6278.27,9637.59,6621.06,1,0,false_positive,1,
428,//akc0ss-n086/NMML_Polar_Imagery_4/Surveys_IceSeals_2025/fl223/images_30deg_N68RF/right_view/ice_seals_2025_fl223_R_20250514_005032.614834_rgb.jpg,7021,7235.83,5861.16,7426.8,6075.67,1,0,false_positive,1,
429,//akc0ss-n086/NMML_Polar_Imagery_4/Surveys_IceSeals_2025/fl223/images_30deg_N68RF/right_view/ice_seals_2025_fl223_R_20250514_005033.750519_rgb.jpg,7022,781.209,1858.52,987.466,2112.46,1,0,false_positive,1,
430,//akc0ss-n086/NMML_Polar_Imagery_4/Surveys_IceSeals_2025/fl223/images_30deg_N68RF/right_view/ice_seals_2025_fl223_R_20250514_005039.426733_rgb.jpg,7027,882.757,6601.86,989.08,6858.41,1,0,false_positive,1,
431,//akc0ss-n086/NMML_Polar_Imagery_4/Surveys_IceSeals_2025/fl223/images_30deg_N68RF/right_view/ice_seals_2025_fl223_R_20250514_005040.560745_rgb.jpg,7028,6878.58,1477.7,7097.56,1723.48,1,0,false_positive,1,
432,//akc0ss-n086/NMML_Polar_Imagery_4/Surveys_IceSeals_2025/fl223/images_30deg_N68RF/right_view/ice_seals_2025_fl223_R_20250514_005155.368521_rgb.jpg,7032,1313.87,840.663,1718.58,1069.48,1,0,false_positive,1,
433,//akc0ss-n086/NMML_Polar_Imagery_4/Surveys_IceSeals_2025/fl223/images_30deg_N68RF/right_view/ice_seals_2025_fl223_R_20250514_005222.620357_rgb.jpg,7056,7215.52,5855.63,7401.71,6243.75,1,0,false_positive,1,
434,//akc0ss-n086/NMML_Polar_Imagery_4/Surveys_IceSeals_2025/fl223/images_30deg_N68RF/right_view/ice_seals_2025_fl223_R_20250514_005224.888587_rgb.jpg,7058,4869.52,4523.94,5045.39,4744.43,1,0,animal,1,
435,//akc0ss-n086/NMML_Polar_Imagery_4/Surveys_IceSeals_2025/fl223/images_30deg_N68RF/right_view/ice_seals_2025_fl223_R_20250514_005253.269351_rgb.jpg,7083,12706.2,9850.14,12926.8,10047.2,1,0,off_frame,1,
436,//akc0ss-n086/NMML_Polar_Imagery_4/Surveys_IceSeals_2025/fl223/images_30deg_N68RF/right_view/ice_seals_2025_fl223_R_20250514_005256.675193_rgb.jpg,7086,3730.48,7032.3,3911.48,7299.15,1,0,false_positive,1,
437,//akc0ss-n086/NMML_Polar_Imagery_4/Surveys_IceSeals_2025/fl223/images_30deg_N68RF/right_view/ice_seals_2025_fl223_R_20250514_005257.810384_rgb.jpg,7087,6597.77,1729.31,6832.43,1979.99,1,0,false_positive,1,
438,//akc0ss-n086/NMML_Polar_Imagery_4/Surveys_IceSeals_2025/fl223/images_30deg_N68RF/right_view/ice_seals_2025_fl223_R_20250514_005318.280112_rgb.jpg,7105,1348.84,4122.74,1559.16,4320.9,1,0,false_positive,1,
439,//akc0ss-n086/NMML_Polar_Imagery_4/Surveys_IceSeals_2025/fl223/images_30deg_N68RF/right_view/ice_seals_2025_fl223_R_20250514_005319.419178_rgb.jpg,7106,10821.4,2729.61,11033.2,3049.1,1,0,false_positive,1,
440,//akc0ss-n086/NMML_Polar_Imagery_4/Surveys_IceSeals_2025/fl223/images_30deg_N68RF/right_view/ice_seals_2025_fl223_R_20250514_005320.558166_rgb.jpg,7107,10844.2,10004.1,11053.8,10314.3,1,0,off_frame,1,
441,//akc0ss-n086/NMML_Polar_Imagery_4/Surveys_IceSeals_2025/fl223/images_30deg_N68RF/right_view/ice_seals_2025_fl223_R_20250514_005325.112415_rgb.jpg,7111,6645.32,1965.19,6862.42,2158.1,1,0,false_positive,1,
442,//akc0ss-n086/NMML_Polar_Imagery_4/Surveys_IceSeals_2025/fl223/images_30deg_N68RF/right_view/ice_seals_2025_fl223_R_20250514_005326.251041_rgb.jpg,7112,6612.46,9860.33,6811.68,10035.8,1,0,off_frame,1,
443,//akc0ss-n086/NMML_Polar_Imagery_4/Surveys_IceSeals_2025/fl223/images_30deg_N68RF/right_view/ice_seals_2025_fl223_R_20250514_005328.529017_rgb.jpg,7114,9709.07,7384.82,9908.86,7626.92,1,0,false_positive,1,
444,//akc0ss-n086/NMML_Polar_Imagery_4/Surveys_IceSeals_2025/fl223/images_30deg_N68RF/right_view/ice_seals_2025_fl223_R_20250514_005329.668188_rgb.jpg,7115,8322.66,2380.95,8574.15,2584.25,1,0,false_positive,1,
445,//akc0ss-n086/NMML_Polar_Imagery_4/Surveys_IceSeals_2025/fl223/images_30deg_N68RF/right_view/ice_seals_2025_fl223_R_20250514_005331.948158_rgb.jpg,7117,3691.36,4844.77,3901.19,5026.62,1,0,false_positive,1,
446,//akc0ss-n086/NMML_Polar_Imagery_4/Surveys_IceSeals_2025/fl223/images_30deg_N68RF/right_view/ice_seals_2025_fl223_R_20250514_005333.089306_rgb.jpg,7118,3312.33,7174.51,3498.75,7359.14,1,0,false_positive,1,
447,//akc0ss-n086/NMML_Polar_Imagery_4/Surveys_IceSeals_2025/fl223/images_30deg_N68RF/right_view/ice_seals_2025_fl223_R_20250514_005333.089306_rgb.jpg,7118,7581.18,8174.68,7753.04,8354.48,1,0,false_positive,1,
448,//akc0ss-n086/NMML_Polar_Imagery_4/Surveys_IceSeals_2025/fl223/images_30deg_N68RF/right_view/ice_seals_2025_fl223_R_20250514_005333.089306_rgb.jpg,7118,3845.15,3272.7,4115.79,3457.28,1,0,false_positive,1,
449,//akc0ss-n086/NMML_Polar_Imagery_4/Surveys_IceSeals_2025/fl223/images_30deg_N68RF/right_view/ice_seals_2025_fl223_R_20250514_005333.089306_rgb.jpg,7118,7443.18,8247.85,7607.98,8410.94,1,0,false_positive,1,
450,//akc0ss-n086/NMML_Polar_Imagery_4/Surveys_IceSeals_2025/fl223/images_30deg_N68RF/right_view/ice_seals_2025_fl223_R_20250514_005334.230734_rgb.jpg,7119,3315.95,6425.26,3509.44,6704.19,1,0,false_positive,1,
451,//akc0ss-n086/NMML_Polar_Imagery_4/Surveys_IceSeals_2025/fl223/images_30deg_N68RF/right_view/ice_seals_2025_fl223_R_20250514_005408.508692_rgb.jpg,7149,7437.83,7815.26,7616.62,8009.63,1,0,false_positive,1,
452,//akc0ss-n086/NMML_Polar_Imagery_4/Surveys_IceSeals_2025/fl223/images_30deg_N68RF/right_view/ice_seals_2025_fl223_R_20250514_005413.087203_rgb.jpg,7153,11930.7,2061.79,12067.2,2167.79,1,0,animal,1,
453,//akc0ss-n086/NMML_Polar_Imagery_4/Surveys_IceSeals_2025/fl223/images_30deg_N68RF/right_view/ice_seals_2025_fl223_R_20250514_005414.232129_rgb.jpg,7154,11877.7,9137.54,12016.4,9258.19,1,0,animal_duplicate,1,
454,//akc0ss-n086/NMML_Polar_Imagery_4/Surveys_IceSeals_2025/fl223/images_30deg_N68RF/right_view/ice_seals_2025_fl223_R_20250513_224604.755563_rgb.jpg,887,10304,242.671,10349.4,315.243,1,0,off_ir,1,(note) detected in next frame of IR as hotspot 8
455,//akc0ss-n086/NMML_Polar_Imagery_4/Surveys_IceSeals_2025/fl223/images_30deg_N68RF/right_view/ice_seals_2025_fl223_R_20250514_002635.472107_rgb.jpg,6167,2785.7,3288.83,2943.53,3363.73,1,0,animal,1,(note) split from hotspot 382
