# 1: Detection or Track-id,2: Video or Image Identifier,3: Unique Frame Identifier,4-7: Img-bbox(TL_x,TL_y,BR_x,BR_y),8: Detection or Length Confidence,9: Target Length (0 or -1 if invalid),10-11+: Repeated Species,Confidence Pairs or Attributes,,,,
# metadata,fps: 1,"exported_by: ""dive:typescript""","exported_time: ""5/13/2026, 3:10:36 PM""",,,,,,,,,,,
1,\\akc0ss-n086\NMML_Polar_Imagery_4\Surveys_IceSeals_2025\fl223\images_30deg_N68RF\left_view\ice_seals_2025_fl223_L_20250513_223422.982902_rgb.jpg,274,10825,4299,10905,4371,1,-1,ringed_seal,1,(trk-atr) age_class nonpup,(trk-atr) age_class_confidence positive,(trk-atr) species_confidence likely,
2,\\akc0ss-n086\NMML_Polar_Imagery_4\Surveys_IceSeals_2025\fl223\images_30deg_N68RF\left_view\ice_seals_2025_fl223_L_20250513_223445.117096_rgb.jpg,293,2149,6127,2270,6261,1,-1,bearded_seal,1,(trk-atr) age_class nonpup,(trk-atr) age_class_confidence positive,(trk-atr) species_confidence positive,
3,\\akc0ss-n086\NMML_Polar_Imagery_4\Surveys_IceSeals_2025\fl223\images_30deg_N68RF\left_view\ice_seals_2025_fl223_L_20250513_223750.225383_rgb.jpg,453,8635,4315,8723,4372,1,-1,ringed_seal,1,(trk-atr) age_class nonpup,(trk-atr) age_class_confidence positive,(trk-atr) species_confidence positive,
4,\\akc0ss-n086\NMML_Polar_Imagery_4\Surveys_IceSeals_2025\fl223\images_30deg_N68RF\left_view\ice_seals_2025_fl223_L_20250513_223751.369908_rgb.jpg,454,6421,1249,6474,1334,1,-1,ringed_seal,1,(trk-atr) age_class nonpup,(trk-atr) age_class_confidence positive,(trk-atr) species_confidence positive,
5,\\akc0ss-n086\NMML_Polar_Imagery_4\Surveys_IceSeals_2025\fl223\images_30deg_N68RF\left_view\ice_seals_2025_fl223_L_20250513_223751.369908_rgb.jpg,454,5659,2492,5748,2542,1,-1,ringed_seal,1,(trk-atr) age_class nonpup,(trk-atr) age_class_confidence positive,(trk-atr) species_confidence positive,
6,\\akc0ss-n086\NMML_Polar_Imagery_4\Surveys_IceSeals_2025\fl223\images_30deg_N68RF\left_view\ice_seals_2025_fl223_L_20250513_223751.369908_rgb.jpg,454,5726,2591,5807,2644,1,-1,ringed_seal,1,(trk-atr) age_class nonpup,(trk-atr) age_class_confidence positive,(trk-atr) species_confidence positive,
7,\\akc0ss-n086\NMML_Polar_Imagery_4\Surveys_IceSeals_2025\fl223\images_30deg_N68RF\left_view\ice_seals_2025_fl223_L_20250513_223752.513555_rgb.jpg,455,6513,9180,6572,9275,1,-1,ringed_seal,1,(trk-atr) age_class nonpup,(trk-atr) age_class_confidence positive,(trk-atr) species_confidence positive,
8,\\akc0ss-n086\NMML_Polar_Imagery_4\Surveys_IceSeals_2025\fl223\images_30deg_N68RF\left_view\ice_seals_2025_fl223_L_20250513_223752.513555_rgb.jpg,455,5732,10229,5921,10341,1,-1,off_frame,1,,,,
9,\\akc0ss-n086\NMML_Polar_Imagery_4\Surveys_IceSeals_2025\fl223\images_30deg_N68RF\left_view\ice_seals_2025_fl223_L_20250513_224010.258889_rgb.jpg,576,7361,6195,7435,6256,1,-1,ringed_seal,1,(trk-atr) age_class nonpup,(trk-atr) age_class_confidence positive,(trk-atr) species_confidence positive,
10,\\akc0ss-n086\NMML_Polar_Imagery_4\Surveys_IceSeals_2025\fl223\images_30deg_N68RF\left_view\ice_seals_2025_fl223_L_20250513_224311.286751_rgb.jpg,735,7988,2872,8163,3053,1,-1,bird,1,,,(trk-atr) species_confidence positive,
11,\\akc0ss-n086\NMML_Polar_Imagery_4\Surveys_IceSeals_2025\fl223\images_30deg_N68RF\left_view\ice_seals_2025_fl223_L_20250513_224447.544914_rgb.jpg,819,3542,2281,3595,2372,1,-1,ringed_seal,1,(trk-atr) age_class nonpup,(trk-atr) age_class_confidence positive,(trk-atr) species_confidence positive,
12,\\akc0ss-n086\NMML_Polar_Imagery_4\Surveys_IceSeals_2025\fl223\images_30deg_N68RF\left_view\ice_seals_2025_fl223_L_20250513_224447.544914_rgb.jpg,819,3663,2267,3735,2325,1,-1,ringed_seal,1,(trk-atr) age_class nonpup,(trk-atr) age_class_confidence positive,(trk-atr) species_confidence positive,
13,\\akc0ss-n086\NMML_Polar_Imagery_4\Surveys_IceSeals_2025\fl223\images_30deg_N68RF\left_view\ice_seals_2025_fl223_L_20250513_224448.679919_rgb.jpg,820,3805,9783,3982,9960,1,-1,off_frame,1,,,,
14,\\akc0ss-n086\NMML_Polar_Imagery_4\Surveys_IceSeals_2025\fl223\images_30deg_N68RF\left_view\ice_seals_2025_fl223_L_20250513_224448.679919_rgb.jpg,820,3684,9792,3851,9972,1,-1,off_frame,1,,,,
15,\\akc0ss-n086\NMML_Polar_Imagery_4\Surveys_IceSeals_2025\fl223\images_30deg_N68RF\left_view\ice_seals_2025_fl223_L_20250513_224705.922632_rgb.jpg,941,10021,7967,10064,8057,1,-1,ringed_seal,1,(trk-atr) age_class nonpup,(trk-atr) age_class_confidence positive,(trk-atr) species_confidence positive,
16,\\akc0ss-n086\NMML_Polar_Imagery_4\Surveys_IceSeals_2025\fl223\images_30deg_N68RF\left_view\ice_seals_2025_fl223_L_20250513_224716.174115_rgb.jpg,950,4903,3332,4959,3422,1,-1,ringed_seal,1,(trk-atr) age_class nonpup,(trk-atr) age_class_confidence positive,(trk-atr) species_confidence positive,
17,\\akc0ss-n086\NMML_Polar_Imagery_4\Surveys_IceSeals_2025\fl223\images_30deg_N68RF\left_view\ice_seals_2025_fl223_L_20250513_225205.997903_rgb.jpg,1149,5662,7306,5743,7381,1,-1,ringed_seal,1,(trk-atr) age_class nonpup,(trk-atr) age_class_confidence positive,(trk-atr) species_confidence positive,
18,\\akc0ss-n086\NMML_Polar_Imagery_4\Surveys_IceSeals_2025\fl223\images_30deg_N68RF\left_view\ice_seals_2025_fl223_L_20250513_225240.017529_rgb.jpg,1180,965,2688,1040,2752,1,-1,ringed_seal,1,(trk-atr) age_class nonpup,(trk-atr) age_class_confidence positive,(trk-atr) species_confidence positive,
19,\\akc0ss-n086\NMML_Polar_Imagery_4\Surveys_IceSeals_2025\fl223\images_30deg_N68RF\left_view\ice_seals_2025_fl223_L_20250513_225240.017529_rgb.jpg,1180,1017,2535,1053,2626,1,-1,ringed_seal,1,(trk-atr) age_class nonpup,(trk-atr) age_class_confidence positive,(trk-atr) species_confidence positive,
20,\\akc0ss-n086\NMML_Polar_Imagery_4\Surveys_IceSeals_2025\fl223\images_30deg_N68RF\left_view\ice_seals_2025_fl223_L_20250513_225241.116934_rgb.jpg,1181,1168,9717,1349,9907,1,-1,off_frame,1,,,,
21,\\akc0ss-n086\NMML_Polar_Imagery_4\Surveys_IceSeals_2025\fl223\images_30deg_N68RF\left_view\ice_seals_2025_fl223_L_20250513_225417.617264_rgb.jpg,1269,4888,1329,5144,1530,1,-1,false_positive,1,,,,
22,\\akc0ss-n086\NMML_Polar_Imagery_4\Surveys_IceSeals_2025\fl223\images_30deg_N68RF\left_view\ice_seals_2025_fl223_L_20250513_225423.077317_rgb.jpg,1274,691,3467,912,3652,1,-1,false_positive,1,,,,
23,\\akc0ss-n086\NMML_Polar_Imagery_4\Surveys_IceSeals_2025\fl223\images_30deg_N68RF\left_view\ice_seals_2025_fl223_L_20250513_225708.942831_rgb.jpg,1427,9683,5547,9856,5725,1,-1,false_positive,1,,,,
24,\\akc0ss-n086\NMML_Polar_Imagery_4\Surveys_IceSeals_2025\fl223\images_30deg_N68RF\left_view\ice_seals_2025_fl223_L_20250513_225710.015677_rgb.jpg,1428,6664,1343,6849,1413,1,-1,bearded_seal,1,(trk-atr) age_class nonpup,(trk-atr) age_class_confidence positive,(trk-atr) species_confidence positive,
25,\\akc0ss-n086\NMML_Polar_Imagery_4\Surveys_IceSeals_2025\fl223\images_30deg_N68RF\left_view\ice_seals_2025_fl223_L_20250513_225711.088685_rgb.jpg,1429,6958,9365,7142,9437,1,-1,bearded_seal,1,(trk-atr) age_class nonpup,(trk-atr) age_class_confidence positive,(trk-atr) species_confidence positive,
26,\\akc0ss-n086\NMML_Polar_Imagery_4\Surveys_IceSeals_2025\fl223\images_30deg_N68RF\left_view\ice_seals_2025_fl223_L_20250513_225741.184947_rgb.jpg,1457,7152,945,7226,1063,1,-1,bearded_seal,1,(trk-atr) age_class nonpup,(trk-atr) age_class_confidence positive,(trk-atr) species_confidence positive,
27,\\akc0ss-n086\NMML_Polar_Imagery_4\Surveys_IceSeals_2025\fl223\images_30deg_N68RF\left_view\ice_seals_2025_fl223_L_20250513_225742.258897_rgb.jpg,1458,7447,9034,7515,9159,1,-1,bearded_seal,1,(trk-atr) age_class nonpup,(trk-atr) age_class_confidence positive,(trk-atr) species_confidence positive,
28,\\akc0ss-n086\NMML_Polar_Imagery_4\Surveys_IceSeals_2025\fl223\images_30deg_N68RF\left_view\ice_seals_2025_fl223_L_20250513_225913.061676_rgb.jpg,1541,2065,964,2127,1048,1,-1,ringed_seal,1,(trk-atr) age_class nonpup,(trk-atr) age_class_confidence positive,(trk-atr) species_confidence positive,
29,\\akc0ss-n086\NMML_Polar_Imagery_4\Surveys_IceSeals_2025\fl223\images_30deg_N68RF\left_view\ice_seals_2025_fl223_L_20250513_225914.177062_rgb.jpg,1542,2370,8332,2415,8433,1,-1,ringed_seal,1,(trk-atr) age_class nonpup,(trk-atr) age_class_confidence positive,(trk-atr) species_confidence positive,
30,\\akc0ss-n086\NMML_Polar_Imagery_4\Surveys_IceSeals_2025\fl223\images_30deg_N68RF\left_view\ice_seals_2025_fl223_L_20250513_225927.586724_rgb.jpg,1554,11484,4511,11565,4715,1,-1,bearded_seal,1,(trk-atr) age_class nonpup,(trk-atr) age_class_confidence positive,(trk-atr) species_confidence positive,
31,\\akc0ss-n086\NMML_Polar_Imagery_4\Surveys_IceSeals_2025\fl223\images_30deg_N68RF\left_view\ice_seals_2025_fl223_L_20250513_230005.619718_rgb.jpg,1588,1726,5592,1940,5747,1,-1,false_positive,1,,,,
32,\\akc0ss-n086\NMML_Polar_Imagery_4\Surveys_IceSeals_2025\fl223\images_30deg_N68RF\left_view\ice_seals_2025_fl223_L_20250513_230116.308309_rgb.jpg,1651,8732,5355,8803,5449,1,-1,ringed_seal,1,(trk-atr) age_class nonpup,(trk-atr) age_class_confidence positive,(trk-atr) species_confidence positive,
33,\\akc0ss-n086\NMML_Polar_Imagery_4\Surveys_IceSeals_2025\fl223\images_30deg_N68RF\left_view\ice_seals_2025_fl223_L_20250513_230127.436316_rgb.jpg,1661,9268,795,9471,1022,1,-1,false_positive,1,,,,
34,\\akc0ss-n086\NMML_Polar_Imagery_4\Surveys_IceSeals_2025\fl223\images_30deg_N68RF\left_view\ice_seals_2025_fl223_L_20250513_230212.997322_rgb.jpg,1702,3337,7565,3384,7647,1,-1,ringed_seal,1,(trk-atr) age_class nonpup,(trk-atr) age_class_confidence positive,(trk-atr) species_confidence positive,
35,\\akc0ss-n086\NMML_Polar_Imagery_4\Surveys_IceSeals_2025\fl223\images_30deg_N68RF\left_view\ice_seals_2025_fl223_L_20250513_230257.609395_rgb.jpg,1742,1159,8747,1371,8982,1,-1,false_positive,1,,,,
36,\\akc0ss-n086\NMML_Polar_Imagery_4\Surveys_IceSeals_2025\fl223\images_30deg_N68RF\left_view\ice_seals_2025_fl223_L_20250513_230322.152507_rgb.jpg,1764,3618,2844,3707,2891,1,-1,ringed_seal,1,(trk-atr) age_class nonpup,(trk-atr) age_class_confidence positive,(trk-atr) species_confidence positive,
37,\\akc0ss-n086\NMML_Polar_Imagery_4\Surveys_IceSeals_2025\fl223\images_30deg_N68RF\left_view\ice_seals_2025_fl223_L_20250513_230322.152507_rgb.jpg,1764,3602,2689,3661,2766,1,-1,ringed_seal,1,(trk-atr) age_class nonpup,(trk-atr) age_class_confidence positive,(trk-atr) species_confidence positive,
38,\\akc0ss-n086\NMML_Polar_Imagery_4\Surveys_IceSeals_2025\fl223\images_30deg_N68RF\left_view\ice_seals_2025_fl223_L_20250513_230323.269190_rgb.jpg,1765,3891,10191,4065,10372,1,-1,off_frame,1,,,,
39,\\akc0ss-n086\NMML_Polar_Imagery_4\Surveys_IceSeals_2025\fl223\images_30deg_N68RF\left_view\ice_seals_2025_fl223_L_20250513_230407.985865_rgb.jpg,1805,4254,3890,4325,3941,1,-1,ringed_seal,1,(trk-atr) age_class nonpup,(trk-atr) age_class_confidence positive,(trk-atr) species_confidence likely,
40,\\akc0ss-n086\NMML_Polar_Imagery_4\Surveys_IceSeals_2025\fl223\images_30deg_N68RF\left_view\ice_seals_2025_fl223_L_20250513_230439.435659_rgb.jpg,1833,6681,4929,6746,5013,1,-1,ringed_seal,1,(trk-atr) age_class nonpup,(trk-atr) age_class_confidence positive,(trk-atr) species_confidence positive,
41,\\akc0ss-n086\NMML_Polar_Imagery_4\Surveys_IceSeals_2025\fl223\images_30deg_N68RF\left_view\ice_seals_2025_fl223_L_20250513_230445.047157_rgb.jpg,1838,1878,3901,1949,3969,1,-1,ringed_seal,1,(trk-atr) age_class nonpup,(trk-atr) age_class_confidence positive,(trk-atr) species_confidence positive,
42,\\akc0ss-n086\NMML_Polar_Imagery_4\Surveys_IceSeals_2025\fl223\images_30deg_N68RF\left_view\ice_seals_2025_fl223_L_20250513_230445.047157_rgb.jpg,1838,1898,3732,1955,3810,1,-1,ringed_seal,1,(trk-atr) age_class nonpup,(trk-atr) age_class_confidence positive,(trk-atr) species_confidence positive,
43,\\akc0ss-n086\NMML_Polar_Imagery_4\Surveys_IceSeals_2025\fl223\images_30deg_N68RF\left_view\ice_seals_2025_fl223_L_20250513_230521.947000_rgb.jpg,1871,6699,5785,6748,5866,1,-1,ringed_seal,1,(trk-atr) age_class nonpup,(trk-atr) age_class_confidence positive,(trk-atr) species_confidence positive,
44,\\akc0ss-n086\NMML_Polar_Imagery_4\Surveys_IceSeals_2025\fl223\images_30deg_N68RF\left_view\ice_seals_2025_fl223_L_20250513_230521.947000_rgb.jpg,1871,6689,5987,6733,6047,1,-1,ringed_seal,1,(trk-atr) age_class nonpup,(trk-atr) age_class_confidence positive,(trk-atr) species_confidence positive,
45,\\akc0ss-n086\NMML_Polar_Imagery_4\Surveys_IceSeals_2025\fl223\images_30deg_N68RF\left_view\ice_seals_2025_fl223_L_20250513_230533.280311_rgb.jpg,1881,9695,7307,9732,7386,1,-1,ringed_seal,1,(trk-atr) age_class nonpup,(trk-atr) age_class_confidence positive,(trk-atr) species_confidence positive,
46,\\akc0ss-n086\NMML_Polar_Imagery_4\Surveys_IceSeals_2025\fl223\images_30deg_N68RF\left_view\ice_seals_2025_fl223_L_20250513_230534.435318_rgb.jpg,1882,10680,3316,10730,3404,1,-1,ringed_seal,1,(trk-atr) age_class nonpup,(trk-atr) age_class_confidence positive,(trk-atr) species_confidence positive,
47,\\akc0ss-n086\NMML_Polar_Imagery_4\Surveys_IceSeals_2025\fl223\images_30deg_N68RF\left_view\ice_seals_2025_fl223_L_20250513_230547.309299_rgb.jpg,1893,3984,6073,4022,6130,1,-1,ringed_seal,1,(trk-atr) age_class nonpup,(trk-atr) age_class_confidence positive,(trk-atr) species_confidence likely,
48,\\akc0ss-n086\NMML_Polar_Imagery_4\Surveys_IceSeals_2025\fl223\images_30deg_N68RF\left_view\ice_seals_2025_fl223_L_20250513_230624.998153_rgb.jpg,1925,8413,3926,8475,3993,1,-1,ringed_seal,1,(trk-atr) age_class nonpup,(trk-atr) age_class_confidence positive,(trk-atr) species_confidence positive,
49,\\akc0ss-n086\NMML_Polar_Imagery_4\Surveys_IceSeals_2025\fl223\images_30deg_N68RF\left_view\ice_seals_2025_fl223_L_20250513_230641.072308_rgb.jpg,1939,3443,5675,3511,5867,1,-1,bearded_seal,1,(trk-atr) age_class nonpup,(trk-atr) age_class_confidence positive,(trk-atr) species_confidence positive,
50,\\akc0ss-n086\NMML_Polar_Imagery_4\Surveys_IceSeals_2025\fl223\images_30deg_N68RF\left_view\ice_seals_2025_fl223_L_20250513_230650.145488_rgb.jpg,1947,5497,5554,5546,5657,1,-1,ringed_seal,1,(trk-atr) age_class nonpup,(trk-atr) age_class_confidence positive,(trk-atr) species_confidence likely,
51,\\akc0ss-n086\NMML_Polar_Imagery_4\Surveys_IceSeals_2025\fl223\images_30deg_N68RF\left_view\ice_seals_2025_fl223_L_20250513_230655.806741_rgb.jpg,1952,10398,5148,10484,5211,1,-1,ringed_seal,1,(trk-atr) age_class nonpup,(trk-atr) age_class_confidence positive,(trk-atr) species_confidence positive,
52,\\akc0ss-n086\NMML_Polar_Imagery_4\Surveys_IceSeals_2025\fl223\images_30deg_N68RF\left_view\ice_seals_2025_fl223_L_20250513_230711.571796_rgb.jpg,1966,6080,1471,6125,1571,1,-1,ringed_seal,1,(trk-atr) age_class nonpup,(trk-atr) age_class_confidence positive,(trk-atr) species_confidence positive,
53,\\akc0ss-n086\NMML_Polar_Imagery_4\Surveys_IceSeals_2025\fl223\images_30deg_N68RF\left_view\ice_seals_2025_fl223_L_20250513_230712.695544_rgb.jpg,1967,6014,9501,6056,9571,1,-1,ringed_seal,1,(trk-atr) age_class nonpup,(trk-atr) age_class_confidence positive,(trk-atr) species_confidence positive,
54,\\akc0ss-n086\NMML_Polar_Imagery_4\Surveys_IceSeals_2025\fl223\images_30deg_N68RF\left_view\ice_seals_2025_fl223_L_20250513_230714.939039_rgb.jpg,1969,10306,1050,10513,1425,1,-1,false_positive,1,,,,
55,\\akc0ss-n086\NMML_Polar_Imagery_4\Surveys_IceSeals_2025\fl223\images_30deg_N68RF\left_view\ice_seals_2025_fl223_L_20250513_231102.760024_rgb.jpg,2171,2032,5538,2076,5637,1,-1,ringed_seal,1,(trk-atr) age_class nonpup,(trk-atr) age_class_confidence positive,(trk-atr) species_confidence likely,
56,\\akc0ss-n086\NMML_Polar_Imagery_4\Surveys_IceSeals_2025\fl223\images_30deg_N68RF\left_view\ice_seals_2025_fl223_L_20250513_231141.418807_rgb.jpg,2205,12374,5898,12454,6002,1,-1,ringed_seal,1,(trk-atr) age_class nonpup,(trk-atr) age_class_confidence positive,(trk-atr) species_confidence positive,
57,\\akc0ss-n086\NMML_Polar_Imagery_4\Surveys_IceSeals_2025\fl223\images_30deg_N68RF\left_view\ice_seals_2025_fl223_L_20250513_231142.557590_rgb.jpg,2206,3783,2728,3856,2785,1,-1,ringed_seal,1,(trk-atr) age_class nonpup,(trk-atr) age_class_confidence positive,(trk-atr) species_confidence positive,
58,\\akc0ss-n086\NMML_Polar_Imagery_4\Surveys_IceSeals_2025\fl223\images_30deg_N68RF\left_view\ice_seals_2025_fl223_L_20250513_231142.557590_rgb.jpg,2206,3876,2644,3946,2705,1,-1,ringed_seal,1,(trk-atr) age_class nonpup,(trk-atr) age_class_confidence positive,(trk-atr) species_confidence positive,
59,\\akc0ss-n086\NMML_Polar_Imagery_4\Surveys_IceSeals_2025\fl223\images_30deg_N68RF\left_view\ice_seals_2025_fl223_L_20250513_231143.697076_rgb.jpg,2207,3657,10154,3871,10358,1,-1,off_frame,1,,,,
60,\\akc0ss-n086\NMML_Polar_Imagery_4\Surveys_IceSeals_2025\fl223\images_30deg_N68RF\left_view\ice_seals_2025_fl223_L_20250513_231143.697076_rgb.jpg,2207,3706,10127,3904,10339,1,-1,off_frame,1,,,,
61,\\akc0ss-n086\NMML_Polar_Imagery_4\Surveys_IceSeals_2025\fl223\images_30deg_N68RF\left_view\ice_seals_2025_fl223_L_20250513_231222.384255_rgb.jpg,2241,4723,4462,4902,4634,1,-1,false_positive,1,,,,
62,\\akc0ss-n086\NMML_Polar_Imagery_4\Surveys_IceSeals_2025\fl223\images_30deg_N68RF\left_view\ice_seals_2025_fl223_L_20250513_231223.521981_rgb.jpg,2242,8003,3137,8184,3304,1,-1,false_positive,1,,,,
63,\\akc0ss-n086\NMML_Polar_Imagery_4\Surveys_IceSeals_2025\fl223\images_30deg_N68RF\left_view\ice_seals_2025_fl223_L_20250513_231225.798156_rgb.jpg,2244,8733,9355,8808,9472,1,-1,bird,1,,,(trk-atr) species_confidence positive,
64,\\akc0ss-n086\NMML_Polar_Imagery_4\Surveys_IceSeals_2025\fl223\images_30deg_N68RF\left_view\ice_seals_2025_fl223_L_20250513_231317.097295_rgb.jpg,2289,8462,864,8555,901,1,-1,ringed_seal,1,(trk-atr) age_class nonpup,(trk-atr) age_class_confidence positive,(trk-atr) species_confidence positive,
65,\\akc0ss-n086\NMML_Polar_Imagery_4\Surveys_IceSeals_2025\fl223\images_30deg_N68RF\left_view\ice_seals_2025_fl223_L_20250513_231317.097295_rgb.jpg,2289,8068,1709,8119,1810,1,-1,ringed_seal,1,(trk-atr) age_class nonpup,(trk-atr) age_class_confidence positive,(trk-atr) species_confidence positive,
66,\\akc0ss-n086\NMML_Polar_Imagery_4\Surveys_IceSeals_2025\fl223\images_30deg_N68RF\left_view\ice_seals_2025_fl223_L_20250513_231318.244102_rgb.jpg,2290,8288,9093,8383,9137,1,-1,ringed_seal,1,(trk-atr) age_class nonpup,(trk-atr) age_class_confidence positive,(trk-atr) species_confidence positive,
67,\\akc0ss-n086\NMML_Polar_Imagery_4\Surveys_IceSeals_2025\fl223\images_30deg_N68RF\left_view\ice_seals_2025_fl223_L_20250513_231318.244102_rgb.jpg,2290,7851,9765,8028,9984,1,-1,off_frame,1,,,,
68,\\akc0ss-n086\NMML_Polar_Imagery_4\Surveys_IceSeals_2025\fl223\images_30deg_N68RF\left_view\ice_seals_2025_fl223_L_20250513_231724.807545_rgb.jpg,2506,5802,5765,5982,5938,1,-1,false_positive,1,,,,
69,\\akc0ss-n086\NMML_Polar_Imagery_4\Surveys_IceSeals_2025\fl223\images_30deg_N68RF\left_view\ice_seals_2025_fl223_L_20250513_231903.013789_rgb.jpg,2592,7795,4483,7939,4621,1,-1,false_positive,1,,,,
70,\\akc0ss-n086\NMML_Polar_Imagery_4\Surveys_IceSeals_2025\fl223\images_30deg_N68RF\left_view\ice_seals_2025_fl223_L_20250513_232308.952750_rgb.jpg,2746,1350,6897,1407,6988,1,-1,ringed_seal,1,(trk-atr) age_class nonpup,(trk-atr) age_class_confidence positive,(trk-atr) species_confidence positive,
71,\\akc0ss-n086\NMML_Polar_Imagery_4\Surveys_IceSeals_2025\fl223\images_30deg_N68RF\left_view\ice_seals_2025_fl223_L_20250513_232400.498429_rgb.jpg,2792,4698,4566,4751,4706,1,-1,bearded_seal,1,(trk-atr) age_class nonpup,(trk-atr) age_class_confidence likely,(trk-atr) species_confidence likely,
72,\\akc0ss-n086\NMML_Polar_Imagery_4\Surveys_IceSeals_2025\fl223\images_30deg_N68RF\left_view\ice_seals_2025_fl223_L_20250513_232402.727222_rgb.jpg,2794,5623,7182,5772,7407,1,-1,false_positive,1,,,,
73,\\akc0ss-n086\NMML_Polar_Imagery_4\Surveys_IceSeals_2025\fl223\images_30deg_N68RF\left_view\ice_seals_2025_fl223_L_20250513_232559.195462_rgb.jpg,2899,9532,6727,9641,6787,1,-1,ringed_seal,1,(trk-atr) age_class nonpup,(trk-atr) age_class_confidence positive,(trk-atr) species_confidence positive,
74,\\akc0ss-n086\NMML_Polar_Imagery_4\Surveys_IceSeals_2025\fl223\images_30deg_N68RF\left_view\ice_seals_2025_fl223_L_20250513_232634.455879_rgb.jpg,2931,2985,2217,3171,2425,1,-1,false_positive,1,,,,
75,\\akc0ss-n086\NMML_Polar_Imagery_4\Surveys_IceSeals_2025\fl223\images_30deg_N68RF\left_view\ice_seals_2025_fl223_L_20250513_232744.721014_rgb.jpg,2995,8715,4878,8834,5052,1,-1,bearded_seal,1,(trk-atr) age_class nonpup,(trk-atr) age_class_confidence positive,(trk-atr) species_confidence positive,
76,\\akc0ss-n086\NMML_Polar_Imagery_4\Surveys_IceSeals_2025\fl223\images_30deg_N68RF\left_view\ice_seals_2025_fl223_L_20250513_232851.496529_rgb.jpg,3056,2216,7343,2474,7589,1,-1,false_positive,1,,,,
77,\\akc0ss-n086\NMML_Polar_Imagery_4\Surveys_IceSeals_2025\fl223\images_30deg_N68RF\left_view\ice_seals_2025_fl223_L_20250513_233217.414782_rgb.jpg,3245,10265,1440,10466,1656,1,-1,false_positive,1,,,,
78,\\akc0ss-n086\NMML_Polar_Imagery_4\Surveys_IceSeals_2025\fl223\images_30deg_N68RF\left_view\ice_seals_2025_fl223_L_20250513_233217.414782_rgb.jpg,3245,10232,1414,10493,1683,1,-1,false_positive,1,,,,
79,\\akc0ss-n086\NMML_Polar_Imagery_4\Surveys_IceSeals_2025\fl223\images_30deg_N68RF\left_view\ice_seals_2025_fl223_L_20250513_233218.492147_rgb.jpg,3246,10209,9887,10431,10126,1,-1,false_positive,1,,,,
80,\\akc0ss-n086\NMML_Polar_Imagery_4\Surveys_IceSeals_2025\fl223\images_30deg_N68RF\left_view\ice_seals_2025_fl223_L_20250513_233218.492147_rgb.jpg,3246,10186,9867,10461,10147,1,-1,false_positive,1,,,,
81,\\akc0ss-n086\NMML_Polar_Imagery_4\Surveys_IceSeals_2025\fl223\images_30deg_N68RF\left_view\ice_seals_2025_fl223_L_20250513_233423.657581_rgb.jpg,3363,5792,1857,5863,2071,1,-1,bearded_seal,1,(trk-atr) age_class nonpup,(trk-atr) age_class_confidence positive,(trk-atr) species_confidence positive,
82,\\akc0ss-n086\NMML_Polar_Imagery_4\Surveys_IceSeals_2025\fl223\images_30deg_N68RF\left_view\ice_seals_2025_fl223_L_20250513_233424.720906_rgb.jpg,3364,5828,9767,6021,10060,1,-1,off_frame,1,,,,
83,\\akc0ss-n086\NMML_Polar_Imagery_4\Surveys_IceSeals_2025\fl223\images_30deg_N68RF\left_view\ice_seals_2025_fl223_L_20250513_233507.283971_rgb.jpg,3404,7414,3108,7486,3217,1,-1,ringed_seal,1,(trk-atr) age_class nonpup,(trk-atr) age_class_confidence positive,(trk-atr) species_confidence positive,
84,\\akc0ss-n086\NMML_Polar_Imagery_4\Surveys_IceSeals_2025\fl223\images_30deg_N68RF\left_view\ice_seals_2025_fl223_L_20250513_233537.953762_rgb.jpg,3433,11100,2182,11245,2327,1,-1,false_positive,1,,,,
85,\\akc0ss-n086\NMML_Polar_Imagery_4\Surveys_IceSeals_2025\fl223\images_30deg_N68RF\left_view\ice_seals_2025_fl223_L_20250513_233624.750330_rgb.jpg,3477,3833,2926,4071,3166,1,-1,false_positive,1,,,,
86,\\akc0ss-n086\NMML_Polar_Imagery_4\Surveys_IceSeals_2025\fl223\images_30deg_N68RF\left_view\ice_seals_2025_fl223_L_20250513_233647.019347_rgb.jpg,3498,2601,1111,2834,1360,1,-1,false_positive,1,,,,
87,\\akc0ss-n086\NMML_Polar_Imagery_4\Surveys_IceSeals_2025\fl223\images_30deg_N68RF\left_view\ice_seals_2025_fl223_L_20250513_233752.847439_rgb.jpg,3560,1387,5320,1476,5466,1,-1,polar_bear,1,(trk-atr) age_class noncub,(trk-atr) age_class_confidence positive,(trk-atr) species_confidence positive,
88,\\akc0ss-n086\NMML_Polar_Imagery_4\Surveys_IceSeals_2025\fl223\images_30deg_N68RF\left_view\ice_seals_2025_fl223_L_20250513_233754.979413_rgb.jpg,3562,5265,3691,5315,3775,1,-1,ringed_seal,1,(trk-atr) age_class nonpup,(trk-atr) age_class_confidence positive,(trk-atr) species_confidence positive,
89,\\akc0ss-n086\NMML_Polar_Imagery_4\Surveys_IceSeals_2025\fl223\images_30deg_N68RF\left_view\ice_seals_2025_fl223_L_20250513_233754.979413_rgb.jpg,3562,7171,6808,7223,6915,1,-1,ringed_seal,1,(trk-atr) age_class nonpup,(trk-atr) age_class_confidence positive,(trk-atr) species_confidence positive,
90,\\akc0ss-n086\NMML_Polar_Imagery_4\Surveys_IceSeals_2025\fl223\images_30deg_N68RF\left_view\ice_seals_2025_fl223_L_20250513_233754.979413_rgb.jpg,3562,7351,7176,7447,7221,1,-1,ringed_seal,1,(trk-atr) age_class nonpup,(trk-atr) age_class_confidence positive,(trk-atr) species_confidence positive,
91,\\akc0ss-n086\NMML_Polar_Imagery_4\Surveys_IceSeals_2025\fl223\images_30deg_N68RF\left_view\ice_seals_2025_fl223_L_20250513_234034.349036_rgb.jpg,3712,6412,4074,6464,4168,1,-1,ringed_seal,1,(trk-atr) age_class nonpup,(trk-atr) age_class_confidence positive,(trk-atr) species_confidence positive,
92,\\akc0ss-n086\NMML_Polar_Imagery_4\Surveys_IceSeals_2025\fl223\images_30deg_N68RF\left_view\ice_seals_2025_fl223_L_20250513_234102.947033_rgb.jpg,3739,7049,1109,7223,1311,1,-1,false_positive,1,,,,
93,\\akc0ss-n086\NMML_Polar_Imagery_4\Surveys_IceSeals_2025\fl223\images_30deg_N68RF\left_view\ice_seals_2025_fl223_L_20250513_234237.015819_rgb.jpg,3829,3879,1020,3928,1114,1,-1,ringed_seal,1,(trk-atr) age_class nonpup,(trk-atr) age_class_confidence positive,(trk-atr) species_confidence positive,
94,\\akc0ss-n086\NMML_Polar_Imagery_4\Surveys_IceSeals_2025\fl223\images_30deg_N68RF\left_view\ice_seals_2025_fl223_L_20250513_234238.042004_rgb.jpg,3830,3967,8654,4019,8750,1,-1,ringed_seal,1,(trk-atr) age_class nonpup,(trk-atr) age_class_confidence positive,(trk-atr) species_confidence positive,
95,\\akc0ss-n086\NMML_Polar_Imagery_4\Surveys_IceSeals_2025\fl223\images_30deg_N68RF\left_view\ice_seals_2025_fl223_L_20250513_234345.829024_rgb.jpg,3896,11563,3006,11745,3240,1,-1,false_positive,1,,,,
96,\\akc0ss-n086\NMML_Polar_Imagery_4\Surveys_IceSeals_2025\fl223\images_30deg_N68RF\left_view\ice_seals_2025_fl223_L_20250513_234440.810242_rgb.jpg,3948,6245,4407,6420,4627,1,-1,false_positive,1,,,,
97,\\akc0ss-n086\NMML_Polar_Imagery_4\Surveys_IceSeals_2025\fl223\images_30deg_N68RF\left_view\ice_seals_2025_fl223_L_20250513_234440.810242_rgb.jpg,3948,5601,3942,5767,4106,1,-1,false_positive,1,,,,
98,\\akc0ss-n086\NMML_Polar_Imagery_4\Surveys_IceSeals_2025\fl223\images_30deg_N68RF\left_view\ice_seals_2025_fl223_L_20250513_234454.609914_rgb.jpg,3961,9386,3432,9562,3608,1,-1,false_positive,1,,,,
99,\\akc0ss-n086\NMML_Polar_Imagery_4\Surveys_IceSeals_2025\fl223\images_30deg_N68RF\left_view\ice_seals_2025_fl223_L_20250513_234454.609914_rgb.jpg,3961,9357,3415,9575,3626,1,-1,false_positive,1,,,,
100,\\akc0ss-n086\NMML_Polar_Imagery_4\Surveys_IceSeals_2025\fl223\images_30deg_N68RF\left_view\ice_seals_2025_fl223_L_20250513_234513.749849_rgb.jpg,3979,7712,3812,7945,4014,1,-1,false_positive,1,,,,
101,\\akc0ss-n086\NMML_Polar_Imagery_4\Surveys_IceSeals_2025\fl223\images_30deg_N68RF\left_view\ice_seals_2025_fl223_L_20250513_234528.707299_rgb.jpg,3993,5459,7333,5651,7497,1,-1,false_positive,1,,,,
102,\\akc0ss-n086\NMML_Polar_Imagery_4\Surveys_IceSeals_2025\fl223\images_30deg_N68RF\left_view\ice_seals_2025_fl223_L_20250513_234702.263920_rgb.jpg,4080,668,7495,745,7674,1,-1,bearded_seal,1,(trk-atr) age_class nonpup,(trk-atr) age_class_confidence positive,(trk-atr) species_confidence positive,
103,\\akc0ss-n086\NMML_Polar_Imagery_4\Surveys_IceSeals_2025\fl223\images_30deg_N68RF\left_view\ice_seals_2025_fl223_L_20250513_234708.740324_rgb.jpg,4086,2259,6050,2438,6233,1,-1,false_positive,1,,,,
104,\\akc0ss-n086\NMML_Polar_Imagery_4\Surveys_IceSeals_2025\fl223\images_30deg_N68RF\left_view\ice_seals_2025_fl223_L_20250513_234825.515156_rgb.jpg,4157,11176,4832,11282,4923,1,-1,ringed_seal,1,(trk-atr) age_class nonpup,(trk-atr) age_class_confidence positive,(trk-atr) species_confidence likely,
105,\\akc0ss-n086\NMML_Polar_Imagery_4\Surveys_IceSeals_2025\fl223\images_30deg_N68RF\left_view\ice_seals_2025_fl223_L_20250513_234825.515156_rgb.jpg,4157,3764,4521,3832,4562,1,-1,ringed_seal,1,(trk-atr) age_class nonpup,(trk-atr) age_class_confidence positive,(trk-atr) species_confidence likely,
106,\\akc0ss-n086\NMML_Polar_Imagery_4\Surveys_IceSeals_2025\fl223\images_30deg_N68RF\left_view\ice_seals_2025_fl223_L_20250513_234918.756668_rgb.jpg,4206,5508,2538,5546,2628,1,-1,ringed_seal,1,(trk-atr) age_class nonpup,(trk-atr) age_class_confidence positive,(trk-atr) species_confidence positive,
107,\\akc0ss-n086\NMML_Polar_Imagery_4\Surveys_IceSeals_2025\fl223\images_30deg_N68RF\left_view\ice_seals_2025_fl223_L_20250513_235011.745517_rgb.jpg,4255,10564,6086,10638,6162,1,-1,ringed_seal,1,(trk-atr) age_class nonpup,(trk-atr) age_class_confidence positive,(trk-atr) species_confidence positive,
108,\\akc0ss-n086\NMML_Polar_Imagery_4\Surveys_IceSeals_2025\fl223\images_30deg_N68RF\left_view\ice_seals_2025_fl223_L_20250513_235203.849915_rgb.jpg,4298,6143,7561,6325,7746,1,-1,false_positive,1,,,,
109,\\akc0ss-n086\NMML_Polar_Imagery_4\Surveys_IceSeals_2025\fl223\images_30deg_N68RF\left_view\ice_seals_2025_fl223_L_20250513_235249.386816_rgb.jpg,4341,1557,2525,1620,2579,1,-1,ringed_seal,1,(trk-atr) age_class nonpup,(trk-atr) age_class_confidence positive,(trk-atr) species_confidence likely,
110,\\akc0ss-n086\NMML_Polar_Imagery_4\Surveys_IceSeals_2025\fl223\images_30deg_N68RF\left_view\ice_seals_2025_fl223_L_20250513_235250.444664_rgb.jpg,4342,1945,9652,2102,9810,1,-1,off_frame,1,,,,
111,\\akc0ss-n086\NMML_Polar_Imagery_4\Surveys_IceSeals_2025\fl223\images_30deg_N68RF\left_view\ice_seals_2025_fl223_L_20250513_235316.844949_rgb.jpg,4367,1129,6105,1280,6196,1,-1,bearded_seal,1,(trk-atr) age_class nonpup,(trk-atr) age_class_confidence positive,(trk-atr) species_confidence positive,
112,\\akc0ss-n086\NMML_Polar_Imagery_4\Surveys_IceSeals_2025\fl223\images_30deg_N68RF\left_view\ice_seals_2025_fl223_L_20250513_235338.995261_rgb.jpg,4388,8009,3889,8058,3985,1,-1,ringed_seal,1,(trk-atr) age_class nonpup,(trk-atr) age_class_confidence positive,(trk-atr) species_confidence positive,
113,\\akc0ss-n086\NMML_Polar_Imagery_4\Surveys_IceSeals_2025\fl223\images_30deg_N68RF\left_view\ice_seals_2025_fl223_L_20250513_235338.995261_rgb.jpg,4388,10582,5467,10632,5568,1,-1,ringed_seal,1,(trk-atr) age_class nonpup,(trk-atr) age_class_confidence positive,(trk-atr) species_confidence positive,
114,\\akc0ss-n086\NMML_Polar_Imagery_4\Surveys_IceSeals_2025\fl223\images_30deg_N68RF\left_view\ice_seals_2025_fl223_L_20250513_235338.995261_rgb.jpg,4388,9636,4865,9698,4972,1,-1,ringed_seal,1,(trk-atr) age_class nonpup,(trk-atr) age_class_confidence positive,(trk-atr) species_confidence positive,
115,\\akc0ss-n086\NMML_Polar_Imagery_4\Surveys_IceSeals_2025\fl223\images_30deg_N68RF\left_view\ice_seals_2025_fl223_L_20250513_235338.995261_rgb.jpg,4388,11061,5707,11146,5758,1,-1,ringed_seal,1,(trk-atr) age_class nonpup,(trk-atr) age_class_confidence positive,(trk-atr) species_confidence positive,
116,\\akc0ss-n086\NMML_Polar_Imagery_4\Surveys_IceSeals_2025\fl223\images_30deg_N68RF\left_view\ice_seals_2025_fl223_L_20250513_235341.102799_rgb.jpg,4390,6589,391,6661,564,1,-1,bearded_seal,1,(trk-atr) age_class nonpup,(trk-atr) age_class_confidence positive,(trk-atr) species_confidence positive,
117,\\akc0ss-n086\NMML_Polar_Imagery_4\Surveys_IceSeals_2025\fl223\images_30deg_N68RF\left_view\ice_seals_2025_fl223_L_20250513_235342.155685_rgb.jpg,4391,8415,8292,8492,8461,1,-1,bearded_seal,1,(trk-atr) age_class nonpup,(trk-atr) age_class_confidence positive,(trk-atr) species_confidence positive,
118,\\akc0ss-n086\NMML_Polar_Imagery_4\Surveys_IceSeals_2025\fl223\images_30deg_N68RF\left_view\ice_seals_2025_fl223_L_20250513_235342.155685_rgb.jpg,4391,7037,8361,7108,8528,1,-1,bearded_seal,1,(trk-atr) age_class nonpup,(trk-atr) age_class_confidence positive,(trk-atr) species_confidence positive,
119,\\akc0ss-n086\NMML_Polar_Imagery_4\Surveys_IceSeals_2025\fl223\images_30deg_N68RF\left_view\ice_seals_2025_fl223_L_20250513_235437.900254_rgb.jpg,4444,1998,6451,2209,6661,1,-1,false_positive,1,,,,
120,\\akc0ss-n086\NMML_Polar_Imagery_4\Surveys_IceSeals_2025\fl223\images_30deg_N68RF\left_view\ice_seals_2025_fl223_L_20250513_235500.962873_rgb.jpg,4466,4709,4020,4751,4110,1,-1,ringed_seal,1,(trk-atr) age_class nonpup,(trk-atr) age_class_confidence positive,(trk-atr) species_confidence guess,
121,\\akc0ss-n086\NMML_Polar_Imagery_4\Surveys_IceSeals_2025\fl223\images_30deg_N68RF\left_view\ice_seals_2025_fl223_L_20250513_235520.817476_rgb.jpg,4485,11562,2784,11612,2891,1,-1,ringed_seal,1,(trk-atr) age_class nonpup,(trk-atr) age_class_confidence positive,(trk-atr) species_confidence positive,
122,\\akc0ss-n086\NMML_Polar_Imagery_4\Surveys_IceSeals_2025\fl223\images_30deg_N68RF\left_view\ice_seals_2025_fl223_L_20250513_235602.639040_rgb.jpg,4525,9143,9429,9313,9626,1,-1,false_positive,1,,,,
123,\\akc0ss-n086\NMML_Polar_Imagery_4\Surveys_IceSeals_2025\fl223\images_30deg_N68RF\left_view\ice_seals_2025_fl223_L_20250513_235607.858249_rgb.jpg,4530,6678,494,6801,616,1,-1,bearded_seal,1,(trk-atr) age_class nonpup,(trk-atr) age_class_confidence positive,(trk-atr) species_confidence positive,
124,\\akc0ss-n086\NMML_Polar_Imagery_4\Surveys_IceSeals_2025\fl223\images_30deg_N68RF\left_view\ice_seals_2025_fl223_L_20250513_235608.902636_rgb.jpg,4531,6945,8513,7061,8618,1,-1,bearded_seal,1,(trk-atr) age_class nonpup,(trk-atr) age_class_confidence positive,(trk-atr) species_confidence positive,
125,\\akc0ss-n086\NMML_Polar_Imagery_4\Surveys_IceSeals_2025\fl223\images_30deg_N68RF\left_view\ice_seals_2025_fl223_L_20250513_235615.166435_rgb.jpg,4537,5893,1697,6099,1896,1,-1,false_positive,1,,,,
126,\\akc0ss-n086\NMML_Polar_Imagery_4\Surveys_IceSeals_2025\fl223\images_30deg_N68RF\left_view\ice_seals_2025_fl223_L_20250513_235622.463624_rgb.jpg,4544,2424,3043,2633,3312,1,-1,false_positive,1,,,,
127,\\akc0ss-n086\NMML_Polar_Imagery_4\Surveys_IceSeals_2025\fl223\images_30deg_N68RF\left_view\ice_seals_2025_fl223_L_20250513_235655.870032_rgb.jpg,4576,9696,5608,9897,5883,1,-1,false_positive,1,,,,
128,\\akc0ss-n086\NMML_Polar_Imagery_4\Surveys_IceSeals_2025\fl223\images_30deg_N68RF\left_view\ice_seals_2025_fl223_L_20250513_235752.457622_rgb.jpg,4630,6003,5414,6178,5572,1,-1,false_positive,1,,,,
129,\\akc0ss-n086\NMML_Polar_Imagery_4\Surveys_IceSeals_2025\fl223\images_30deg_N68RF\left_view\ice_seals_2025_fl223_L_20250513_235950.906224_rgb.jpg,4742,11562,2075,11742,2230,1,-1,false_positive,1,,,,
130,\\akc0ss-n086\NMML_Polar_Imagery_4\Surveys_IceSeals_2025\fl223\images_30deg_N68RF\left_view\ice_seals_2025_fl223_L_20250514_000010.038542_rgb.jpg,4760,2389,878,2572,1065,1,-1,false_positive,1,,,,
131,\\akc0ss-n086\NMML_Polar_Imagery_4\Surveys_IceSeals_2025\fl223\images_30deg_N68RF\left_view\ice_seals_2025_fl223_L_20250514_000037.761713_rgb.jpg,4786,2004,4975,2078,5027,1,-1,ringed_seal,1,(trk-atr) age_class nonpup,(trk-atr) age_class_confidence positive,(trk-atr) species_confidence likely,
132,\\akc0ss-n086\NMML_Polar_Imagery_4\Surveys_IceSeals_2025\fl223\images_30deg_N68RF\left_view\ice_seals_2025_fl223_L_20250514_000109.769392_rgb.jpg,4816,5249,4420,5320,4465,1,-1,ringed_seal,1,(trk-atr) age_class nonpup,(trk-atr) age_class_confidence positive,(trk-atr) species_confidence positive,
133,\\akc0ss-n086\NMML_Polar_Imagery_4\Surveys_IceSeals_2025\fl223\images_30deg_N68RF\left_view\ice_seals_2025_fl223_L_20250514_000125.774436_rgb.jpg,4831,3315,1916,3554,2155,1,-1,false_positive,1,,,,
134,\\akc0ss-n086\NMML_Polar_Imagery_4\Surveys_IceSeals_2025\fl223\images_30deg_N68RF\left_view\ice_seals_2025_fl223_L_20250514_000156.762350_rgb.jpg,4860,6830,6893,6914,6962,1,-1,bearded_seal,1,(trk-atr) age_class pup,(trk-atr) age_class_confidence guess,(trk-atr) species_confidence likely,
135,\\akc0ss-n086\NMML_Polar_Imagery_4\Surveys_IceSeals_2025\fl223\images_30deg_N68RF\left_view\ice_seals_2025_fl223_L_20250514_000253.467025_rgb.jpg,4913,1539,1550,1743,1748,1,-1,false_positive,1,,,,
136,\\akc0ss-n086\NMML_Polar_Imagery_4\Surveys_IceSeals_2025\fl223\images_30deg_N68RF\left_view\ice_seals_2025_fl223_L_20250514_000254.536348_rgb.jpg,4914,1684,8671,1890,8857,1,-1,false_positive,1,,,,
137,\\akc0ss-n086\NMML_Polar_Imagery_4\Surveys_IceSeals_2025\fl223\images_30deg_N68RF\left_view\ice_seals_2025_fl223_L_20250514_000319.094261_rgb.jpg,4937,2345,9109,2551,9347,1,-1,false_positive,1,,,,
138,\\akc0ss-n086\NMML_Polar_Imagery_4\Surveys_IceSeals_2025\fl223\images_30deg_N68RF\left_view\ice_seals_2025_fl223_L_20250514_000326.560533_rgb.jpg,4944,9245,1203,9428,1453,1,-1,false_positive,1,,,,
139,\\akc0ss-n086\NMML_Polar_Imagery_4\Surveys_IceSeals_2025\fl223\images_30deg_N68RF\left_view\ice_seals_2025_fl223_L_20250514_000327.626354_rgb.jpg,4945,9472,9486,9666,9744,1,-1,off_frame,1,,,,
140,\\akc0ss-n086\NMML_Polar_Imagery_4\Surveys_IceSeals_2025\fl223\images_30deg_N68RF\left_view\ice_seals_2025_fl223_L_20250514_000354.298823_rgb.jpg,4970,1174,4959,1395,5314,1,-1,false_positive,1,,,,
141,\\akc0ss-n086\NMML_Polar_Imagery_4\Surveys_IceSeals_2025\fl223\images_30deg_N68RF\left_view\ice_seals_2025_fl223_L_20250514_000356.435576_rgb.jpg,4972,6339,2793,6521,2977,1,-1,false_positive,1,,,,
142,\\akc0ss-n086\NMML_Polar_Imagery_4\Surveys_IceSeals_2025\fl223\images_30deg_N68RF\left_view\ice_seals_2025_fl223_L_20250514_000402.844980_rgb.jpg,4978,12725,5216,12854,5433,1,-1,off_frame,1,,,,
143,\\akc0ss-n086\NMML_Polar_Imagery_4\Surveys_IceSeals_2025\fl223\images_30deg_N68RF\left_view\ice_seals_2025_fl223_L_20250514_000404.981230_rgb.jpg,4980,11487,4106,11706,4335,1,-1,false_positive,1,,,,
144,\\akc0ss-n086\NMML_Polar_Imagery_4\Surveys_IceSeals_2025\fl223\images_30deg_N68RF\left_view\ice_seals_2025_fl223_L_20250514_000421.014810_rgb.jpg,4995,12347,5519,12557,5639,1,-1,bearded_seal,1,(trk-atr) age_class nonpup,(trk-atr) age_class_confidence positive,(trk-atr) species_confidence positive,
145,\\akc0ss-n086\NMML_Polar_Imagery_4\Surveys_IceSeals_2025\fl223\images_30deg_N68RF\left_view\ice_seals_2025_fl223_L_20250514_000517.685046_rgb.jpg,5048,2957,7429,3067,7523,1,-1,bearded_seal,1,(trk-atr) age_class nonpup,(trk-atr) age_class_confidence guess,(trk-atr) species_confidence likely,
146,\\akc0ss-n086\NMML_Polar_Imagery_4\Surveys_IceSeals_2025\fl223\images_30deg_N68RF\left_view\ice_seals_2025_fl223_L_20250514_000602.655167_rgb.jpg,5090,3763,2332,3951,2552,1,-1,false_positive,1,,,,
147,\\akc0ss-n086\NMML_Polar_Imagery_4\Surveys_IceSeals_2025\fl223\images_30deg_N68RF\left_view\ice_seals_2025_fl223_L_20250514_000607.996524_rgb.jpg,5095,3831,3925,4052,4200,1,-1,false_positive,1,,,,
148,\\akc0ss-n086\NMML_Polar_Imagery_4\Surveys_IceSeals_2025\fl223\images_30deg_N68RF\left_view\ice_seals_2025_fl223_L_20250514_000650.617949_rgb.jpg,5134,3579,6501,3650,6535,1,-1,ringed_seal,1,(trk-atr) age_class nonpup,(trk-atr) age_class_confidence positive,(trk-atr) species_confidence positive,
149,\\akc0ss-n086\NMML_Polar_Imagery_4\Surveys_IceSeals_2025\fl223\images_30deg_N68RF\left_view\ice_seals_2025_fl223_L_20250514_000713.843677_rgb.jpg,5155,4320,4152,4379,4242,1,-1,ringed_seal,1,(trk-atr) age_class nonpup,(trk-atr) age_class_confidence positive,(trk-atr) species_confidence positive,(trk-atr) flag interesting
150,\\akc0ss-n086\NMML_Polar_Imagery_4\Surveys_IceSeals_2025\fl223\images_30deg_N68RF\left_view\ice_seals_2025_fl223_L_20250514_000805.758279_rgb.jpg,5202,5269,6141,5313,6241,1,-1,ringed_seal,1,(trk-atr) age_class nonpup,(trk-atr) age_class_confidence positive,(trk-atr) species_confidence positive,
151,\\akc0ss-n086\NMML_Polar_Imagery_4\Surveys_IceSeals_2025\fl223\images_30deg_N68RF\left_view\ice_seals_2025_fl223_L_20250514_000816.819890_rgb.jpg,5212,11184,2381,11356,2521,1,-1,bearded_seal,1,(trk-atr) age_class nonpup,(trk-atr) age_class_confidence positive,(trk-atr) species_confidence positive,
152,\\akc0ss-n086\NMML_Polar_Imagery_4\Surveys_IceSeals_2025\fl223\images_30deg_N68RF\left_view\ice_seals_2025_fl223_L_20250514_000817.926021_rgb.jpg,5213,10591,2580,10644,2695,1,-1,ringed_seal,1,(trk-atr) age_class nonpup,(trk-atr) age_class_confidence positive,(trk-atr) species_confidence positive,
153,\\akc0ss-n086\NMML_Polar_Imagery_4\Surveys_IceSeals_2025\fl223\images_30deg_N68RF\left_view\ice_seals_2025_fl223_L_20250514_000824.559357_rgb.jpg,5219,6587,4081,6628,4177,1,-1,ringed_seal,1,(trk-atr) age_class nonpup,(trk-atr) age_class_confidence positive,(trk-atr) species_confidence positive,
154,\\akc0ss-n086\NMML_Polar_Imagery_4\Surveys_IceSeals_2025\fl223\images_30deg_N68RF\left_view\ice_seals_2025_fl223_L_20250514_000907.704610_rgb.jpg,5258,1928,7381,2017,7535,1,-1,bearded_seal,1,(trk-atr) age_class nonpup,(trk-atr) age_class_confidence positive,(trk-atr) species_confidence positive,
155,\\akc0ss-n086\NMML_Polar_Imagery_4\Surveys_IceSeals_2025\fl223\images_30deg_N68RF\left_view\ice_seals_2025_fl223_L_20250514_000951.925828_rgb.jpg,5298,6659,7592,6848,7878,1,-1,false_positive,1,,,,
156,\\akc0ss-n086\NMML_Polar_Imagery_4\Surveys_IceSeals_2025\fl223\images_30deg_N68RF\left_view\ice_seals_2025_fl223_L_20250514_000959.662055_rgb.jpg,5305,3647,5780,3805,5923,1,-1,false_positive,1,,,,
157,\\akc0ss-n086\NMML_Polar_Imagery_4\Surveys_IceSeals_2025\fl223\images_30deg_N68RF\left_view\ice_seals_2025_fl223_L_20250514_001005.188811_rgb.jpg,5310,3911,3095,4113,3279,1,-1,false_positive,1,,,,
158,\\akc0ss-n086\NMML_Polar_Imagery_4\Surveys_IceSeals_2025\fl223\images_30deg_N68RF\left_view\ice_seals_2025_fl223_L_20250514_001032.861668_rgb.jpg,5335,10326,5260,10455,5449,1,-1,bearded_seal,1,(trk-atr) age_class nonpup,(trk-atr) age_class_confidence positive,(trk-atr) species_confidence positive,
159,\\akc0ss-n086\NMML_Polar_Imagery_4\Surveys_IceSeals_2025\fl223\images_30deg_N68RF\left_view\ice_seals_2025_fl223_L_20250514_001032.861668_rgb.jpg,5335,11278,5761,11452,5870,1,-1,bearded_seal,1,(trk-atr) age_class nonpup,(trk-atr) age_class_confidence positive,(trk-atr) species_confidence positive,
160,\\akc0ss-n086\NMML_Polar_Imagery_4\Surveys_IceSeals_2025\fl223\images_30deg_N68RF\left_view\ice_seals_2025_fl223_L_20250514_001039.508891_rgb.jpg,5341,9567,5864,9631,6044,1,-1,bearded_seal,1,(trk-atr) age_class nonpup,(trk-atr) age_class_confidence positive,(trk-atr) species_confidence positive,
161,\\akc0ss-n086\NMML_Polar_Imagery_4\Surveys_IceSeals_2025\fl223\images_30deg_N68RF\left_view\ice_seals_2025_fl223_L_20250514_001052.789132_rgb.jpg,5353,4537,3465,4610,3531,1,-1,ringed_seal,1,(trk-atr) age_class nonpup,(trk-atr) age_class_confidence positive,(trk-atr) species_confidence positive,
162,\\akc0ss-n086\NMML_Polar_Imagery_4\Surveys_IceSeals_2025\fl223\images_30deg_N68RF\left_view\ice_seals_2025_fl223_L_20250514_001103.853560_rgb.jpg,5363,2226,6613,2332,6774,1,-1,bearded_seal,1,(trk-atr) age_class nonpup,(trk-atr) age_class_confidence positive,(trk-atr) species_confidence positive,
163,\\akc0ss-n086\NMML_Polar_Imagery_4\Surveys_IceSeals_2025\fl223\images_30deg_N68RF\left_view\ice_seals_2025_fl223_L_20250514_001113.796664_rgb.jpg,5372,12589,1893,12782,2128,1,-1,false_positive,1,,,,
164,\\akc0ss-n086\NMML_Polar_Imagery_4\Surveys_IceSeals_2025\fl223\images_30deg_N68RF\left_view\ice_seals_2025_fl223_L_20250514_001122.629599_rgb.jpg,5380,6171,6632,6371,6854,1,-1,false_positive,1,,,,
165,\\akc0ss-n086\NMML_Polar_Imagery_4\Surveys_IceSeals_2025\fl223\images_30deg_N68RF\left_view\ice_seals_2025_fl223_L_20250514_001127.049807_rgb.jpg,5384,6295,9834,6515,10023,1,-1,off_frame,1,,,,
166,\\akc0ss-n086\NMML_Polar_Imagery_4\Surveys_IceSeals_2025\fl223\images_30deg_N68RF\left_view\ice_seals_2025_fl223_L_20250514_001130.361470_rgb.jpg,5387,4839,2705,4862,2764,1,-1,ringed_seal,1,(trk-atr) age_class nonpup,(trk-atr) age_class_confidence positive,(trk-atr) species_confidence positive,
167,\\akc0ss-n086\NMML_Polar_Imagery_4\Surveys_IceSeals_2025\fl223\images_30deg_N68RF\left_view\ice_seals_2025_fl223_L_20250514_001131.462157_rgb.jpg,5388,3646,6419,3903,6628,1,-1,false_positive,1,,,,
168,\\akc0ss-n086\NMML_Polar_Imagery_4\Surveys_IceSeals_2025\fl223\images_30deg_N68RF\left_view\ice_seals_2025_fl223_L_20250514_001131.462157_rgb.jpg,5388,5019,9190,5039,9244,1,-1,ringed_seal,1,(trk-atr) age_class nonpup,(trk-atr) age_class_confidence positive,(trk-atr) species_confidence positive,
169,\\akc0ss-n086\NMML_Polar_Imagery_4\Surveys_IceSeals_2025\fl223\images_30deg_N68RF\left_view\ice_seals_2025_fl223_L_20250514_001133.658989_rgb.jpg,5390,8334,9190,8534,9489,1,-1,false_positive,1,,,,
170,\\akc0ss-n086\NMML_Polar_Imagery_4\Surveys_IceSeals_2025\fl223\images_30deg_N68RF\left_view\ice_seals_2025_fl223_L_20250514_001145.743925_rgb.jpg,5401,5047,4482,5228,4768,1,-1,false_positive,1,,,,
171,\\akc0ss-n086\NMML_Polar_Imagery_4\Surveys_IceSeals_2025\fl223\images_30deg_N68RF\left_view\ice_seals_2025_fl223_L_20250514_001149.040326_rgb.jpg,5404,8986,4670,9199,4883,1,-1,false_positive,1,,,,
172,\\akc0ss-n086\NMML_Polar_Imagery_4\Surveys_IceSeals_2025\fl223\images_30deg_N68RF\left_view\ice_seals_2025_fl223_L_20250514_001149.040326_rgb.jpg,5404,9026,4768,9241,5004,1,-1,false_positive,1,,,,
173,\\akc0ss-n086\NMML_Polar_Imagery_4\Surveys_IceSeals_2025\fl223\images_30deg_N68RF\left_view\ice_seals_2025_fl223_L_20250514_001206.471714_rgb.jpg,5420,5166,6037,5364,6233,1,-1,false_positive,1,,,,
174,\\akc0ss-n086\NMML_Polar_Imagery_4\Surveys_IceSeals_2025\fl223\images_30deg_N68RF\left_view\ice_seals_2025_fl223_L_20250514_001209.721374_rgb.jpg,5423,1932,5307,2133,5510,1,-1,false_positive,1,,,,
175,\\akc0ss-n086\NMML_Polar_Imagery_4\Surveys_IceSeals_2025\fl223\images_30deg_N68RF\left_view\ice_seals_2025_fl223_L_20250514_001211.887332_rgb.jpg,5425,12693,7648,12897,7851,1,-1,false_positive,1,,,,
176,\\akc0ss-n086\NMML_Polar_Imagery_4\Surveys_IceSeals_2025\fl223\images_30deg_N68RF\left_view\ice_seals_2025_fl223_L_20250514_001212.969578_rgb.jpg,5426,4054,1701,4274,1908,1,-1,false_positive,1,,,,
177,\\akc0ss-n086\NMML_Polar_Imagery_4\Surveys_IceSeals_2025\fl223\images_30deg_N68RF\left_view\ice_seals_2025_fl223_L_20250514_001216.214535_rgb.jpg,5429,3218,4586,3409,4831,1,-1,false_positive,1,,,,
178,\\akc0ss-n086\NMML_Polar_Imagery_4\Surveys_IceSeals_2025\fl223\images_30deg_N68RF\left_view\ice_seals_2025_fl223_L_20250514_001217.295202_rgb.jpg,5430,4049,6188,4283,6466,1,-1,false_positive,1,,,,
179,\\akc0ss-n086\NMML_Polar_Imagery_4\Surveys_IceSeals_2025\fl223\images_30deg_N68RF\left_view\ice_seals_2025_fl223_L_20250514_001218.374891_rgb.jpg,5431,10912,1674,11138,1905,1,-1,false_positive,1,,,,
180,\\akc0ss-n086\NMML_Polar_Imagery_4\Surveys_IceSeals_2025\fl223\images_30deg_N68RF\left_view\ice_seals_2025_fl223_L_20250514_001218.374891_rgb.jpg,5431,10869,1686,11136,1937,1,-1,false_positive,1,,,,
181,\\akc0ss-n086\NMML_Polar_Imagery_4\Surveys_IceSeals_2025\fl223\images_30deg_N68RF\left_view\ice_seals_2025_fl223_L_20250514_001226.994226_rgb.jpg,5439,4802,5038,5039,5277,1,-1,false_positive,1,,,,
182,\\akc0ss-n086\NMML_Polar_Imagery_4\Surveys_IceSeals_2025\fl223\images_30deg_N68RF\left_view\ice_seals_2025_fl223_L_20250514_001231.301295_rgb.jpg,5443,10746,7328,10928,7510,1,-1,false_positive,1,,,,
183,\\akc0ss-n086\NMML_Polar_Imagery_4\Surveys_IceSeals_2025\fl223\images_30deg_N68RF\left_view\ice_seals_2025_fl223_L_20250514_001239.883866_rgb.jpg,5451,4989,1390,5188,1620,1,-1,false_positive,1,,,,
184,\\akc0ss-n086\NMML_Polar_Imagery_4\Surveys_IceSeals_2025\fl223\images_30deg_N68RF\left_view\ice_seals_2025_fl223_L_20250514_001248.450081_rgb.jpg,5459,9692,7179,9898,7364,1,-1,false_positive,1,,,,
185,\\akc0ss-n086\NMML_Polar_Imagery_4\Surveys_IceSeals_2025\fl223\images_30deg_N68RF\left_view\ice_seals_2025_fl223_L_20250514_001250.590132_rgb.jpg,5461,11737,4345,11946,4609,1,-1,false_positive,1,,,,
186,\\akc0ss-n086\NMML_Polar_Imagery_4\Surveys_IceSeals_2025\fl223\images_30deg_N68RF\left_view\ice_seals_2025_fl223_L_20250514_001311.988527_rgb.jpg,5481,9749,5238,10002,5432,1,-1,false_positive,1,,,,
187,\\akc0ss-n086\NMML_Polar_Imagery_4\Surveys_IceSeals_2025\fl223\images_30deg_N68RF\left_view\ice_seals_2025_fl223_L_20250514_001323.728244_rgb.jpg,5492,9581,1103,9845,1336,1,-1,false_positive,1,,,,
188,\\akc0ss-n086\NMML_Polar_Imagery_4\Surveys_IceSeals_2025\fl223\images_30deg_N68RF\left_view\ice_seals_2025_fl223_L_20250514_001324.795511_rgb.jpg,5493,9457,9492,9706,9720,1,-1,off_frame,1,,,,
189,\\akc0ss-n086\NMML_Polar_Imagery_4\Surveys_IceSeals_2025\fl223\images_30deg_N68RF\left_view\ice_seals_2025_fl223_L_20250514_001326.927741_rgb.jpg,5495,2842,6647,3125,6954,1,-1,false_positive,1,,,,
190,\\akc0ss-n086\NMML_Polar_Imagery_4\Surveys_IceSeals_2025\fl223\images_30deg_N68RF\left_view\ice_seals_2025_fl223_L_20250514_001326.927741_rgb.jpg,5495,2408,7622,2619,7893,1,-1,false_positive,1,,,,
191,\\akc0ss-n086\NMML_Polar_Imagery_4\Surveys_IceSeals_2025\fl223\images_30deg_N68RF\left_view\ice_seals_2025_fl223_L_20250514_001336.536206_rgb.jpg,5504,11952,6432,12185,6800,1,-1,false_positive,1,,,,
192,\\akc0ss-n086\NMML_Polar_Imagery_4\Surveys_IceSeals_2025\fl223\images_30deg_N68RF\left_view\ice_seals_2025_fl223_L_20250514_001337.605210_rgb.jpg,5505,10206,2885,10431,3109,1,-1,false_positive,1,,,,
193,\\akc0ss-n086\NMML_Polar_Imagery_4\Surveys_IceSeals_2025\fl223\images_30deg_N68RF\left_view\ice_seals_2025_fl223_L_20250514_001338.674118_rgb.jpg,5506,9450,6133,9686,6330,1,-1,false_positive,1,,,,
194,\\akc0ss-n086\NMML_Polar_Imagery_4\Surveys_IceSeals_2025\fl223\images_30deg_N68RF\left_view\ice_seals_2025_fl223_L_20250514_001342.948962_rgb.jpg,5510,2060,3520,2262,3740,1,-1,false_positive,1,,,,
195,\\akc0ss-n086\NMML_Polar_Imagery_4\Surveys_IceSeals_2025\fl223\images_30deg_N68RF\left_view\ice_seals_2025_fl223_L_20250514_001342.948962_rgb.jpg,5510,2033,3497,2283,3764,1,-1,false_positive,1,,,,
196,\\akc0ss-n086\NMML_Polar_Imagery_4\Surveys_IceSeals_2025\fl223\images_30deg_N68RF\left_view\ice_seals_2025_fl223_L_20250514_001350.441668_rgb.jpg,5517,5274,2380,5505,2598,1,-1,false_positive,1,,,,
197,\\akc0ss-n086\NMML_Polar_Imagery_4\Surveys_IceSeals_2025\fl223\images_30deg_N68RF\left_view\ice_seals_2025_fl223_L_20250514_001351.513334_rgb.jpg,5518,5968,9860,6195,10122,1,-1,off_frame,1,,,,
198,\\akc0ss-n086\NMML_Polar_Imagery_4\Surveys_IceSeals_2025\fl223\images_30deg_N68RF\left_view\ice_seals_2025_fl223_L_20250514_001353.653774_rgb.jpg,5520,1852,5399,2116,5608,1,-1,false_positive,1,,,,
199,\\akc0ss-n086\NMML_Polar_Imagery_4\Surveys_IceSeals_2025\fl223\images_30deg_N68RF\left_view\ice_seals_2025_fl223_L_20250514_001353.653774_rgb.jpg,5520,3245,2209,3463,2430,1,-1,false_positive,1,,,,
200,\\akc0ss-n086\NMML_Polar_Imagery_4\Surveys_IceSeals_2025\fl223\images_30deg_N68RF\left_view\ice_seals_2025_fl223_L_20250514_001354.722177_rgb.jpg,5521,8053,590,8240,789,1,-1,false_positive,1,,,,
201,\\akc0ss-n086\NMML_Polar_Imagery_4\Surveys_IceSeals_2025\fl223\images_30deg_N68RF\left_view\ice_seals_2025_fl223_L_20250514_001354.722177_rgb.jpg,5521,8030,573,8266,812,1,-1,false_positive,1,,,,
202,\\akc0ss-n086\NMML_Polar_Imagery_4\Surveys_IceSeals_2025\fl223\images_30deg_N68RF\left_view\ice_seals_2025_fl223_L_20250514_001355.789625_rgb.jpg,5522,7959,8767,8156,8988,1,-1,false_positive,1,,,,
203,\\akc0ss-n086\NMML_Polar_Imagery_4\Surveys_IceSeals_2025\fl223\images_30deg_N68RF\left_view\ice_seals_2025_fl223_L_20250514_001355.789625_rgb.jpg,5522,7880,8764,8153,9017,1,-1,false_positive,1,,,,
204,\\akc0ss-n086\NMML_Polar_Imagery_4\Surveys_IceSeals_2025\fl223\images_30deg_N68RF\left_view\ice_seals_2025_fl223_L_20250514_001356.856610_rgb.jpg,5523,7922,7261,8160,7477,1,-1,false_positive,1,,,,
205,\\akc0ss-n086\NMML_Polar_Imagery_4\Surveys_IceSeals_2025\fl223\images_30deg_N68RF\left_view\ice_seals_2025_fl223_L_20250514_001356.856610_rgb.jpg,5523,7980,7289,8255,7491,1,-1,false_positive,1,,,,
206,\\akc0ss-n086\NMML_Polar_Imagery_4\Surveys_IceSeals_2025\fl223\images_30deg_N68RF\left_view\ice_seals_2025_fl223_L_20250514_001356.856610_rgb.jpg,5523,8037,7311,8271,7496,1,-1,false_positive,1,,,,
207,\\akc0ss-n086\NMML_Polar_Imagery_4\Surveys_IceSeals_2025\fl223\images_30deg_N68RF\left_view\ice_seals_2025_fl223_L_20250514_001400.056608_rgb.jpg,5526,5617,5847,5799,6051,1,-1,false_positive,1,,,,
208,\\akc0ss-n086\NMML_Polar_Imagery_4\Surveys_IceSeals_2025\fl223\images_30deg_N68RF\left_view\ice_seals_2025_fl223_L_20250514_001400.056608_rgb.jpg,5526,2684,5771,2895,6030,1,-1,false_positive,1,,,,
209,\\akc0ss-n086\NMML_Polar_Imagery_4\Surveys_IceSeals_2025\fl223\images_30deg_N68RF\left_view\ice_seals_2025_fl223_L_20250514_001410.734038_rgb.jpg,5536,6074,3551,6287,3830,1,-1,false_positive,1,,,,
210,\\akc0ss-n086\NMML_Polar_Imagery_4\Surveys_IceSeals_2025\fl223\images_30deg_N68RF\left_view\ice_seals_2025_fl223_L_20250514_001410.734038_rgb.jpg,5536,11470,6051,11667,6252,1,-1,false_positive,1,,,,
211,\\akc0ss-n086\NMML_Polar_Imagery_4\Surveys_IceSeals_2025\fl223\images_30deg_N68RF\left_view\ice_seals_2025_fl223_L_20250514_001410.734038_rgb.jpg,5536,5359,4401,5613,4708,1,-1,false_positive,1,,,,
212,\\akc0ss-n086\NMML_Polar_Imagery_4\Surveys_IceSeals_2025\fl223\images_30deg_N68RF\left_view\ice_seals_2025_fl223_L_20250514_001413.937297_rgb.jpg,5539,6634,3153,6831,3425,1,-1,false_positive,1,,,,
213,\\akc0ss-n086\NMML_Polar_Imagery_4\Surveys_IceSeals_2025\fl223\images_30deg_N68RF\left_view\ice_seals_2025_fl223_L_20250514_001415.004406_rgb.jpg,5540,4725,3398,4966,3716,1,-1,false_positive,1,,,,
214,\\akc0ss-n086\NMML_Polar_Imagery_4\Surveys_IceSeals_2025\fl223\images_30deg_N68RF\left_view\ice_seals_2025_fl223_L_20250514_001416.071491_rgb.jpg,5541,5124,6108,5360,6439,1,-1,false_positive,1,,,,
215,\\akc0ss-n086\NMML_Polar_Imagery_4\Surveys_IceSeals_2025\fl223\images_30deg_N68RF\left_view\ice_seals_2025_fl223_L_20250514_001418.205884_rgb.jpg,5543,5991,2384,6069,2571,1,-1,bearded_seal,1,(trk-atr) age_class nonpup,(trk-atr) age_class_confidence positive,(trk-atr) species_confidence positive,
216,\\akc0ss-n086\NMML_Polar_Imagery_4\Surveys_IceSeals_2025\fl223\images_30deg_N68RF\left_view\ice_seals_2025_fl223_L_20250514_001419.272850_rgb.jpg,5544,5936,10195,6156,10337,1,-1,off_frame,1,,,,
217,\\akc0ss-n086\NMML_Polar_Imagery_4\Surveys_IceSeals_2025\fl223\images_30deg_N68RF\left_view\ice_seals_2025_fl223_L_20250514_001425.668890_rgb.jpg,5550,2777,1398,3002,1783,1,-1,false_positive,1,,,,
218,\\akc0ss-n086\NMML_Polar_Imagery_4\Surveys_IceSeals_2025\fl223\images_30deg_N68RF\left_view\ice_seals_2025_fl223_L_20250514_001425.668890_rgb.jpg,5550,2800,1333,3072,1778,1,-1,false_positive,1,,,,
219,\\akc0ss-n086\NMML_Polar_Imagery_4\Surveys_IceSeals_2025\fl223\images_30deg_N68RF\left_view\ice_seals_2025_fl223_L_20250514_001425.668890_rgb.jpg,5550,2838,1275,3101,1662,1,-1,false_positive,1,,,,
220,\\akc0ss-n086\NMML_Polar_Imagery_4\Surveys_IceSeals_2025\fl223\images_30deg_N68RF\left_view\ice_seals_2025_fl223_L_20250514_001425.668890_rgb.jpg,5550,2750,1456,2989,1806,1,-1,false_positive,1,,,,
221,\\akc0ss-n086\NMML_Polar_Imagery_4\Surveys_IceSeals_2025\fl223\images_30deg_N68RF\left_view\ice_seals_2025_fl223_L_20250514_001426.734257_rgb.jpg,5551,2767,8726,3040,9129,1,-1,false_positive,1,,,,
222,\\akc0ss-n086\NMML_Polar_Imagery_4\Surveys_IceSeals_2025\fl223\images_30deg_N68RF\left_view\ice_seals_2025_fl223_L_20250514_001426.734257_rgb.jpg,5551,2739,8802,2977,9151,1,-1,false_positive,1,,,,
223,\\akc0ss-n086\NMML_Polar_Imagery_4\Surveys_IceSeals_2025\fl223\images_30deg_N68RF\left_view\ice_seals_2025_fl223_L_20250514_001428.865154_rgb.jpg,5553,4863,2435,5059,2636,1,-1,false_positive,1,,,,
224,\\akc0ss-n086\NMML_Polar_Imagery_4\Surveys_IceSeals_2025\fl223\images_30deg_N68RF\left_view\ice_seals_2025_fl223_L_20250514_001428.865154_rgb.jpg,5553,4937,2206,5130,2387,1,-1,false_positive,1,,,,
225,\\akc0ss-n086\NMML_Polar_Imagery_4\Surveys_IceSeals_2025\fl223\images_30deg_N68RF\left_view\ice_seals_2025_fl223_L_20250514_001442.732058_rgb.jpg,5566,3932,4498,4121,4720,1,-1,false_positive,1,,,,
226,\\akc0ss-n086\NMML_Polar_Imagery_4\Surveys_IceSeals_2025\fl223\images_30deg_N68RF\left_view\ice_seals_2025_fl223_L_20250514_001445.935383_rgb.jpg,5569,4466,1264,4691,1515,1,-1,false_positive,1,,,,
227,\\akc0ss-n086\NMML_Polar_Imagery_4\Surveys_IceSeals_2025\fl223\images_30deg_N68RF\left_view\ice_seals_2025_fl223_L_20250514_001447.004069_rgb.jpg,5570,12255,6593,12420,6786,1,-1,false_positive,1,,,,
228,\\akc0ss-n086\NMML_Polar_Imagery_4\Surveys_IceSeals_2025\fl223\images_30deg_N68RF\left_view\ice_seals_2025_fl223_L_20250514_001453.426707_rgb.jpg,5576,3807,7966,3995,8176,1,-1,false_positive,1,,,,
229,\\akc0ss-n086\NMML_Polar_Imagery_4\Surveys_IceSeals_2025\fl223\images_30deg_N68RF\left_view\ice_seals_2025_fl223_L_20250514_001455.568881_rgb.jpg,5578,8192,4754,8395,4954,1,-1,false_positive,1,,,,
230,\\akc0ss-n086\NMML_Polar_Imagery_4\Surveys_IceSeals_2025\fl223\images_30deg_N68RF\left_view\ice_seals_2025_fl223_L_20250514_001509.501266_rgb.jpg,5591,10614,620,10793,810,1,-1,false_positive,1,,,,
231,\\akc0ss-n086\NMML_Polar_Imagery_4\Surveys_IceSeals_2025\fl223\images_30deg_N68RF\left_view\ice_seals_2025_fl223_L_20250514_001509.501266_rgb.jpg,5591,10702,780,10884,983,1,-1,false_positive,1,,,,
232,\\akc0ss-n086\NMML_Polar_Imagery_4\Surveys_IceSeals_2025\fl223\images_30deg_N68RF\left_view\ice_seals_2025_fl223_L_20250514_001513.788474_rgb.jpg,5595,3808,2669,4013,2862,1,-1,false_positive,1,,,,
233,\\akc0ss-n086\NMML_Polar_Imagery_4\Surveys_IceSeals_2025\fl223\images_30deg_N68RF\left_view\ice_seals_2025_fl223_L_20250514_001514.859821_rgb.jpg,5596,3192,5702,3408,5897,1,-1,false_positive,1,,,,
234,\\akc0ss-n086\NMML_Polar_Imagery_4\Surveys_IceSeals_2025\fl223\images_30deg_N68RF\left_view\ice_seals_2025_fl223_L_20250514_001514.859821_rgb.jpg,5596,3830,10222,4024,10374,1,-1,off_frame,1,,,,
235,\\akc0ss-n086\NMML_Polar_Imagery_4\Surveys_IceSeals_2025\fl223\images_30deg_N68RF\left_view\ice_seals_2025_fl223_L_20250514_001515.930269_rgb.jpg,5597,3161,5379,3391,5629,1,-1,false_positive,1,,,,
236,\\akc0ss-n086\NMML_Polar_Imagery_4\Surveys_IceSeals_2025\fl223\images_30deg_N68RF\left_view\ice_seals_2025_fl223_L_20250514_001517.000135_rgb.jpg,5598,6563,4035,6765,4229,1,-1,false_positive,1,,,,
237,\\akc0ss-n086\NMML_Polar_Imagery_4\Surveys_IceSeals_2025\fl223\images_30deg_N68RF\left_view\ice_seals_2025_fl223_L_20250514_001518.070086_rgb.jpg,5599,8025,7154,8225,7392,1,-1,false_positive,1,,,,
238,\\akc0ss-n086\NMML_Polar_Imagery_4\Surveys_IceSeals_2025\fl223\images_30deg_N68RF\left_view\ice_seals_2025_fl223_L_20250514_001526.632158_rgb.jpg,5607,6790,4737,6977,4996,1,-1,false_positive,1,,,,
239,\\akc0ss-n086\NMML_Polar_Imagery_4\Surveys_IceSeals_2025\fl223\images_30deg_N68RF\left_view\ice_seals_2025_fl223_L_20250514_001539.494618_rgb.jpg,5619,6101,7180,6305,7438,1,-1,false_positive,1,,,,
240,\\akc0ss-n086\NMML_Polar_Imagery_4\Surveys_IceSeals_2025\fl223\images_30deg_N68RF\left_view\ice_seals_2025_fl223_L_20250514_001548.054253_rgb.jpg,5627,8998,6458,9216,6656,1,-1,false_positive,1,,,,
241,\\akc0ss-n086\NMML_Polar_Imagery_4\Surveys_IceSeals_2025\fl223\images_30deg_N68RF\left_view\ice_seals_2025_fl223_L_20250514_001600.862271_rgb.jpg,5639,2671,7038,2887,7247,1,-1,false_positive,1,,,,
242,\\akc0ss-n086\NMML_Polar_Imagery_4\Surveys_IceSeals_2025\fl223\images_30deg_N68RF\left_view\ice_seals_2025_fl223_L_20250514_001601.931077_rgb.jpg,5640,3805,4370,3993,4552,1,-1,false_positive,1,,,,
243,\\akc0ss-n086\NMML_Polar_Imagery_4\Surveys_IceSeals_2025\fl223\images_30deg_N68RF\left_view\ice_seals_2025_fl223_L_20250514_001602.999084_rgb.jpg,5641,4665,7282,4872,7529,1,-1,false_positive,1,,,,
244,\\akc0ss-n086\NMML_Polar_Imagery_4\Surveys_IceSeals_2025\fl223\images_30deg_N68RF\left_view\ice_seals_2025_fl223_L_20250514_001606.206268_rgb.jpg,5644,5634,8837,5847,9100,1,-1,false_positive,1,,,,
245,\\akc0ss-n086\NMML_Polar_Imagery_4\Surveys_IceSeals_2025\fl223\images_30deg_N68RF\left_view\ice_seals_2025_fl223_L_20250514_001611.553097_rgb.jpg,5649,9107,7230,9334,7430,1,-1,false_positive,1,,,,
246,\\akc0ss-n086\NMML_Polar_Imagery_4\Surveys_IceSeals_2025\fl223\images_30deg_N68RF\left_view\ice_seals_2025_fl223_L_20250514_001613.693912_rgb.jpg,5651,6561,4560,6746,4737,1,-1,false_positive,1,,,,
247,\\akc0ss-n086\NMML_Polar_Imagery_4\Surveys_IceSeals_2025\fl223\images_30deg_N68RF\left_view\ice_seals_2025_fl223_L_20250514_001620.121952_rgb.jpg,5657,7769,3786,7958,3977,1,-1,false_positive,1,,,,
248,\\akc0ss-n086\NMML_Polar_Imagery_4\Surveys_IceSeals_2025\fl223\images_30deg_N68RF\left_view\ice_seals_2025_fl223_L_20250514_001628.710505_rgb.jpg,5665,7556,5381,7739,5567,1,-1,false_positive,1,,,,
249,\\akc0ss-n086\NMML_Polar_Imagery_4\Surveys_IceSeals_2025\fl223\images_30deg_N68RF\left_view\ice_seals_2025_fl223_L_20250514_001628.710505_rgb.jpg,5665,5849,9309,6041,9504,1,-1,false_positive,1,,,,
250,\\akc0ss-n086\NMML_Polar_Imagery_4\Surveys_IceSeals_2025\fl223\images_30deg_N68RF\left_view\ice_seals_2025_fl223_L_20250514_001630.859760_rgb.jpg,5667,3003,6189,3231,6394,1,-1,false_positive,1,,,,
251,\\akc0ss-n086\NMML_Polar_Imagery_4\Surveys_IceSeals_2025\fl223\images_30deg_N68RF\left_view\ice_seals_2025_fl223_L_20250514_001633.010533_rgb.jpg,5669,7681,1596,7908,1819,1,-1,false_positive,1,,,,
252,\\akc0ss-n086\NMML_Polar_Imagery_4\Surveys_IceSeals_2025\fl223\images_30deg_N68RF\left_view\ice_seals_2025_fl223_L_20250514_001633.010533_rgb.jpg,5669,7658,1582,7930,1850,1,-1,false_positive,1,,,,
253,\\akc0ss-n086\NMML_Polar_Imagery_4\Surveys_IceSeals_2025\fl223\images_30deg_N68RF\left_view\ice_seals_2025_fl223_L_20250514_001658.846276_rgb.jpg,5693,5602,2721,5834,2938,1,-1,false_positive,1,,,,
254,\\akc0ss-n086\NMML_Polar_Imagery_4\Surveys_IceSeals_2025\fl223\images_30deg_N68RF\left_view\ice_seals_2025_fl223_L_20250514_001659.924902_rgb.jpg,5694,2798,5072,3002,5276,1,-1,false_positive,1,,,,
255,\\akc0ss-n086\NMML_Polar_Imagery_4\Surveys_IceSeals_2025\fl223\images_30deg_N68RF\left_view\ice_seals_2025_fl223_L_20250514_001659.924902_rgb.jpg,5694,11099,7196,11437,7518,1,-1,false_positive,1,,,,
256,\\akc0ss-n086\NMML_Polar_Imagery_4\Surveys_IceSeals_2025\fl223\images_30deg_N68RF\left_view\ice_seals_2025_fl223_L_20250514_001701.005709_rgb.jpg,5695,11849,479,12102,781,1,-1,false_positive,1,,,,
257,\\akc0ss-n086\NMML_Polar_Imagery_4\Surveys_IceSeals_2025\fl223\images_30deg_N68RF\left_view\ice_seals_2025_fl223_L_20250514_001702.084080_rgb.jpg,5696,7559,3346,7788,3557,1,-1,false_positive,1,,,,
258,\\akc0ss-n086\NMML_Polar_Imagery_4\Surveys_IceSeals_2025\fl223\images_30deg_N68RF\left_view\ice_seals_2025_fl223_L_20250514_001718.224360_rgb.jpg,5711,5687,652,5993,941,1,-1,false_positive,1,,,,
259,\\akc0ss-n086\NMML_Polar_Imagery_4\Surveys_IceSeals_2025\fl223\images_30deg_N68RF\left_view\ice_seals_2025_fl223_L_20250514_001725.731326_rgb.jpg,5718,9809,5423,10032,5691,1,-1,false_positive,1,,,,
260,\\akc0ss-n086\NMML_Polar_Imagery_4\Surveys_IceSeals_2025\fl223\images_30deg_N68RF\left_view\ice_seals_2025_fl223_L_20250514_001726.802531_rgb.jpg,5719,4831,1372,5029,1585,1,-1,false_positive,1,,,,
261,\\akc0ss-n086\NMML_Polar_Imagery_4\Surveys_IceSeals_2025\fl223\images_30deg_N68RF\left_view\ice_seals_2025_fl223_L_20250514_001735.363945_rgb.jpg,5727,5215,2710,5395,2900,1,-1,false_positive,1,,,,
262,\\akc0ss-n086\NMML_Polar_Imagery_4\Surveys_IceSeals_2025\fl223\images_30deg_N68RF\left_view\ice_seals_2025_fl223_L_20250514_001742.871674_rgb.jpg,5734,6259,8879,6440,9149,1,-1,false_positive,1,,,,
263,\\akc0ss-n086\NMML_Polar_Imagery_4\Surveys_IceSeals_2025\fl223\images_30deg_N68RF\left_view\ice_seals_2025_fl223_L_20250514_001742.871674_rgb.jpg,5734,3997,5394,4203,5620,1,-1,false_positive,1,,,,
264,\\akc0ss-n086\NMML_Polar_Imagery_4\Surveys_IceSeals_2025\fl223\images_30deg_N68RF\left_view\ice_seals_2025_fl223_L_20250514_001742.871674_rgb.jpg,5734,4410,5747,4642,5933,1,-1,false_positive,1,,,,
265,\\akc0ss-n086\NMML_Polar_Imagery_4\Surveys_IceSeals_2025\fl223\images_30deg_N68RF\left_view\ice_seals_2025_fl223_L_20250514_001742.871674_rgb.jpg,5734,4417,5996,4634,6170,1,-1,false_positive,1,,,,
266,\\akc0ss-n086\NMML_Polar_Imagery_4\Surveys_IceSeals_2025\fl223\images_30deg_N68RF\left_view\ice_seals_2025_fl223_L_20250514_001742.871674_rgb.jpg,5734,4362,5718,4618,5911,1,-1,false_positive,1,,,,
267,\\akc0ss-n086\NMML_Polar_Imagery_4\Surveys_IceSeals_2025\fl223\images_30deg_N68RF\left_view\ice_seals_2025_fl223_L_20250514_001747.166661_rgb.jpg,5738,10702,8212,10903,8524,1,-1,false_positive,1,,,,
268,\\akc0ss-n086\NMML_Polar_Imagery_4\Surveys_IceSeals_2025\fl223\images_30deg_N68RF\left_view\ice_seals_2025_fl223_L_20250514_001753.610543_rgb.jpg,5744,3385,6946,3420,7047,1,-1,ringed_seal,1,(trk-atr) age_class nonpup,(trk-atr) age_class_confidence positive,(trk-atr) species_confidence likely,
269,\\akc0ss-n086\NMML_Polar_Imagery_4\Surveys_IceSeals_2025\fl223\images_30deg_N68RF\left_view\ice_seals_2025_fl223_L_20250514_001753.610543_rgb.jpg,5744,4444,6494,4525,6550,1,-1,ringed_seal,1,(trk-atr) age_class nonpup,(trk-atr) age_class_confidence positive,(trk-atr) species_confidence positive,
270,\\akc0ss-n086\NMML_Polar_Imagery_4\Surveys_IceSeals_2025\fl223\images_30deg_N68RF\left_view\ice_seals_2025_fl223_L_20250514_001757.903948_rgb.jpg,5748,4917,1133,5132,1339,1,-1,false_positive,1,,,,
271,\\akc0ss-n086\NMML_Polar_Imagery_4\Surveys_IceSeals_2025\fl223\images_30deg_N68RF\left_view\ice_seals_2025_fl223_L_20250514_001809.707504_rgb.jpg,5759,5050,925,5302,1143,1,-1,false_positive,1,,,,
272,\\akc0ss-n086\NMML_Polar_Imagery_4\Surveys_IceSeals_2025\fl223\images_30deg_N68RF\left_view\ice_seals_2025_fl223_L_20250514_001810.780514_rgb.jpg,5760,708,2544,847,2648,1,-1,bearded_seal,1,(trk-atr) age_class nonpup,(trk-atr) age_class_confidence positive,(trk-atr) species_confidence positive,
273,\\akc0ss-n086\NMML_Polar_Imagery_4\Surveys_IceSeals_2025\fl223\images_30deg_N68RF\left_view\ice_seals_2025_fl223_L_20250514_001811.853038_rgb.jpg,5761,746,9665,970,9874,1,-1,off_frame,1,,,,
274,\\akc0ss-n086\NMML_Polar_Imagery_4\Surveys_IceSeals_2025\fl223\images_30deg_N68RF\left_view\ice_seals_2025_fl223_L_20250514_001919.439925_rgb.jpg,5824,7724,834,7932,1070,1,-1,false_positive,1,,,,
275,\\akc0ss-n086\NMML_Polar_Imagery_4\Surveys_IceSeals_2025\fl223\images_30deg_N68RF\left_view\ice_seals_2025_fl223_L_20250514_001939.852952_rgb.jpg,5843,5436,1091,5703,1289,1,-1,false_positive,1,,,,
276,\\akc0ss-n086\NMML_Polar_Imagery_4\Surveys_IceSeals_2025\fl223\images_30deg_N68RF\left_view\ice_seals_2025_fl223_L_20250514_001946.305871_rgb.jpg,5849,12809,9546,12948,9757,1,-1,off_frame,1,,,,
277,\\akc0ss-n086\NMML_Polar_Imagery_4\Surveys_IceSeals_2025\fl223\images_30deg_N68RF\left_view\ice_seals_2025_fl223_L_20250514_002018.590814_rgb.jpg,5879,9236,7689,9447,7836,1,-1,false_positive,1,,,,
278,\\akc0ss-n086\NMML_Polar_Imagery_4\Surveys_IceSeals_2025\fl223\images_30deg_N68RF\left_view\ice_seals_2025_fl223_L_20250514_002025.059917_rgb.jpg,5885,3635,4636,3827,4819,1,-1,false_positive,1,,,,
279,\\akc0ss-n086\NMML_Polar_Imagery_4\Surveys_IceSeals_2025\fl223\images_30deg_N68RF\left_view\ice_seals_2025_fl223_L_20250514_002028.291676_rgb.jpg,5888,1364,7199,1600,7409,1,-1,false_positive,1,,,,
280,\\akc0ss-n086\NMML_Polar_Imagery_4\Surveys_IceSeals_2025\fl223\images_30deg_N68RF\left_view\ice_seals_2025_fl223_L_20250514_002030.446510_rgb.jpg,5890,5794,1968,6030,2240,1,-1,false_positive,1,,,,
281,\\akc0ss-n086\NMML_Polar_Imagery_4\Surveys_IceSeals_2025\fl223\images_30deg_N68RF\left_view\ice_seals_2025_fl223_L_20250514_002031.524055_rgb.jpg,5891,10093,4060,10317,4376,1,-1,false_positive,1,,,,
282,\\akc0ss-n086\NMML_Polar_Imagery_4\Surveys_IceSeals_2025\fl223\images_30deg_N68RF\left_view\ice_seals_2025_fl223_L_20250514_002152.168225_rgb.jpg,5903,758,8721,983,8966,1,-1,false_positive,1,,,,
283,\\akc0ss-n086\NMML_Polar_Imagery_4\Surveys_IceSeals_2025\fl223\images_30deg_N68RF\left_view\ice_seals_2025_fl223_L_20250514_002200.754462_rgb.jpg,5911,7489,647,7567,887,1,-1,bearded_seal,1,(trk-atr) age_class nonpup,(trk-atr) age_class_confidence positive,(trk-atr) species_confidence positive,(trk-atr) flag interesting
284,\\akc0ss-n086\NMML_Polar_Imagery_4\Surveys_IceSeals_2025\fl223\images_30deg_N68RF\left_view\ice_seals_2025_fl223_L_20250514_002201.828387_rgb.jpg,5912,7295,8789,7378,8943,1,-1,bearded_seal,1,(trk-atr) age_class nonpup,(trk-atr) age_class_confidence positive,(trk-atr) species_confidence positive,(trk-atr) flag interesting
285,\\akc0ss-n086\NMML_Polar_Imagery_4\Surveys_IceSeals_2025\fl223\images_30deg_N68RF\left_view\ice_seals_2025_fl223_L_20250514_002211.497747_rgb.jpg,5921,855,4791,1076,5007,1,-1,false_positive,1,,,,
286,\\akc0ss-n086\NMML_Polar_Imagery_4\Surveys_IceSeals_2025\fl223\images_30deg_N68RF\left_view\ice_seals_2025_fl223_L_20250514_002220.098140_rgb.jpg,5929,5259,3795,5472,4021,1,-1,false_positive,1,,,,
287,\\akc0ss-n086\NMML_Polar_Imagery_4\Surveys_IceSeals_2025\fl223\images_30deg_N68RF\left_view\ice_seals_2025_fl223_L_20250514_002221.172986_rgb.jpg,5930,3686,7906,3887,8147,1,-1,false_positive,1,,,,
288,\\akc0ss-n086\NMML_Polar_Imagery_4\Surveys_IceSeals_2025\fl223\images_30deg_N68RF\left_view\ice_seals_2025_fl223_L_20250514_002221.172986_rgb.jpg,5930,4453,3039,4637,3228,1,-1,false_positive,1,,,,
289,\\akc0ss-n086\NMML_Polar_Imagery_4\Surveys_IceSeals_2025\fl223\images_30deg_N68RF\left_view\ice_seals_2025_fl223_L_20250514_002222.248177_rgb.jpg,5931,3151,8846,3348,9037,1,-1,false_positive,1,,,,
290,\\akc0ss-n086\NMML_Polar_Imagery_4\Surveys_IceSeals_2025\fl223\images_30deg_N68RF\left_view\ice_seals_2025_fl223_L_20250514_002229.775022_rgb.jpg,5938,4631,2655,4869,2896,1,-1,false_positive,1,,,,
291,\\akc0ss-n086\NMML_Polar_Imagery_4\Surveys_IceSeals_2025\fl223\images_30deg_N68RF\left_view\ice_seals_2025_fl223_L_20250514_002230.850388_rgb.jpg,5939,4534,10264,4759,10367,1,-1,off_frame,1,,,,
292,\\akc0ss-n086\NMML_Polar_Imagery_4\Surveys_IceSeals_2025\fl223\images_30deg_N68RF\left_view\ice_seals_2025_fl223_L_20250514_002231.925919_rgb.jpg,5940,10955,1286,11153,1562,1,-1,false_positive,1,,,,
293,\\akc0ss-n086\NMML_Polar_Imagery_4\Surveys_IceSeals_2025\fl223\images_30deg_N68RF\left_view\ice_seals_2025_fl223_L_20250514_002239.459300_rgb.jpg,5947,2954,3794,3202,3994,1,-1,false_positive,1,,,,
294,\\akc0ss-n086\NMML_Polar_Imagery_4\Surveys_IceSeals_2025\fl223\images_30deg_N68RF\left_view\ice_seals_2025_fl223_L_20250514_002241.607214_rgb.jpg,5949,12172,7532,12426,7830,1,-1,false_positive,1,,,,
295,\\akc0ss-n086\NMML_Polar_Imagery_4\Surveys_IceSeals_2025\fl223\images_30deg_N68RF\left_view\ice_seals_2025_fl223_L_20250514_002243.753892_rgb.jpg,5951,6201,3392,6365,3638,1,-1,false_positive,1,,,,
296,\\akc0ss-n086\NMML_Polar_Imagery_4\Surveys_IceSeals_2025\fl223\images_30deg_N68RF\left_view\ice_seals_2025_fl223_L_20250514_002325.661993_rgb.jpg,5990,4700,608,4935,840,1,-1,false_positive,1,,,,
297,\\akc0ss-n086\NMML_Polar_Imagery_4\Surveys_IceSeals_2025\fl223\images_30deg_N68RF\left_view\ice_seals_2025_fl223_L_20250514_002326.736620_rgb.jpg,5991,4613,8230,4824,8435,1,-1,false_positive,1,,,,
298,\\akc0ss-n086\NMML_Polar_Imagery_4\Surveys_IceSeals_2025\fl223\images_30deg_N68RF\left_view\ice_seals_2025_fl223_L_20250514_002342.835402_rgb.jpg,6006,11035,4834,11331,5135,1,-1,false_positive,1,,,,
299,\\akc0ss-n086\NMML_Polar_Imagery_4\Surveys_IceSeals_2025\fl223\images_30deg_N68RF\left_view\ice_seals_2025_fl223_L_20250514_002351.437736_rgb.jpg,6014,8850,5446,9014,5596,1,-1,false_positive,1,,,,
300,\\akc0ss-n086\NMML_Polar_Imagery_4\Surveys_IceSeals_2025\fl223\images_30deg_N68RF\left_view\ice_seals_2025_fl223_L_20250514_002351.437736_rgb.jpg,6014,9002,5366,9169,5509,1,-1,false_positive,1,,,,
301,\\akc0ss-n086\NMML_Polar_Imagery_4\Surveys_IceSeals_2025\fl223\images_30deg_N68RF\left_view\ice_seals_2025_fl223_L_20250514_002505.796523_rgb.jpg,6083,11973,6688,12159,6879,1,-1,false_positive,1,,,,
302,\\akc0ss-n086\NMML_Polar_Imagery_4\Surveys_IceSeals_2025\fl223\images_30deg_N68RF\left_view\ice_seals_2025_fl223_L_20250514_002505.796523_rgb.jpg,6083,8090,8664,8240,8830,1,-1,false_positive,1,,,,
303,\\akc0ss-n086\NMML_Polar_Imagery_4\Surveys_IceSeals_2025\fl223\images_30deg_N68RF\left_view\ice_seals_2025_fl223_L_20250514_002510.125190_rgb.jpg,6087,7536,4254,7746,4450,1,-1,false_positive,1,,,,
304,\\akc0ss-n086\NMML_Polar_Imagery_4\Surveys_IceSeals_2025\fl223\images_30deg_N68RF\left_view\ice_seals_2025_fl223_L_20250514_002625.784867_rgb.jpg,6157,6776,5064,7014,5255,1,-1,false_positive,1,,,,
305,\\akc0ss-n086\NMML_Polar_Imagery_4\Surveys_IceSeals_2025\fl223\images_30deg_N68RF\left_view\ice_seals_2025_fl223_L_20250514_002629.019685_rgb.jpg,6160,3639,1632,3849,2049,1,-1,false_positive,1,,,,
306,\\akc0ss-n086\NMML_Polar_Imagery_4\Surveys_IceSeals_2025\fl223\images_30deg_N68RF\left_view\ice_seals_2025_fl223_L_20250514_002630.096754_rgb.jpg,6161,3437,9087,3643,9483,1,-1,false_positive,1,,,,
307,\\akc0ss-n086\NMML_Polar_Imagery_4\Surveys_IceSeals_2025\fl223\images_30deg_N68RF\left_view\ice_seals_2025_fl223_L_20250514_002631.172563_rgb.jpg,6162,1063,4639,1113,4711,1,-1,ringed_seal,1,(trk-atr) age_class nonpup,(trk-atr) age_class_confidence positive,(trk-atr) species_confidence likely,
308,\\akc0ss-n086\NMML_Polar_Imagery_4\Surveys_IceSeals_2025\fl223\images_30deg_N68RF\left_view\ice_seals_2025_fl223_L_20250514_002716.212126_rgb.jpg,6204,3552,7819,3584,7898,1,-1,ringed_seal,1,(trk-atr) age_class nonpup,(trk-atr) age_class_confidence positive,(trk-atr) species_confidence likely,
309,\\akc0ss-n086\NMML_Polar_Imagery_4\Surveys_IceSeals_2025\fl223\images_30deg_N68RF\left_view\ice_seals_2025_fl223_L_20250514_002812.612958_rgb.jpg,6257,9297,6424,9497,6657,1,-1,false_positive,1,,,,
310,\\akc0ss-n086\NMML_Polar_Imagery_4\Surveys_IceSeals_2025\fl223\images_30deg_N68RF\left_view\ice_seals_2025_fl223_L_20250514_002828.518801_rgb.jpg,6272,9755,4832,9894,5021,1,-1,false_positive,1,,,,
311,\\akc0ss-n086\NMML_Polar_Imagery_4\Surveys_IceSeals_2025\fl223\images_30deg_N68RF\left_view\ice_seals_2025_fl223_L_20250514_002828.518801_rgb.jpg,6272,9900,3503,10016,3637,1,-1,dead_animal,1,,,(trk-atr) species_confidence positive,(trk-atr) flag interesting
312,\\akc0ss-n086\NMML_Polar_Imagery_4\Surveys_IceSeals_2025\fl223\images_30deg_N68RF\left_view\ice_seals_2025_fl223_L_20250514_003200.004193_rgb.jpg,6471,11651,1324,11872,1566,1,-1,false_positive,1,,,,
313,\\akc0ss-n086\NMML_Polar_Imagery_4\Surveys_IceSeals_2025\fl223\images_30deg_N68RF\left_view\ice_seals_2025_fl223_L_20250514_004550.691484_rgb.jpg,6772,10367,7372,10577,7731,1,-1,false_positive,1,,,,
314,\\akc0ss-n086\NMML_Polar_Imagery_4\Surveys_IceSeals_2025\fl223\images_30deg_N68RF\left_view\ice_seals_2025_fl223_L_20250514_004615.451462_rgb.jpg,6794,9727,3612,9936,3871,1,-1,false_positive,1,,,,
315,\\akc0ss-n086\NMML_Polar_Imagery_4\Surveys_IceSeals_2025\fl223\images_30deg_N68RF\left_view\ice_seals_2025_fl223_L_20250514_004616.580049_rgb.jpg,6795,1635,4938,1838,5148,1,-1,false_positive,1,,,,
316,\\akc0ss-n086\NMML_Polar_Imagery_4\Surveys_IceSeals_2025\fl223\images_30deg_N68RF\left_view\ice_seals_2025_fl223_L_20250514_004647.091645_rgb.jpg,6822,7869,8752,8059,8987,1,-1,false_positive,1,,,,
317,\\akc0ss-n086\NMML_Polar_Imagery_4\Surveys_IceSeals_2025\fl223\images_30deg_N68RF\left_view\ice_seals_2025_fl223_L_20250514_004651.621033_rgb.jpg,6826,5792,7151,5978,7340,1,-1,false_positive,1,,,,
318,\\akc0ss-n086\NMML_Polar_Imagery_4\Surveys_IceSeals_2025\fl223\images_30deg_N68RF\left_view\ice_seals_2025_fl223_L_20250514_004652.753065_rgb.jpg,6827,875,669,1050,819,1,-1,false_positive,1,,,,
319,\\akc0ss-n086\NMML_Polar_Imagery_4\Surveys_IceSeals_2025\fl223\images_30deg_N68RF\left_view\ice_seals_2025_fl223_L_20250514_004653.884151_rgb.jpg,6828,1066,7654,1269,7898,1,-1,false_positive,1,,,,
320,\\akc0ss-n086\NMML_Polar_Imagery_4\Surveys_IceSeals_2025\fl223\images_30deg_N68RF\left_view\ice_seals_2025_fl223_L_20250514_004658.407958_rgb.jpg,6832,3670,9335,3857,9730,1,-1,false_positive,1,,,,
321,\\akc0ss-n086\NMML_Polar_Imagery_4\Surveys_IceSeals_2025\fl223\images_30deg_N68RF\left_view\ice_seals_2025_fl223_L_20250514_004714.250641_rgb.jpg,6846,6534,4437,6763,4830,1,-1,false_positive,1,,,,
322,\\akc0ss-n086\NMML_Polar_Imagery_4\Surveys_IceSeals_2025\fl223\images_30deg_N68RF\left_view\ice_seals_2025_fl223_L_20250514_004715.382128_rgb.jpg,6847,4870,7398,5103,7659,1,-1,false_positive,1,,,,
323,\\akc0ss-n086\NMML_Polar_Imagery_4\Surveys_IceSeals_2025\fl223\images_30deg_N68RF\left_view\ice_seals_2025_fl223_L_20250514_004716.513834_rgb.jpg,6848,11507,3278,11725,3533,1,-1,false_positive,1,,,,
324,\\akc0ss-n086\NMML_Polar_Imagery_4\Surveys_IceSeals_2025\fl223\images_30deg_N68RF\left_view\ice_seals_2025_fl223_L_20250514_004721.041421_rgb.jpg,6852,7371,4512,7567,4789,1,-1,false_positive,1,,,,
325,\\akc0ss-n086\NMML_Polar_Imagery_4\Surveys_IceSeals_2025\fl223\images_30deg_N68RF\left_view\ice_seals_2025_fl223_L_20250514_004722.173213_rgb.jpg,6853,5893,2007,6113,2283,1,-1,false_positive,1,,,,
326,\\akc0ss-n086\NMML_Polar_Imagery_4\Surveys_IceSeals_2025\fl223\images_30deg_N68RF\left_view\ice_seals_2025_fl223_L_20250514_004730.105782_rgb.jpg,6860,6193,651,6281,714,1,-1,ringed_seal,1,(trk-atr) age_class nonpup,(trk-atr) age_class_confidence positive,(trk-atr) species_confidence likely,
327,\\akc0ss-n086\NMML_Polar_Imagery_4\Surveys_IceSeals_2025\fl223\images_30deg_N68RF\left_view\ice_seals_2025_fl223_L_20250514_004731.240907_rgb.jpg,6861,6390,8547,6477,8611,1,-1,ringed_seal,1,(trk-atr) age_class nonpup,(trk-atr) age_class_confidence positive,(trk-atr) species_confidence likely,
328,\\akc0ss-n086\NMML_Polar_Imagery_4\Surveys_IceSeals_2025\fl223\images_30deg_N68RF\left_view\ice_seals_2025_fl223_L_20250514_004732.375998_rgb.jpg,6862,9756,6410,9945,6623,1,-1,false_positive,1,,,,
329,\\akc0ss-n086\NMML_Polar_Imagery_4\Surveys_IceSeals_2025\fl223\images_30deg_N68RF\left_view\ice_seals_2025_fl223_L_20250514_004732.375998_rgb.jpg,6862,4943,2276,5131,2514,1,-1,false_positive,1,,,,
330,\\akc0ss-n086\NMML_Polar_Imagery_4\Surveys_IceSeals_2025\fl223\images_30deg_N68RF\left_view\ice_seals_2025_fl223_L_20250514_004733.511082_rgb.jpg,6863,5148,9930,5344,10174,1,-1,off_frame,1,,,,
331,\\akc0ss-n086\NMML_Polar_Imagery_4\Surveys_IceSeals_2025\fl223\images_30deg_N68RF\left_view\ice_seals_2025_fl223_L_20250514_004744.869494_rgb.jpg,6873,771,5874,966,6094,1,-1,false_positive,1,,,,
332,\\akc0ss-n086\NMML_Polar_Imagery_4\Surveys_IceSeals_2025\fl223\images_30deg_N68RF\left_view\ice_seals_2025_fl223_L_20250514_004747.143814_rgb.jpg,6875,4249,3517,4312,3581,1,-1,ringed_seal,1,(trk-atr) age_class nonpup,(trk-atr) age_class_confidence positive,(trk-atr) species_confidence positive,
333,\\akc0ss-n086\NMML_Polar_Imagery_4\Surveys_IceSeals_2025\fl223\images_30deg_N68RF\left_view\ice_seals_2025_fl223_L_20250514_004748.287260_rgb.jpg,6876,1672,1635,1871,1853,1,-1,false_positive,1,,,,
334,\\akc0ss-n086\NMML_Polar_Imagery_4\Surveys_IceSeals_2025\fl223\images_30deg_N68RF\left_view\ice_seals_2025_fl223_L_20250514_004749.425704_rgb.jpg,6877,6826,4363,7002,4549,1,-1,false_positive,1,,,,
335,\\akc0ss-n086\NMML_Polar_Imagery_4\Surveys_IceSeals_2025\fl223\images_30deg_N68RF\left_view\ice_seals_2025_fl223_L_20250514_004753.979957_rgb.jpg,6881,10716,3193,10917,3392,1,-1,false_positive,1,,,,
336,\\akc0ss-n086\NMML_Polar_Imagery_4\Surveys_IceSeals_2025\fl223\images_30deg_N68RF\left_view\ice_seals_2025_fl223_L_20250514_004759.678210_rgb.jpg,6886,1255,4372,1330,4412,1,-1,ringed_seal,1,(trk-atr) age_class nonpup,(trk-atr) age_class_confidence positive,(trk-atr) species_confidence positive,
337,\\akc0ss-n086\NMML_Polar_Imagery_4\Surveys_IceSeals_2025\fl223\images_30deg_N68RF\left_view\ice_seals_2025_fl223_L_20250514_004825.951037_rgb.jpg,6909,2384,2531,2594,2752,1,-1,false_positive,1,,,,
338,\\akc0ss-n086\NMML_Polar_Imagery_4\Surveys_IceSeals_2025\fl223\images_30deg_N68RF\left_view\ice_seals_2025_fl223_L_20250514_004827.094224_rgb.jpg,6910,2646,9821,2862,10055,1,-1,off_frame,1,,,,
339,\\akc0ss-n086\NMML_Polar_Imagery_4\Surveys_IceSeals_2025\fl223\images_30deg_N68RF\left_view\ice_seals_2025_fl223_L_20250514_004843.112668_rgb.jpg,6924,6514,1855,6808,2072,1,-1,false_positive,1,,,,
340,\\akc0ss-n086\NMML_Polar_Imagery_4\Surveys_IceSeals_2025\fl223\images_30deg_N68RF\left_view\ice_seals_2025_fl223_L_20250514_004847.693257_rgb.jpg,6928,8478,8502,8667,8746,1,-1,false_positive,1,,,,
341,\\akc0ss-n086\NMML_Polar_Imagery_4\Surveys_IceSeals_2025\fl223\images_30deg_N68RF\left_view\ice_seals_2025_fl223_L_20250514_004851.127899_rgb.jpg,6931,620,1451,693,1609,1,-1,bearded_seal,1,(trk-atr) age_class nonpup,(trk-atr) age_class_confidence positive,(trk-atr) species_confidence positive,
342,\\akc0ss-n086\NMML_Polar_Imagery_4\Surveys_IceSeals_2025\fl223\images_30deg_N68RF\left_view\ice_seals_2025_fl223_L_20250514_004852.273267_rgb.jpg,6932,794,8565,861,8717,1,-1,bearded_seal,1,(trk-atr) age_class nonpup,(trk-atr) age_class_confidence positive,(trk-atr) species_confidence positive,
343,\\akc0ss-n086\NMML_Polar_Imagery_4\Surveys_IceSeals_2025\fl223\images_30deg_N68RF\left_view\ice_seals_2025_fl223_L_20250514_004855.705709_rgb.jpg,6935,8961,498,9216,632,1,-1,false_positive,1,,,,
344,\\akc0ss-n086\NMML_Polar_Imagery_4\Surveys_IceSeals_2025\fl223\images_30deg_N68RF\left_view\ice_seals_2025_fl223_L_20250514_004911.712913_rgb.jpg,6949,9488,8201,9669,8466,1,-1,false_positive,1,,,,
345,\\akc0ss-n086\NMML_Polar_Imagery_4\Surveys_IceSeals_2025\fl223\images_30deg_N68RF\left_view\ice_seals_2025_fl223_L_20250514_004923.131604_rgb.jpg,6959,9503,4751,9569,4845,1,-1,ringed_seal,1,(trk-atr) age_class nonpup,(trk-atr) age_class_confidence positive,(trk-atr) species_confidence positive,
346,\\akc0ss-n086\NMML_Polar_Imagery_4\Surveys_IceSeals_2025\fl223\images_30deg_N68RF\left_view\ice_seals_2025_fl223_L_20250514_005147.425189_rgb.jpg,7024,5673,4951,5842,5149,1,-1,false_positive,1,,,,
347,\\akc0ss-n086\NMML_Polar_Imagery_4\Surveys_IceSeals_2025\fl223\images_30deg_N68RF\left_view\ice_seals_2025_fl223_L_20250514_005148.559298_rgb.jpg,7025,7945,7247,8110,7464,1,-1,false_positive,1,,,,
348,\\akc0ss-n086\NMML_Polar_Imagery_4\Surveys_IceSeals_2025\fl223\images_30deg_N68RF\left_view\ice_seals_2025_fl223_L_20250514_005159.908512_rgb.jpg,7035,3256,2313,3456,2537,1,-1,false_positive,1,,,,
349,\\akc0ss-n086\NMML_Polar_Imagery_4\Surveys_IceSeals_2025\fl223\images_30deg_N68RF\left_view\ice_seals_2025_fl223_L_20250514_005159.908512_rgb.jpg,7035,3229,2294,3473,2557,1,-1,false_positive,1,,,,
350,\\akc0ss-n086\NMML_Polar_Imagery_4\Surveys_IceSeals_2025\fl223\images_30deg_N68RF\left_view\ice_seals_2025_fl223_L_20250514_005201.044280_rgb.jpg,7036,3434,9732,3608,9937,1,-1,off_frame,1,,,,
351,\\akc0ss-n086\NMML_Polar_Imagery_4\Surveys_IceSeals_2025\fl223\images_30deg_N68RF\left_view\ice_seals_2025_fl223_L_20250514_005202.180725_rgb.jpg,7037,2681,1252,2877,1475,1,-1,false_positive,1,,,,
352,\\akc0ss-n086\NMML_Polar_Imagery_4\Surveys_IceSeals_2025\fl223\images_30deg_N68RF\left_view\ice_seals_2025_fl223_L_20250514_005204.453856_rgb.jpg,7039,8538,10070,8711,10279,1,-1,off_frame,1,,,,
353,\\akc0ss-n086\NMML_Polar_Imagery_4\Surveys_IceSeals_2025\fl223\images_30deg_N68RF\left_view\ice_seals_2025_fl223_L_20250514_005229.429198_rgb.jpg,7061,4371,1255,4617,1491,1,-1,false_positive,1,,,,
354,\\akc0ss-n086\NMML_Polar_Imagery_4\Surveys_IceSeals_2025\fl223\images_30deg_N68RF\left_view\ice_seals_2025_fl223_L_20250514_005237.378232_rgb.jpg,7068,2835,2864,2896,2939,1,-1,ringed_seal,1,(trk-atr) age_class nonpup,(trk-atr) age_class_confidence positive,(trk-atr) species_confidence positive,
355,\\akc0ss-n086\NMML_Polar_Imagery_4\Surveys_IceSeals_2025\fl223\images_30deg_N68RF\left_view\ice_seals_2025_fl223_L_20250514_005238.513139_rgb.jpg,7069,2912,10166,3106,10367,1,-1,off_frame,1,,,,
356,\\akc0ss-n086\NMML_Polar_Imagery_4\Surveys_IceSeals_2025\fl223\images_30deg_N68RF\left_view\ice_seals_2025_fl223_L_20250514_005245.325160_rgb.jpg,7075,5944,1479,6139,1775,1,-1,false_positive,1,,,,
357,\\akc0ss-n086\NMML_Polar_Imagery_4\Surveys_IceSeals_2025\fl223\images_30deg_N68RF\left_view\ice_seals_2025_fl223_L_20250514_005337.654834_rgb.jpg,7121,7082,7374,7282,7726,1,-1,false_positive,1,,,,
358,\\akc0ss-n086\NMML_Polar_Imagery_4\Surveys_IceSeals_2025\fl223\images_30deg_N68RF\left_view\ice_seals_2025_fl223_L_20250514_005337.654834_rgb.jpg,7121,11939,6499,12120,6698,1,-1,false_positive,1,,,,
359,\\akc0ss-n086\NMML_Polar_Imagery_4\Surveys_IceSeals_2025\fl223\images_30deg_N68RF\left_view\ice_seals_2025_fl223_L_20250514_005338.795762_rgb.jpg,7122,6080,560,6272,713,1,-1,false_positive,1,,,,
360,\\akc0ss-n086\NMML_Polar_Imagery_4\Surveys_IceSeals_2025\fl223\images_30deg_N68RF\left_view\ice_seals_2025_fl223_L_20250514_005341.078797_rgb.jpg,7124,5028,9634,5262,9861,1,-1,off_frame,1,,,,
361,\\akc0ss-n086\NMML_Polar_Imagery_4\Surveys_IceSeals_2025\fl223\images_30deg_N68RF\left_view\ice_seals_2025_fl223_L_20250514_005342.220807_rgb.jpg,7125,4729,6055,4930,6269,1,-1,false_positive,1,,,,
362,\\akc0ss-n086\NMML_Polar_Imagery_4\Surveys_IceSeals_2025\fl223\images_30deg_N68RF\left_view\ice_seals_2025_fl223_L_20250514_005343.362392_rgb.jpg,7126,12299,3051,12482,3273,1,-1,false_positive,1,,,,
363,\\akc0ss-n086\NMML_Polar_Imagery_4\Surveys_IceSeals_2025\fl223\images_30deg_N68RF\left_view\ice_seals_2025_fl223_L_20250514_005355.920631_rgb.jpg,7137,5685,5893,5873,6098,1,-1,false_positive,1,,,,
364,\\akc0ss-n086\NMML_Polar_Imagery_4\Surveys_IceSeals_2025\fl223\images_30deg_N68RF\left_view\ice_seals_2025_fl223_L_20250514_005357.064378_rgb.jpg,7138,6395,1614,6601,1877,1,-1,false_positive,1,,,,
365,\\akc0ss-n086\NMML_Polar_Imagery_4\Surveys_IceSeals_2025\fl223\images_30deg_N68RF\left_view\ice_seals_2025_fl223_L_20250514_005358.208307_rgb.jpg,7139,6451,9496,6683,9763,1,-1,off_frame,1,,,,
366,\\akc0ss-n086\NMML_Polar_Imagery_4\Surveys_IceSeals_2025\fl223\images_30deg_N68RF\left_view\ice_seals_2025_fl223_L_20250514_005411.942574_rgb.jpg,7151,5838,3328,6020,3613,1,-1,false_positive,1,,,,
367,\\akc0ss-n086\NMML_Polar_Imagery_4\Surveys_IceSeals_2025\fl223\images_30deg_N68RF\left_view\ice_seals_2025_fl223_L_20250513_225913.061676_rgb.jpg,1541,2088,1043,2124,1124,1,-1,ringed_seal,1,(trk-atr) age_class nonpup,(trk-atr) age_class_confidence positive,(trk-atr) species_confidence likely,
368,\\akc0ss-n086\NMML_Polar_Imagery_4\Surveys_IceSeals_2025\fl223\images_30deg_N68RF\left_view\ice_seals_2025_fl223_L_20250513_231142.557590_rgb.jpg,2206,3878,2721,3920,2802,1,-1,ringed_seal,1,(trk-atr) age_class nonpup,(trk-atr) age_class_confidence positive,(trk-atr) species_confidence positive,
369,\\akc0ss-n086\NMML_Polar_Imagery_4\Surveys_IceSeals_2025\fl223\images_30deg_N68RF\left_view\ice_seals_2025_fl223_L_20250513_235011.745517_rgb.jpg,4255,10590,6042,10674,6093,1,-1,ringed_seal,1,(trk-atr) age_class nonpup,(trk-atr) age_class_confidence positive,(trk-atr) species_confidence likely,
370,\\akc0ss-n086\NMML_Polar_Imagery_4\Surveys_IceSeals_2025\fl223\images_30deg_N68RF\left_view\ice_seals_2025_fl223_L_20250513_235341.102799_rgb.jpg,4390,7948,124,8025,295,1,-1,bearded_seal,1,(trk-atr) age_class nonpup,(trk-atr) age_class_confidence positive,(trk-atr) species_confidence positive,
371,\\akc0ss-n086\NMML_Polar_Imagery_4\Surveys_IceSeals_2025\fl223\images_30deg_N68RF\left_view\ice_seals_2025_fl223_L_20250514_001032.861668_rgb.jpg,5335,3466,4541,3597,4694,1,-1,polar_bear,1,(trk-atr) age_class noncub,(trk-atr) age_class_confidence positive,(trk-atr) species_confidence positive,
